# NOT AN AUTHORISATION. Added by hand (cc-126), above the header the audit
# writes, which says the opposite by default. These two manifests were cut as
# FIX-1182 experiment (2) -- to decompose FIX-1106 per source -- and NO apply is
# sanctioned against either. The apply is blocked on [[FIX-1182]] until a second
# complete emit run exists (Sun 2026-09-20). Re-cut against the current emit set
# before anything is ever applied from this slice.
# FIX-1106 emit-set residue manifest -- prod -- generated 2026-09-14T04:17:48.226Z
# cycle=2026 source=fec_bulk_indiv_to_committee run_id=84470d3b-d147-5a01-b43a-e4a4d7930890 complete_at=2026-09-14 00:23:11.584+00
# emit set 1,044,658 keys; slice 1,151,756 rows / $4,044,097,994
# DROPPED-OUT 626 recipients / 106278 rows / $536,845,833
# PARTIAL     182 recipients / 820 rows / $1,769,186
# This file is an AUTHORISATION, not a description. The apply re-checks every
# row-level fact keyed on these ids and SKIPS anything that grew since.
class	to_type	to_id	name	rows	cents	last_write	emitted_rows
DROPPED-OUT	financial_entity	f7d8338d-3b02-4540-8022-f17c4e1d8051	GROW THE MAJORITY	1231	8237847100	2026-06-28 08:18:54.949358+00	0
DROPPED-OUT	financial_entity	574dffda-28ae-4f3e-8aca-211774be231e	COOPER VICTORY FUND	8140	2299337200	2026-06-28 08:18:54.949358+00	0
DROPPED-OUT	financial_entity	22f60674-7536-4e53-9a3f-06ff5225b68e	EMMER MAJORITY BUILDERS	559	1681813200	2026-06-28 08:18:54.949358+00	0
DROPPED-OUT	financial_entity	1a02599e-aaf6-4e33-b783-bbf87b4a1f15	DEFEND OUR MAJORITY	308	1679597000	2026-06-28 08:18:54.949358+00	0
DROPPED-OUT	financial_entity	a65fef49-5119-494d-abba-8bd51abd35c5	NRSC VICTORY	57	1264572000	2026-06-28 08:18:27.701839+00	0
DROPPED-OUT	financial_entity	3b99786e-bd1b-4eae-98b2-bce215cb820a	TRUMP NATIONAL COMMITTEE JFC	9059	1203608500	2026-06-28 08:18:54.949358+00	0
DROPPED-OUT	financial_entity	91e4c3e3-c5b1-4663-a4bc-5cc83bc705e6	CORNYN LONESTAR VICTORY FUND	653	1157278300	2026-06-28 08:18:54.949358+00	0
DROPPED-OUT	financial_entity	da748e66-ccc6-4d5c-8ef9-c32daee34dce	JEFFRIES VICTORY FUND	351	1035336600	2026-06-28 08:15:08.171102+00	0
DROPPED-OUT	financial_entity	d09f0f03-ebab-455e-8062-46b1b32348e4	WHATLEY VICTORY	1303	929500500	2026-06-28 08:18:54.949358+00	0
DROPPED-OUT	financial_entity	db293524-5f02-47a6-b507-b9352f6266e6	DEMOCRATIC GRASSROOTS VICTORY FUND	405	876384000	2026-06-28 08:18:54.949358+00	0
DROPPED-OUT	financial_entity	f957de41-b017-47da-ba3a-f54d541a502a	ONE TEAM SENATE MAJORITY	130	859001700	2026-06-28 08:18:41.056626+00	0
DROPPED-OUT	financial_entity	c9a4e432-172e-414a-a385-710ad56075f7	OSSOFF VICTORY FUND	3189	779764100	2026-06-28 08:18:54.949358+00	0
DROPPED-OUT	financial_entity	b4d58fc9-0234-484b-b2ac-e945003ede7b	JOHNSON LEADERSHIP FUND	2038	724435100	2026-06-28 08:18:54.949358+00	0
DROPPED-OUT	financial_entity	372d3cff-6006-41bd-94a1-50b5d2f46be5	TEAM HUSTED	1309	710481200	2026-06-28 08:18:54.949358+00	0
DROPPED-OUT	financial_entity	9f8128bb-003a-4831-ba49-0e9a4489dcc7	CORNYN VICTORY	1776	704434300	2026-06-28 08:18:54.949358+00	0
DROPPED-OUT	financial_entity	eb5035c0-05b3-4a10-9b2a-3c60f330c58f	TORRES VICTORY FUND	1469	628806200	2026-06-28 08:18:54.949358+00	0
DROPPED-OUT	financial_entity	3a7071dd-508a-42b0-8157-38f0e8b4e5b5	BOOKER VICTORY FUND	3544	589846000	2026-06-28 08:18:41.056626+00	0
DROPPED-OUT	financial_entity	fbcd2c4f-f16a-43c1-8907-cde32c40733e	OHIO GRASSROOTS VICTORY FUND	2067	584602300	2026-06-28 08:18:54.949358+00	0
DROPPED-OUT	financial_entity	ba85bddd-68d9-49e8-b683-bc6c78151f2f	TEAM MORENO	494	558635600	2026-06-28 08:18:54.949358+00	0
DROPPED-OUT	financial_entity	d18a280f-0093-4005-9918-dd2e6587b9b7	ASHLEY MOODY VICTORY FUND	1205	523985500	2026-06-28 08:18:54.949358+00	0
DROPPED-OUT	financial_entity	de1962d0-2ffa-4ed6-b15c-aa370bae46da	MARK WARNER VICTORY FUND	1533	495550000	2026-06-28 08:18:54.949358+00	0
DROPPED-OUT	financial_entity	b424d40e-2009-4464-810d-95af83d2d79a	SCALISE LEADERSHIP FUND	529	465682800	2026-06-28 08:18:54.949358+00	0
DROPPED-OUT	financial_entity	58aca96e-9dc4-492c-a4cf-b3dfb1ff9f3f	PETE RICKETTS VICTORY FUND	332	426199400	2026-06-28 08:18:54.949358+00	0
DROPPED-OUT	financial_entity	581f1390-605d-4f14-8321-4fb76b2b8eac	GRAHAM MAJORITY FUND	1551	385074400	2026-06-28 08:18:54.949358+00	0
DROPPED-OUT	financial_entity	13c30bc5-41f5-4090-872d-fc7e3aa4e05a	COTTON MAJORITY	719	374391600	2026-06-28 08:18:54.949358+00	0
DROPPED-OUT	financial_entity	26929fb6-fdff-4dc8-8d8a-dc3eb611c1e8	KENNEDY VICTORY FUND 2024	59	360857900	2026-06-28 08:08:09.666662+00	0
DROPPED-OUT	financial_entity	bcdbd723-7b52-4dc1-99e4-22ffe21b4ab6	YOUNG VICTORY	752	351721800	2026-06-28 08:18:41.056626+00	0
DROPPED-OUT	financial_entity	03a839c7-8b15-4d31-a575-5bff60bd7313	TEAM HAGERTY VICTORY	509	348235000	2026-06-28 08:18:27.701839+00	0
DROPPED-OUT	financial_entity	bf3f8d20-1900-4f95-a83e-de108838e370	JEFFRIES BATTLEGROUND PROTECTION FUND	61	347609100	2026-06-28 08:18:41.056626+00	0
DROPPED-OUT	financial_entity	4345c9cb-bb07-4d55-9678-887cc11d5cf1	CASSIDY LEADERSHIP FUND	984	340241200	2026-06-28 08:18:41.056626+00	0
DROPPED-OUT	financial_entity	edd58a3e-b202-420f-9133-a6ea074e9eb0	FRIENDS OF ANDY BARR	456	299313500	2026-06-28 08:18:54.949358+00	0
DROPPED-OUT	financial_entity	ea8b727c-35f5-425b-843a-6927236761a9	COLLINS VICTORY	694	291205400	2026-06-28 08:18:54.949358+00	0
DROPPED-OUT	financial_entity	ddbb6e67-2d75-41cc-aae3-f5a1c38e40cf	PFLUGER VICTORY	475	286293200	2026-06-28 08:18:54.949358+00	0
DROPPED-OUT	financial_entity	5de9e53d-fdcc-4019-bd40-fad665e613ca	MAJORITY FUND	27	280330000	2026-06-28 08:15:08.171102+00	0
DROPPED-OUT	financial_entity	9ec138c0-70ff-4d9e-b461-e5e66d5da4f9	EMMER VICTORY COMMITTEE DBA REPUBLICAN CONGRESSIONAL VICTORY	1128	250577100	2026-06-28 08:18:54.949358+00	0
DROPPED-OUT	financial_entity	bac45d77-49ee-4388-9a91-dd2f1a5f7661	NANCY PELOSI VICTORY FUND	143	246831800	2026-06-28 08:16:54.886227+00	0
DROPPED-OUT	financial_entity	30627c99-1a5e-4370-9298-75408b61e02f	MARK WARNER ACTION FUND	575	244881000	2026-06-28 08:18:27.701839+00	0
DROPPED-OUT	financial_entity	7e9de487-a9b0-4eab-8d89-3319ba829d58	TEAM ROGERS	664	238270300	2026-06-28 08:18:54.949358+00	0
DROPPED-OUT	financial_entity	f53d8610-f23f-43a2-b230-82182c9e5e11	LISA MCCLAIN LEADERSHIP FUND	347	237533000	2026-06-28 08:18:54.949358+00	0
DROPPED-OUT	financial_entity	de229402-ac66-483f-801f-9e68e3470207	KATHERINE CLARK VICTORY FUND	105	226750000	2026-06-28 08:18:14.702358+00	0
DROPPED-OUT	financial_entity	e7529f5f-941d-4879-93e6-5158787a387f	TEAM MCCORMICK	495	222835400	2026-06-28 08:18:54.949358+00	0
DROPPED-OUT	financial_entity	c23fc7b6-0828-4613-865b-1661db38b37f	SULLIVAN VICTORY	638	217097600	2026-06-28 08:18:41.056626+00	0
DROPPED-OUT	financial_entity	1ba7fd21-766b-4899-86e3-14f3a6e534af	SMITH VICTORY	189	215760800	2026-06-28 08:18:14.702358+00	0
DROPPED-OUT	financial_entity	dd769361-942a-4d3d-b95a-d69ffbedbe37	RUDY VICTORY FUND	282	208289500	2026-06-28 08:18:54.949358+00	0
DROPPED-OUT	financial_entity	bdaf99ac-0921-444c-b595-a8d6b2b3c0d8	LETLOW VICTORY FUND	380	207968700	2026-06-28 08:18:54.949358+00	0
DROPPED-OUT	financial_entity	59a8b98d-3a6f-4e15-8ef6-0d36488d583e	CAMPAIGN FOR DEMOCRACY	2044	201969800	2026-06-28 08:18:54.949358+00	0
DROPPED-OUT	financial_entity	5c151f3f-98bf-4d4d-aaa4-34fa8ef10044	TEAM HILL	427	200325700	2026-06-28 08:18:41.056626+00	0
DROPPED-OUT	financial_entity	7bad4b91-34b7-4cc3-a5f2-fdf2c9d1b96a	LAWLER VICTORY FUND	482	194141600	2026-06-28 08:18:54.949358+00	0
DROPPED-OUT	financial_entity	179ef325-2df4-4e12-8eaf-e854748e106d	TED CRUZ VICTORY FUND	391	191165000	2026-06-28 08:18:54.949358+00	0
DROPPED-OUT	financial_entity	8da37733-ef2f-4f25-9676-8f017614ad68	TEAM RONNY	314	186911300	2026-06-28 08:18:27.701839+00	0
DROPPED-OUT	financial_entity	be32d86d-5afc-48bc-b0d4-e4a8cb00dd97	FRIENDS OF KENNEDY	66	175905000	2026-06-28 08:18:41.056626+00	0
DROPPED-OUT	financial_entity	3f51ca66-4913-478b-ae8a-f0b029f2080b	KATIE HOBBS VICTORY FUND	694	175839900	2026-06-28 08:18:54.949358+00	0
DROPPED-OUT	financial_entity	122c4016-7023-4b49-a6ba-e5391ac1ba5d	MGP VICTORY FUND	1067	174380900	2026-06-28 08:18:54.949358+00	0
DROPPED-OUT	financial_entity	c257dfc3-7d8a-47ad-9b89-44b064966001	DELBENE DEMOCRATIC MAJORITY FUND	59	172920000	2026-06-28 08:16:54.886227+00	0
DROPPED-OUT	financial_entity	c094afda-314a-48c6-babb-2c4a33c8bc0a	MARKEY VICTORY FUND	865	169544500	2026-06-28 08:18:54.949358+00	0
DROPPED-OUT	financial_entity	7561b389-6e20-4183-94d1-c9b35bf862a9	DAINES SENATE MAJORITY FUND	599	169134100	2026-06-28 08:18:41.056626+00	0
DROPPED-OUT	financial_entity	63851140-abf8-4181-befc-a2e9922252ea	GOP WINNING WOMEN 2026	79	167495200	2026-06-28 08:16:28.112071+00	0
DROPPED-OUT	financial_entity	33ca3eda-10be-44ce-a295-52945305b503	HOLD THE SENATE	191	166414700	2026-06-28 08:18:14.702358+00	0
DROPPED-OUT	financial_entity	b133e13a-19f6-4df6-92fa-25f89407a3c5	CALVERT VICTORY FUND	439	165729800	2026-06-28 08:18:54.949358+00	0
DROPPED-OUT	financial_entity	806bb48c-d098-438c-a5d3-11ca5b7b9c2b	CLAUDIA TENNEY FOR CONGRESS VICTORY FUND	117	162680000	2026-06-28 08:18:54.949358+00	0
DROPPED-OUT	financial_entity	781b77a1-0cf5-4742-b56c-d575f36fac64	LICCARDO VICTORY FUND	326	160770000	2026-06-28 08:18:41.056626+00	0
DROPPED-OUT	financial_entity	5dad98b6-ed26-4ebc-98c2-47ce07fd415f	TONY GONZALES VICTORY FUND	420	156475000	2026-06-28 08:18:54.949358+00	0
DROPPED-OUT	financial_entity	231b38b6-8552-4d93-8a66-f02a37e2f265	TEAM HUDSON	244	153742300	2026-06-28 08:18:27.701839+00	0
DROPPED-OUT	financial_entity	380e157a-7a5e-4fb0-9118-f1efa344667d	TEAM JORDAN	401	153515300	2026-06-28 08:18:54.949358+00	0
DROPPED-OUT	financial_entity	b9e18878-2b04-48b5-91a4-74ddd8b5c6d7	STEIL VICTORY FUND	367	152508700	2026-06-28 08:18:54.949358+00	0
DROPPED-OUT	financial_entity	00119922-89bd-48cc-aa97-458d229af120	BOLD ERA JFC	165	151950200	2026-06-28 08:18:54.949358+00	0
DROPPED-OUT	financial_entity	e9640c23-12bb-4290-9acb-168cdd2b539c	DUSTY JOHNSON VICTORY	175	150820000	2026-06-28 08:14:55.096982+00	0
DROPPED-OUT	financial_entity	c0207afd-53ed-44d2-883c-c1a8ab94d32b	WESLEY HUNT VICTORY FUND	419	150257300	2026-06-28 08:18:54.949358+00	0
DROPPED-OUT	financial_entity	cccdcedd-c80d-43c3-8c88-0c5a91e0be74	WINNING FOR AMERICA FUND	266	149061200	2026-06-28 08:18:54.949358+00	0
DROPPED-OUT	financial_entity	ae1630a9-2252-4a6e-aba1-8eadb7f12e0c	MAST VICTORY	236	148270000	2026-06-28 08:18:27.701839+00	0
DROPPED-OUT	financial_entity	b2a8395d-a261-4ef3-bb56-a731264687b9	COLLINS VICTORY FUND	420	145622700	2026-06-28 08:18:54.949358+00	0
DROPPED-OUT	financial_entity	4faba3ab-ca3d-4466-a418-c2f9d25d1d3e	TEAM SCALISE	1609	144315100	2026-06-28 08:18:54.949358+00	0
DROPPED-OUT	financial_entity	72f6b4e6-c261-4eaa-bcd0-8a836e7f05b1	ROGER FOR CONGRESS VICTORY FUND	282	142845000	2026-06-28 08:16:15.211054+00	0
DROPPED-OUT	financial_entity	39160ffe-1b26-4e0b-a45b-3418501f4407	CRAPO VICTORY	293	141715900	2026-06-28 08:18:54.949358+00	0
DROPPED-OUT	financial_entity	5f6939ce-e975-4545-86f7-e53c6f602685	JOSH HAWLEY VICTORY	1120	140964900	2026-06-28 08:18:54.949358+00	0
DROPPED-OUT	financial_entity	5fc81f64-55af-475e-a3b1-6cf2f090329a	TEAM MORRISEY	451	139791800	2026-06-28 08:18:54.949358+00	0
DROPPED-OUT	financial_entity	699c68fd-1917-4433-9138-e0627f071096	ASHLEY HINSON VICTORY	386	134562300	2026-06-28 08:18:41.056626+00	0
DROPPED-OUT	financial_entity	f2598f6b-b475-4dc3-b9b0-8aab387f4595	TRUMP SAVE AMERICA JOINT FUNDRAISING	690	134345700	2026-06-28 08:18:54.949358+00	0
DROPPED-OUT	financial_entity	502ac866-4da7-4215-ae57-352f0bc45e9f	SALAZAR VICTORY	214	132582100	2026-06-28 08:18:41.056626+00	0
DROPPED-OUT	financial_entity	40423a6e-6364-4318-8eb6-0571604a13e6	TRUMP GRAHAM MAJORITY FUND	14	130410000	2026-06-28 08:18:27.701839+00	0
DROPPED-OUT	financial_entity	95ab7b03-52ec-4040-abaf-053d875bf5f4	ARRINGTON VICTORY	326	128315100	2026-06-28 08:14:15.352181+00	0
DROPPED-OUT	financial_entity	65e8ab03-471a-4d6a-9030-b1936a4a7eb1	MULLIN VICTORY FUND	452	128273600	2026-06-28 08:18:54.949358+00	0
DROPPED-OUT	financial_entity	9795f0a7-ecb2-4c87-a6d3-ae42624e8834	ELISE VICTORY FUND	297	128168300	2026-06-28 08:18:00.933651+00	0
DROPPED-OUT	financial_entity	5cc9d613-ab07-4bc7-a7b3-4ed83e33f1f3	KATHERINE CLARK MAJORITY FUND	329	120220000	2026-06-28 08:18:41.056626+00	0
DROPPED-OUT	financial_entity	8434b242-052a-4189-bb26-974758354b0a	BLACKBURN TENNESSEE VICTORY FUND	625	118881500	2026-06-28 08:18:41.056626+00	0
DROPPED-OUT	financial_entity	873cecb3-ac75-4083-9467-74ea6d74726c	NEW YORK MAJORITY FUND	212	118791000	2026-06-28 08:16:54.886227+00	0
DROPPED-OUT	financial_entity	93b84fd0-b557-441d-b454-6df6b9126284	CAREY VICTORY FUND	209	117629800	2026-06-28 08:18:41.056626+00	0
DROPPED-OUT	financial_entity	5d87f1b7-d4e5-4674-b75e-035e153d9263	HARRIS VICTORY FUND	598	117473600	2026-06-28 08:16:15.211054+00	0
DROPPED-OUT	financial_entity	e7ae752b-021b-4d28-aee6-07375105d6db	TEAM SUNUNU	182	116562000	2026-06-28 08:18:54.949358+00	0
DROPPED-OUT	financial_entity	28af356d-a1ac-47c5-b26e-0be87aefc7fa	BETH VICTORY FUND	270	111170000	2026-06-28 08:18:54.949358+00	0
DROPPED-OUT	financial_entity	0a97b417-9e6e-4e83-adbd-3874c0a8db4e	LAUREL LEE VICTORY FUND	227	110855000	2026-06-28 08:18:41.056626+00	0
DROPPED-OUT	financial_entity	15672c03-ceaa-449d-be0f-fd7d6654855f	WITTMAN VICTORY	233	109991800	2026-06-28 08:18:54.949358+00	0
DROPPED-OUT	financial_entity	49ce8c40-d986-42cf-a623-c1319e25fd7d	ISSA VICTORY FUND	181	108832500	2026-06-28 08:18:54.949358+00	0
DROPPED-OUT	financial_entity	c3cf489a-e09d-4110-a923-b336e39fa786	CISCOMANI VICTORY FUND	263	107512900	2026-06-28 08:18:54.949358+00	0
DROPPED-OUT	financial_entity	ebefce5a-6819-4a11-9dd4-e370fe18c445	HICKENLOOPER VICTORY FUND	418	106666000	2026-06-28 08:18:54.949358+00	0
DROPPED-OUT	financial_entity	fc9ed732-f1b1-46e3-a74c-9eb20339e5c4	UPHOLD THE SENATE	60	105503000	2026-06-28 08:14:41.891555+00	0
DROPPED-OUT	financial_entity	1dfe4610-f71a-4a9a-a52c-a109d5330c60	INDIANA VICTORY	236	103920600	2026-06-28 08:18:41.056626+00	0
DROPPED-OUT	financial_entity	8935dff7-ec82-4f96-9a43-5237ffb7a1e2	DEMOCRACY SUMMER 2026	267	101862500	2026-06-28 08:15:08.171102+00	0
DROPPED-OUT	financial_entity	e886ce19-e277-47dd-b361-aaf36114fae5	RESCHENTHALER VICTORY FUND	136	101295000	2026-06-28 08:18:54.949358+00	0
DROPPED-OUT	financial_entity	75d3e8d1-060c-4f67-9f37-4aff06605a3c	THE BERGMAN VICTORY	197	100007000	2026-06-28 08:18:41.056626+00	0
DROPPED-OUT	financial_entity	20ef8692-2450-4bb7-a938-b00f5a481197	TEAM FITZ	430	99681600	2026-06-28 08:18:27.701839+00	0
DROPPED-OUT	financial_entity	8b74dca6-3dad-4fa5-b914-d4ec20713acb	TEAM JOYCE FOR PENNSYLVANIA	170	97178400	2026-06-28 08:18:27.701839+00	0
DROPPED-OUT	financial_entity	2c1d717e-e99b-4313-b1a4-152982838f6c	ELISE NY VICTORY	215	95961800	2026-06-28 08:18:00.933651+00	0
DROPPED-OUT	financial_entity	628f91d2-b9b7-47e8-952c-0d750b3d460f	BRANDON GILL VICTORY FUND	162	95656800	2026-06-21 08:35:27.198202+00	0
DROPPED-OUT	financial_entity	56b2b1a8-f275-4395-95a2-286277e8ea1d	SCHIFF VICTORY FUND	88	95625000	2026-06-28 08:18:54.949358+00	0
DROPPED-OUT	financial_entity	da9630bc-c359-4c68-b037-50c0b09056c2	AMERICAN BATTLEGROUND FUND	22	95530000	2026-06-28 08:18:54.949358+00	0
DROPPED-OUT	financial_entity	60a1db79-f3e4-440a-846c-92f52278a956	SCOTT BROWN VICTORY	405	95271600	2026-06-28 08:18:54.949358+00	0
DROPPED-OUT	financial_entity	eb36c058-7edc-4a0f-8d94-21cab56d3929	SECURE THE US SENATE 2026	31	94884100	2026-06-28 08:12:24.097929+00	0
DROPPED-OUT	financial_entity	d7be4e63-ecb7-4487-95f6-69b63e14359e	MCCORMICK VICTORY FUND	296	94630400	2026-06-28 08:18:54.949358+00	0
DROPPED-OUT	financial_entity	d9e22fe8-3f66-44cf-a914-2c6bb9b9737e	TEAM NUNN	315	94391600	2026-06-28 08:18:54.949358+00	0
DROPPED-OUT	financial_entity	1b70e6b5-fb18-48df-a06a-f694d97cac51	TEAM LAHOOD	467	92242100	2026-06-28 08:18:27.701839+00	0
DROPPED-OUT	financial_entity	c7d621ab-4c46-4df4-a544-e4b75cd9f6eb	DAN CRENSHAW VICTORY	107	91942600	2026-06-28 08:18:54.949358+00	0
DROPPED-OUT	financial_entity	bc23ca54-1e1b-422f-b750-6bb9d950a441	GOLDMAN VICTORY FUND	339	91630400	2026-06-28 08:18:27.701839+00	0
DROPPED-OUT	financial_entity	51f12236-543a-415f-9eb1-8d0c87bb75a7	LUJAN VICTORY FUND	501	91487800	2026-06-28 08:18:54.949358+00	0
DROPPED-OUT	financial_entity	f562609f-1458-43d4-8a53-fade97a9bd4f	AGUILAR LEADERSHIP FUND	214	91200000	2026-06-28 08:16:54.886227+00	0
DROPPED-OUT	financial_entity	e1bf7564-f869-429d-aefb-7413e50842b0	MAX MILLER VICTORY	246	90567900	2026-06-28 08:18:54.949358+00	0
DROPPED-OUT	financial_entity	7eff6811-6222-4749-bdc3-fbe00b5a6af3	TEAM MARSHALL II	175	88475200	2026-06-28 08:18:41.056626+00	0
DROPPED-OUT	financial_entity	f6cbe772-5a7e-4c55-898c-dee8da9e392a	BRITT SENATE VICTORY	96	88157900	2026-06-28 08:11:03.688169+00	0
DROPPED-OUT	financial_entity	87fa5b1f-aa72-40e5-a445-c7406480a59c	AMERICAN VICTORY FUND	80	86975000	2026-06-28 08:16:54.886227+00	0
DROPPED-OUT	financial_entity	78b391e2-c6c1-4a5a-b968-765a910aaf81	FISH FAMILY FREEDOM FUND	343	84203300	2026-06-21 08:31:15.854833+00	0
DROPPED-OUT	financial_entity	5ac599f7-25aa-4d5e-9dcb-0fd665532e14	TEAM BRAUN	99	84100000	2026-06-28 08:18:41.056626+00	0
DROPPED-OUT	financial_entity	1469e58e-67b8-4943-b950-27d842531058	THE LIFTOFF FUND	113	84015500	2026-06-28 08:18:14.702358+00	0
DROPPED-OUT	financial_entity	2e0657a4-21b1-4604-838f-804db85f5d4d	TEAM BRIAN JACK	115	82630000	2026-06-28 08:18:41.056626+00	0
DROPPED-OUT	financial_entity	47c37b00-d32f-4908-9ba3-7e883fcdbdbc	SMUCKER VICTORY	141	82591400	2026-06-28 08:18:14.702358+00	0
DROPPED-OUT	financial_entity	0377e157-be64-4bf9-ac94-1ad4db22f4ff	SHEEHY VICTORY	126	82247400	2026-06-28 08:16:54.886227+00	0
DROPPED-OUT	financial_entity	ed078083-1933-4500-8cd8-c20fdc334567	HIGGINS VICTORY	158	82223100	2026-06-28 08:18:54.949358+00	0
DROPPED-OUT	financial_entity	7355167b-6361-461a-8a81-8e87564957de	VAN ORDEN VICTORY FUND	229	79565000	2026-06-28 08:18:54.949358+00	0
DROPPED-OUT	financial_entity	f79dd26d-829a-4342-8b4b-5dbaed4d5a66	TIM SCOTT VICTORY FUND	57	78295000	2026-06-28 08:18:14.702358+00	0
DROPPED-OUT	financial_entity	e694b430-50a9-4780-8950-22c74738a553	FONG VICTORY FUND	32	76473000	2026-06-28 08:18:27.701839+00	0
DROPPED-OUT	financial_entity	40f9959c-12be-45cf-b1b0-7d8dbd56bc11	TEAM RICK SCOTT	309	75985000	2026-06-28 08:18:54.949358+00	0
DROPPED-OUT	financial_entity	4089c10d-d5d4-48a0-9c48-8c856f94e9f9	MIKE FLOOD VICTORY FUND	22	74426600	2026-06-28 08:18:41.056626+00	0
DROPPED-OUT	financial_entity	93a86806-d043-48ff-ab11-102e10ca7446	HERN VICTORY FUND	157	72948500	2026-06-28 08:18:41.056626+00	0
DROPPED-OUT	financial_entity	0db2e0d5-4391-4301-99c5-3cf40e3b2ffa	KIM VICTORY FUND	249	72735600	2026-06-28 08:18:54.949358+00	0
DROPPED-OUT	financial_entity	4ac724d0-0728-4287-8e0b-61bdb540c8dc	ADELANTE FUND	276	72569300	2026-06-28 08:18:54.949358+00	0
DROPPED-OUT	financial_entity	64de7cff-97b1-44a0-ba2e-46e1990f179e	THUNE VICTORY	148	72475100	2026-06-28 08:18:14.702358+00	0
DROPPED-OUT	financial_entity	ec1e2008-8297-4205-a91a-609e5cfb56de	GALLEGO VICTORY FUND	218	71539500	2026-06-28 08:18:54.949358+00	0
DROPPED-OUT	financial_entity	f81bde88-59a5-4390-8f70-3a5b5446764d	TEAM ELISE	533	70241600	2026-06-28 08:18:00.933651+00	0
DROPPED-OUT	financial_entity	517934be-a736-4d6a-afb1-a0e5b3fb77ed	JUDGE CARTER VICTORY FUND	107	70207500	2026-06-28 08:10:50.311826+00	0
DROPPED-OUT	financial_entity	74833421-c656-4845-b5e6-86c6cf66caf1	TED BUDD MAJORITY COMMITTEE 2028	69	68092100	2026-06-28 08:16:54.886227+00	0
DROPPED-OUT	financial_entity	22dad09f-81fa-4621-afea-5fbf63098587	GOODEN VICTORY FUND	54	67570000	2026-06-28 08:18:14.702358+00	0
DROPPED-OUT	financial_entity	a2272fc3-0280-4e7e-b773-4fb20ecf29d1	GILLIBRAND VICTORY FUND	188	67345000	2026-06-28 08:18:14.702358+00	0
DROPPED-OUT	financial_entity	54fa6a68-6d91-4b3b-8c06-4c46e4d819eb	MANN VICTORY FUND	121	67079900	2026-06-28 08:18:41.056626+00	0
DROPPED-OUT	financial_entity	28c75dbe-8663-4036-acea-3eb4231260ff	TEAM KATIE	150	66921300	2026-06-28 08:18:54.949358+00	0
DROPPED-OUT	financial_entity	84ada5ef-bfaa-4b82-ac3f-7643633fbdcc	KAINE FOR COMMON GROUND	155	66365000	2026-06-28 08:15:48.494428+00	0
DROPPED-OUT	financial_entity	0b7e1df9-82ae-4032-8932-8f21942e1761	DAN GOLDMAN VICTORY FUND	91	65460000	2026-06-28 08:18:14.702358+00	0
DROPPED-OUT	financial_entity	8b8a6ba5-a49c-4ccd-b7ce-015ab4a4f217	TEAM BUDDY	230	65169000	2026-06-28 08:18:54.949358+00	0
DROPPED-OUT	financial_entity	72a15d82-af2e-4b5a-b84a-a5e8c7f077a6	MURPHY MOBILIZATION FUND	961	64885500	2026-06-28 08:18:54.949358+00	0
DROPPED-OUT	financial_entity	89125639-072d-44e2-a3c1-74dfa770679d	TILLIS MAJORITY	82	64445000	2026-06-28 08:11:03.688169+00	0
DROPPED-OUT	financial_entity	e7aec946-be5a-4834-aafd-c0928b59ffd2	WESTERMAN VICTORY FUND	237	64358000	2026-06-28 08:18:54.949358+00	0
DROPPED-OUT	financial_entity	2e04c5bf-3bf7-4126-9f4b-594ae3608cee	FALLON VICTORY FUND	53	64070000	2026-06-28 08:18:54.949358+00	0
DROPPED-OUT	financial_entity	83e8615e-f70e-409f-a7d6-c396efe97058	TILLIS AND COLLEAGUES VICTORY	9	63820000	2026-06-28 08:11:31.31344+00	0
DROPPED-OUT	financial_entity	596bbb29-c7f6-4ad0-b42c-b5b6d4a4489b	BRANDON HERRERA VICTORY	1045	61357900	2026-06-28 08:18:27.701839+00	0
DROPPED-OUT	financial_entity	18dcad6a-c1dc-44cb-8f99-9f42aba4d8de	TEAM EMMER	338	61301400	2026-06-28 08:18:54.949358+00	0
DROPPED-OUT	financial_entity	6bb9661e-968b-4d59-902b-a46430035598	TEAM MURPHY	96	60750000	2026-06-28 08:14:28.278439+00	0
DROPPED-OUT	financial_entity	390de230-fb63-4204-a409-e59a713da5a5	TEAM ESTES	101	59775200	2026-06-28 08:18:54.949358+00	0
DROPPED-OUT	financial_entity	946bdb25-4167-47d6-994f-5173c5af2187	FRIENDS OF LIZZIE FLETCHER	242	59704800	2026-06-28 08:18:27.701839+00	0
DROPPED-OUT	financial_entity	5a948b4d-2f93-41cf-9571-86805f6b7869	JFW FUND	183	59450000	2026-06-28 08:18:54.949358+00	0
DROPPED-OUT	financial_entity	e26bccf6-52bc-45f3-b9f1-6162e366573f	KEEP THE SENATE	45	58734800	2026-06-28 08:13:20.128946+00	0
DROPPED-OUT	financial_entity	d229375f-dc1d-490d-8402-4d956c951b93	LA VICTORY	21	57648800	2026-06-28 08:16:15.211054+00	0
DROPPED-OUT	financial_entity	97142dfe-a9d6-418d-a1a3-9927395636b9	CAREY LAHOOD FITZPATRICK MALLIOTAKIS CLFM VICTORY FUND	60	56615000	2026-06-28 08:10:22.094862+00	0
DROPPED-OUT	financial_entity	b5da23cb-3988-4767-be01-bdda5277157e	BICE VICTORY	190	56446400	2026-06-21 08:34:17.10854+00	0
DROPPED-OUT	financial_entity	ff585471-0d78-4a6a-8dfc-8deb1ac9ef91	THE KLOBUCHAR VICTORY	203	56135000	2026-06-28 08:18:41.056626+00	0
DROPPED-OUT	financial_entity	6c6cf03a-2665-4ab4-8eac-3fd021b2ce50	PATRIOT PAC FUND	178	56075000	2026-06-28 08:18:41.056626+00	0
DROPPED-OUT	financial_entity	6f2df245-2c0c-422d-9b2a-57b9ae680bae	GUTHRIE VICTORY FUND	94	55832600	2026-06-28 08:16:54.886227+00	0
DROPPED-OUT	financial_entity	3a3a171e-722e-4aef-a2b6-f0709f003abd	FRIENDS OF STATE DEMOCRATIC PARTIES	2	55000000	2026-06-28 08:16:15.211054+00	0
DROPPED-OUT	financial_entity	9c2279f9-6ddf-475c-981c-261f952e7630	APL VICTORY FUND	204	53602500	2026-06-28 08:16:41.024563+00	0
DROPPED-OUT	financial_entity	52765aba-d828-4ff0-8084-4c1b01788a44	BANKS VICTORY FUND	105	53450700	2026-06-28 08:18:54.949358+00	0
DROPPED-OUT	financial_entity	7f7e1967-3285-44f8-9eb5-254ec6570431	GARBARINO VICTORY FUND	237	53345800	2026-06-28 08:18:54.949358+00	0
DROPPED-OUT	financial_entity	a5b7628a-0f71-4c6b-8214-16b498c2b783	MESSMER VICTORY FUND	246	53295700	2026-06-28 08:18:41.056626+00	0
DROPPED-OUT	financial_entity	f6a18542-d8c5-4dbe-81e1-899d54ee0903	MAINE SENATE VICTORY 2026	29	52789900	2026-06-28 08:18:27.701839+00	0
DROPPED-OUT	financial_entity	1c57793f-367d-4624-a7ea-bd0f16a3d6da	KEN PAXTON VICTORY FUND	47	52500000	2026-06-28 08:16:54.886227+00	0
DROPPED-OUT	financial_entity	6353a015-f8a3-4d2f-9cb5-79020dcf46f4	MORGAN MURPHY VICTORY FUND	73	52083300	2026-06-28 08:18:54.949358+00	0
DROPPED-OUT	financial_entity	8324c91e-6198-46ce-8637-aa8d78fe25b0	HOUCHIN VICTORY FUND	211	51928100	2026-06-28 08:18:54.949358+00	0
DROPPED-OUT	financial_entity	77c5b39e-50ee-4ded-a93b-53ba019538ab	STRENGTHEN OUR MAJORITY	30	51877200	2026-06-21 08:15:13.149013+00	0
DROPPED-OUT	financial_entity	7793570a-2f2e-4ada-80d2-f110bf9f223f	EVANS VICTORY	166	51164700	2026-06-28 08:18:00.933651+00	0
DROPPED-OUT	financial_entity	97adf633-2db9-4323-bf34-df2ca41f9e51	DAN GOLDMAN NEW YORK VICTORY	65	50920000	2026-06-21 08:31:15.854833+00	0
DROPPED-OUT	financial_entity	017446b8-09c2-46d9-bf69-310bf6f15e20	BABIN VICTORY FUND	297	50323100	2026-06-28 08:18:27.701839+00	0
DROPPED-OUT	financial_entity	7bcb2132-bd96-41d0-a05d-c63529fc8010	DUCKWORTH VICTORY FUND	200	50219900	2026-06-28 08:18:14.702358+00	0
DROPPED-OUT	financial_entity	2c112b55-1aba-4eea-894a-c6304be33409	THE GUARDIAN FUND	713	50064700	2026-06-28 08:18:54.949358+00	0
DROPPED-OUT	financial_entity	9b439bf9-ceb6-4b4d-9ee2-c2838fd77355	NORTHEAST SENATE VICTORY	46	49694600	2026-06-28 08:11:31.31344+00	0
DROPPED-OUT	financial_entity	a5bba191-e0e7-4c78-a14c-b386ed7d52e0	MIKE ROGERS VICTORY	23	49530000	2026-06-28 08:16:54.886227+00	0
DROPPED-OUT	financial_entity	417d19a5-3ff0-4832-b222-1127381e1807	TED LIEU VICTORY FUND	240	49265200	2026-06-28 08:17:09.45722+00	0
DROPPED-OUT	financial_entity	089c25ab-7089-482e-befb-e7ed9aed3122	MEEKS VICTORY	231	48904200	2026-06-28 08:18:54.949358+00	0
DROPPED-OUT	financial_entity	a8868b09-4167-4606-a9ef-2969319b2f63	TEAM FRY	96	48880000	2026-06-21 08:22:59.294067+00	0
DROPPED-OUT	financial_entity	5f68dd2c-d38c-4328-b2d0-3b3b9724bfd9	TEAM RILEY	148	47942600	2026-06-28 08:16:41.024563+00	0
DROPPED-OUT	financial_entity	9d232630-a970-498f-abb3-164c35fce2a0	PUT ALASKA FIRST	7	46200000	2026-06-28 08:16:54.886227+00	0
DROPPED-OUT	financial_entity	aac3c1c2-926b-4eed-8dc7-924f65063446	TEAM RAND	93	45933100	2026-06-28 08:18:54.949358+00	0
DROPPED-OUT	financial_entity	8fead4a5-82fb-4214-977d-4916d5f5c46e	CLARK FRONTLINE VICTORY FUND	38	45919600	2026-06-21 08:31:30.763715+00	0
DROPPED-OUT	financial_entity	3efbf09c-0c61-4aa5-af5a-39343256f2be	STUTZMAN VICTORY	43	45750000	2026-06-28 08:18:14.702358+00	0
DROPPED-OUT	financial_entity	b333dc0d-e743-4a39-825e-41f467f06fe5	HARIDOPOLOS VICTORY FUND	22	45525000	2026-06-28 08:16:41.024563+00	0
DROPPED-OUT	financial_entity	265d118a-96a6-4d25-a6bf-8250dd1f0edf	KEAN VICTORY FUND	101	45430000	2026-06-28 08:18:14.702358+00	0
DROPPED-OUT	financial_entity	82be22ae-fada-4623-bf6c-fd53f288f2c5	COLORADO CONSERVATIVE VICTORY FUND	88	45325300	2026-06-28 08:18:54.949358+00	0
DROPPED-OUT	financial_entity	0e39bf49-94e8-46c1-a947-70ccaa994065	STEVENS FOR MICHIGAN VICTORY FUND	69	45305000	2026-06-28 08:18:14.702358+00	0
DROPPED-OUT	financial_entity	1ac655c0-f5d5-4006-b662-d2aaff52017c	BARRETT BRIGADE VICTORY FUND	208	44592800	2026-06-28 08:18:41.056626+00	0
DROPPED-OUT	financial_entity	7cf5b3c2-f334-425c-b5de-964596901a06	PAT HARRIGAN VICTORY	23	44250000	2026-06-28 08:18:27.701839+00	0
DROPPED-OUT	financial_entity	1c02b54b-8242-43a3-ad22-d3223ffbfe21	ALSOBROOKS VICTORY FUND	339	44133200	2026-06-28 08:18:41.056626+00	0
DROPPED-OUT	financial_entity	2ef4299a-6913-473f-8c53-154477f862e7	HISPANIC LEADERSHIP TRUST PARTNERSHIP	59	44000000	2026-06-28 08:12:41.322268+00	0
DROPPED-OUT	financial_entity	4309944f-15c5-4ab0-bdd7-fad6a46952d5	SARA JACOBS HOUSE VICTORY FUND	30	43685000	2026-06-28 08:16:02.08744+00	0
DROPPED-OUT	financial_entity	be621e24-e80e-4d4e-b9bf-3552098fd9e3	HYDE SMITH VICTORY	87	42800000	2026-06-28 08:18:41.056626+00	0
DROPPED-OUT	financial_entity	c94b4ef3-5f32-4aa3-981a-55effbf31cd0	FEDORCHAK VICTORY	182	42364100	2026-06-28 08:18:54.949358+00	0
DROPPED-OUT	financial_entity	3f43c29b-b5eb-449f-8e33-bf40f8f14d32	TEAM SHEAHAN	57	42313200	2026-06-21 08:31:30.763715+00	0
DROPPED-OUT	financial_entity	2c9576cc-7564-4d5d-a901-add3c525ad40	TEAM LINDSTROM	39	42063300	2026-06-28 08:18:54.949358+00	0
DROPPED-OUT	financial_entity	e0fcef8c-18f5-49a6-b5a8-7fad7b8dac30	LANGWORTHY CONGRESSIONAL VICTORY	98	41166100	2026-06-28 08:18:54.949358+00	0
DROPPED-OUT	financial_entity	74afba1a-7cf9-4dfb-bd3f-23263b222b7d	INVEST IN AMERICA 2026	17	40552500	2026-06-28 08:11:31.31344+00	0
DROPPED-OUT	financial_entity	5933f6e1-345d-452a-97a5-1c1694ca1f56	FIRST STATE VICTORY FUND 2026	133	40250000	2026-06-28 08:16:54.886227+00	0
DROPPED-OUT	financial_entity	4bfaff8d-7866-4d8e-aa4d-bb009b4736f3	MORAN VICTORY FUND	114	39960000	2026-06-28 08:18:14.702358+00	0
DROPPED-OUT	financial_entity	411e9d8a-e7c4-4372-bcca-a0df819e3304	LALOTA VICTORY FUND	85	39750000	2026-06-28 08:16:28.112071+00	0
DROPPED-OUT	financial_entity	9375d98a-9718-4b25-8ae4-fff0eaf95309	GILLIBRAND SENATE FUND	68	39200000	2026-06-28 08:16:54.886227+00	0
DROPPED-OUT	financial_entity	2accbe33-e0bf-484b-9013-d4d6bba90fd0	KEEP THE SENATE RED 2026	31	38984500	2026-06-21 08:15:56.789762+00	0
DROPPED-OUT	financial_entity	8c17ee38-3fca-410f-b726-b19f9ef2db09	OSSOFF SCHIFF VICTORY FUND	141	38698100	2026-06-28 08:18:00.933651+00	0
DROPPED-OUT	financial_entity	80590b51-59c9-4b50-9f2d-7e0e8299970c	HOUSE GOP BATTLEGROUND FUND	217	38613400	2026-06-28 08:18:14.702358+00	0
DROPPED-OUT	financial_entity	436a77ee-2105-433d-9257-c9fcc29abeee	TEAM FINE	52	38259700	2026-06-28 08:16:54.886227+00	0
DROPPED-OUT	financial_entity	fd2fbf16-61d9-45c0-a5dc-2f126bcd9bc7	HAGEMAN VICTORY FUND	101	37335300	2026-06-28 08:18:41.056626+00	0
DROPPED-OUT	financial_entity	9610a60a-f31e-4dca-9a10-e1d17a22b2e4	MARK KELLY VICTORY FUND	280	37286700	2026-06-28 08:18:54.949358+00	0
DROPPED-OUT	financial_entity	ee06b54c-9608-4b74-99db-f51b62d8662b	CHIP ROY VICTORY FUND	83	37028900	2026-06-28 08:13:47.364847+00	0
DROPPED-OUT	financial_entity	98c3fa0f-d71e-4c01-9c5a-f12b39d719d6	TEAM ROB	169	36821600	2026-06-28 08:18:54.949358+00	0
DROPPED-OUT	financial_entity	fa061cf2-4ead-48d6-8cf8-198cad74349c	NORTH CAROLINA AND MICHIGAN SENATE FUND	30	36600000	2026-06-28 08:18:14.702358+00	0
DROPPED-OUT	financial_entity	dde85f2d-0f7c-4f1b-a2dd-d9288974fa6b	TEAM JONI	52	36190000	2026-06-28 08:16:41.024563+00	0
DROPPED-OUT	financial_entity	643201a0-37c4-4308-b1dc-87f04f6c9840	TEAM CURTIS JOINT FUNDRAISING	38	36175000	2026-06-28 08:18:14.702358+00	0
DROPPED-OUT	financial_entity	b794e041-2692-4ca5-a421-7a63f01dde2a	MTG VICTORY FUND	10	36100000	2026-06-28 08:14:41.891555+00	0
DROPPED-OUT	financial_entity	eeaf871d-6869-42d1-b0b4-df2ce9e4407e	MALLIOTAKIS VICTORY	59	35981100	2026-06-28 08:16:02.08744+00	0
DROPPED-OUT	financial_entity	b43b78ec-4420-4700-894b-1a44e5bdc5f9	ARTICLE ONE VICTORY	1	34510000	2026-06-28 08:18:41.056626+00	0
DROPPED-OUT	financial_entity	0edab853-a9e6-4698-ba9e-964c1af5a04f	ALFORD VICTORY	39	34461300	2026-06-28 08:18:27.701839+00	0
DROPPED-OUT	financial_entity	866e778e-803d-400c-826f-8297d7e3666b	DEM RISING 2026	87	34427300	2026-06-28 08:18:14.702358+00	0
DROPPED-OUT	financial_entity	d19a096f-de5b-478c-b344-2cecf12f9e73	TEAM MONIQUE	85	34425000	2026-06-28 08:18:54.949358+00	0
DROPPED-OUT	financial_entity	78469c0d-f7b0-4033-9ba2-3ad01d198e5d	MONDAY MEETING	16	34150000	2026-06-21 08:33:50.304843+00	0
DROPPED-OUT	financial_entity	4deeea7c-aaed-4e0f-a022-a58ecbecd8cb	SUSAN COLLINS FOR MAINE	16	33850000	2026-06-28 08:18:41.056626+00	0
DROPPED-OUT	financial_entity	23b96dd4-cc05-4131-a39e-fedc2bf6982d	TEAM MORRIS	144	33771000	2026-06-21 08:16:11.577805+00	0
DROPPED-OUT	financial_entity	0edab973-10e2-4268-a0ae-b23cc2e2f08a	RASKIN VICTORY FUND	198	33535100	2026-06-28 08:18:54.949358+00	0
DROPPED-OUT	financial_entity	97213299-f891-4605-ada9-41052d2e22f2	BAUMGARTNER VANGUARD SOCIETY	15	33100000	2026-06-28 08:18:41.056626+00	0
DROPPED-OUT	financial_entity	aafa9b80-38d5-436a-90ba-e8357db994bf	COLTON VICTORY FUND	211	32938500	2026-06-21 08:31:30.763715+00	0
DROPPED-OUT	financial_entity	ced40371-e2d0-477e-897b-b6276eef6b65	SHP VICTORY FUND	135	32805100	2026-06-28 08:16:54.886227+00	0
DROPPED-OUT	financial_entity	304f828d-c001-4f92-a245-4b7e345f9b38	TEAM GT	10	32350000	2026-06-28 08:16:02.08744+00	0
DROPPED-OUT	financial_entity	fbd68624-c431-4eaa-8e93-346df777b204	GREG STEUBE VICTORY FUND	115	31741300	2026-06-28 08:14:55.096982+00	0
DROPPED-OUT	financial_entity	6a442fe7-16dd-43ed-9398-e94b3c075106	THE GREAT GULF OF AMERICA FUND	32	31573900	2026-06-28 08:18:54.949358+00	0
DROPPED-OUT	financial_entity	62425a07-0fb5-42d6-a799-e7a2dac3ee9e	PEACHES AND PEAKS VICTORY FUND	161	31515000	2026-06-28 08:13:07.010923+00	0
DROPPED-OUT	financial_entity	cb48e138-2efb-40e7-bca8-ebd77987cb81	BARRASSO VICTORY	92	31199900	2026-06-28 08:18:00.933651+00	0
DROPPED-OUT	financial_entity	609d8f59-72e6-4061-a6b1-d4ce8f62887f	MONICA VICTORY	120	31113500	2026-06-28 08:18:14.702358+00	0
DROPPED-OUT	financial_entity	7859de4a-e10f-4e6e-bf85-28b73fa062c1	SERVICE AND HONOR	224	31053300	2026-06-28 08:18:14.702358+00	0
DROPPED-OUT	financial_entity	3d43d497-9ea4-4dcb-b528-06a2366ac9b7	AMY KLOBUCHAR VICTORY	70	30915000	2026-06-28 08:14:28.278439+00	0
DROPPED-OUT	financial_entity	2a96fd5c-e333-4474-8f01-5f3f0bf524ae	GIMENEZ VICTORY	18	30900000	2026-06-28 08:16:41.024563+00	0
DROPPED-OUT	financial_entity	6d126d2d-2e8e-4b37-a0d6-39a096fd3d99	DOWNING VICTORY FUND	64	30770000	2026-06-28 08:18:54.949358+00	0
DROPPED-OUT	financial_entity	dcc13e95-ac36-4a54-80d8-9a4085b5db74	WARNOCK VICTORY FUND	118	30690000	2026-06-28 08:18:54.949358+00	0
DROPPED-OUT	financial_entity	1966a851-c8cc-45fc-a50e-d7fba79383d3	ONE VIRGINIA FUND	99	30569100	2026-06-21 08:35:13.026839+00	0
DROPPED-OUT	financial_entity	1e4403ec-0bcd-4fa0-af94-834cb0363e0f	MARJORIE TAYLOR GREENE S PEOPLE OVER POLITICIANS	222	30503100	2026-06-28 08:14:55.096982+00	0
DROPPED-OUT	financial_entity	94df858b-74a2-4707-9dce-4318e6268ef0	TEAM MIKE	76	30339100	2026-06-21 08:16:11.577805+00	0
DROPPED-OUT	financial_entity	71be7223-b168-4b22-93f8-6c6db189c1dd	TUBERVILLE VICTORY FUND	156	29512300	2026-06-28 08:11:18.154738+00	0
DROPPED-OUT	financial_entity	83826195-05f8-452f-bb98-4adbed581a70	FETTERMAN VICTORY FUND	27	29350000	2026-06-28 08:16:54.886227+00	0
DROPPED-OUT	financial_entity	0f451121-70ff-44e0-89cb-da1ff0bdd84c	CHRIS PAPPAS VICTORY FUND	90	28755000	2026-06-28 08:18:54.949358+00	0
DROPPED-OUT	financial_entity	45c2d503-d006-48a8-8cd5-29fe23b41330	MILLER MEEKS VICTORY FUND	27	28650000	2026-06-28 08:16:15.211054+00	0
DROPPED-OUT	financial_entity	b6b7be50-364c-433a-ad1b-b014c2bf968d	BLUE DOG VICTORY FUND	65	28605000	2026-06-28 08:18:54.949358+00	0
DROPPED-OUT	financial_entity	c0ff7a3b-93d9-46ee-b9bc-e3b384878809	KIGGANS VICTORY FUND	36	27400000	2026-06-28 08:16:41.024563+00	0
DROPPED-OUT	financial_entity	b1f7a4b1-fd59-4bc7-967c-e185ac6d394e	GOODLANDER VICTORY FUND	107	27394500	2026-06-21 08:31:30.763715+00	0
DROPPED-OUT	financial_entity	af74bd9c-eb92-4a90-ba8c-9aa4d40bc1d8	CAIN VICTORY FUND	100	27205000	2026-06-28 08:18:54.949358+00	0
DROPPED-OUT	financial_entity	025cbe75-9e24-40c9-b526-0afa48b3c865	MCGUIRE VICTORY FUND	68	26786300	2026-06-21 08:33:37.571356+00	0
DROPPED-OUT	financial_entity	1338a57a-a538-44fd-8941-a7bed6a1ed67	OLA VICTORY FUND	35	25955000	2026-06-28 08:18:54.949358+00	0
DROPPED-OUT	financial_entity	e27e40fc-50dc-4084-ac90-abdc6c88199e	WYOMING VICTORY	42	25590000	2026-06-28 08:15:08.171102+00	0
PARTIAL	financial_entity	8f199ced-f14c-4432-a8e5-e2b332a2edb0	FIGHT FOR NEBRASKA	1	25000000	2026-07-12 07:33:16.307915+00	2
DROPPED-OUT	financial_entity	4fdc076d-60f5-49bd-88e6-bc28a32ccd20	LOFGREN VICTORY FUND	117	24892500	2026-06-28 08:18:00.933651+00	0
DROPPED-OUT	financial_entity	b7b824e5-791f-4547-a73d-8270a0f44b6d	JOSH RILEY VICTORY FUND	32	24225000	2026-06-28 08:18:54.949358+00	0
DROPPED-OUT	financial_entity	2d54ad7e-9f4b-46c4-9582-df6824037efa	WAGNER FOR MISSOURI	30	24050000	2026-06-28 08:18:27.701839+00	0
DROPPED-OUT	financial_entity	38b7d9c7-ea46-4c37-9420-0c47c2576ca7	KMR VICTORY FUND	49	23575000	2026-06-28 08:18:41.056626+00	0
DROPPED-OUT	financial_entity	08c9717d-2681-4ee6-8772-04f3cc3f55bb	PALMER VICTORY	15	23499600	2026-06-28 08:16:15.211054+00	0
DROPPED-OUT	financial_entity	31eca770-0928-48a0-9754-5faaa56c4b59	JAKE AUCHINCLOSS VICTORY FUND	32	23385000	2026-06-28 08:18:54.949358+00	0
DROPPED-OUT	financial_entity	e8379a73-1e67-48f7-992e-50c5d87b5273	MORELLE VICTORY FUND	75	23370000	2026-06-28 08:18:27.701839+00	0
DROPPED-OUT	financial_entity	526b852b-2078-44fa-9d8f-f58d845e2d18	DAVIDSON VICTORY FUND	83	23325000	2026-06-28 08:18:27.701839+00	0
DROPPED-OUT	financial_entity	3b12f1df-3602-408a-9f11-efec22dea6ef	MCDOWELL VICTORY FUND	38	23275000	2026-06-21 08:16:11.577805+00	0
DROPPED-OUT	financial_entity	14bc3f2f-387a-48c9-955c-c3042b130b7c	CAPITO VICTORY	14	23025000	2026-06-28 08:18:14.702358+00	0
DROPPED-OUT	financial_entity	784bc257-ccea-4a11-afe2-b4fff1c60de9	KNOTT VICTORY	102	23000000	2026-06-28 08:18:14.702358+00	0
DROPPED-OUT	financial_entity	f8e8abfa-6a17-4838-a252-d66b6e9c0673	WALBERG VICTORY FUND	33	22730000	2026-06-28 08:13:07.010923+00	0
DROPPED-OUT	financial_entity	5029d8c7-6c9c-4a58-9a33-fb87b0c25d02	WILSON LEADERSHIP FUND	3	22700000	2026-06-28 08:07:39.726891+00	0
DROPPED-OUT	financial_entity	4634ecc2-b782-43b8-9d1c-f7771717e898	GROW THE MAJORITY CA	3	22500000	2026-06-28 08:16:28.112071+00	0
DROPPED-OUT	financial_entity	904deb24-f0fa-476d-a6b7-295df63e1d5f	VICTORY 2026	9	22500000	2026-06-28 08:10:06.587002+00	0
DROPPED-OUT	financial_entity	2ad44478-9bfe-4da2-82bb-17cc74dff6e9	MOSKOWITZ VICTORY FUND	26	22475000	2026-06-28 08:16:54.886227+00	0
DROPPED-OUT	financial_entity	b9a101a4-79d8-41df-9365-288d76447717	LUMMIS VICTORY	71	22320000	2026-06-28 08:18:14.702358+00	0
DROPPED-OUT	financial_entity	c3eddd18-2936-4241-9aec-29b8fd906ff6	ZINKE VICTORY FUND	9	22285000	2026-06-28 08:08:09.666662+00	0
DROPPED-OUT	financial_entity	3394d22c-1a80-44aa-ab62-7f4c36ad020c	MACKENZIE FOR AMERICA	124	21942100	2026-06-28 08:18:41.056626+00	0
DROPPED-OUT	financial_entity	4f7c27d6-d18d-40ac-a347-f9f3ce908119	MEUSER VICTORY	48	21800000	2026-06-28 08:16:54.886227+00	0
DROPPED-OUT	financial_entity	9143fb6e-3096-4617-a7ec-92f919a4e3b8	TEAM PERRY VICTORY	48	21661200	2026-06-28 08:18:41.056626+00	0
DROPPED-OUT	financial_entity	1f12e479-2a89-459a-9e46-972118f092a8	EQUALITY COALITION	61	21655000	2026-06-21 08:33:50.304843+00	0
DROPPED-OUT	financial_entity	e04b2e11-4fa8-42a4-ac28-44e83f4ab486	SAM GRAVES VICTORY FUND	70	21206600	2026-06-28 08:15:08.171102+00	0
DROPPED-OUT	financial_entity	21e40407-565e-4487-9367-0ba51bf241a2	LAUREN UNDERWOOD VICTORY FUND	99	20870000	2026-06-28 08:18:14.702358+00	0
DROPPED-OUT	financial_entity	60991be9-a6a3-46a5-9310-3bc400c453a9	DUNN VICTORY FUND	122	20755000	2026-06-28 08:18:41.056626+00	0
DROPPED-OUT	financial_entity	276e9a10-aa2b-4116-af4e-b3fa56927d46	CONNOLLY VICTORY FUND 2026	72	20535000	2026-06-28 08:09:16.908144+00	0
DROPPED-OUT	financial_entity	38a6a5f5-63e5-4e6e-84d5-689bc4c156d3	FINSTAD VICTORY	126	20375000	2026-06-28 08:18:54.949358+00	0
DROPPED-OUT	financial_entity	497aa51b-734a-4d07-bba6-a47b407581bd	TEAM ALME	81	20305000	2026-06-28 08:16:54.886227+00	0
DROPPED-OUT	financial_entity	cb13930e-4776-4dc1-8016-69883f8c36d5	KILEY VICTORY FUND	119	20257600	2026-06-28 08:18:54.949358+00	0
DROPPED-OUT	financial_entity	1b9900c1-ec6c-4458-8fc8-a426d05cbd6b	CLINE VICTORY	26	20232500	2026-06-21 08:30:17.202779+00	0
PARTIAL	financial_entity	876cbd40-b691-41e1-b6d7-2072664b6d40	DEFEATING COMMUNISM	2	20000000	2026-07-27 07:49:37.072647+00	4
DROPPED-OUT	financial_entity	d492504c-e413-453a-ba6e-5cf25088e76d	LEAN FORWARD AMERICA	1	20000000	2026-06-28 08:18:14.702358+00	0
DROPPED-OUT	financial_entity	f9ba8ee0-aad4-4060-bbde-0480755f60a7	TEAM BANKS	130	19726500	2026-06-28 08:18:54.949358+00	0
DROPPED-OUT	financial_entity	19179385-ae03-4640-b9e8-1858c744040d	FIGHT AND WIN FUND	18	19500000	2026-06-28 08:13:20.128946+00	0
DROPPED-OUT	financial_entity	f8c820d9-197d-48c0-88ca-db5b0fe74ed6	THE MILLS VICTORY FUND	51	19480000	2026-06-28 08:11:31.31344+00	0
DROPPED-OUT	financial_entity	13cb9ef2-69a6-45d6-b1b0-cbd5f2561259	WEBER VICTORY FUND	96	19415000	2026-06-28 08:18:14.702358+00	0
PARTIAL	financial_entity	872ce2b4-7b9c-4d9e-a003-b657fec48c16	NEVER SURRENDER	317	19372200	2026-07-28 05:54:07.997647+00	13041
DROPPED-OUT	financial_entity	a32fab55-32bf-49f2-8a2d-a40856a7ffe3	HAL ROGERS VICTORY FUND	26	19225000	2026-06-28 08:16:54.886227+00	0
DROPPED-OUT	financial_entity	829f3f98-7121-4d77-9bfd-f7954733e10d	ROUNDS VICTORY	21	19090000	2026-06-28 08:18:14.702358+00	0
DROPPED-OUT	financial_entity	e6c5d483-d3bf-4428-89c6-29eccb4660a1	WICKER VICTORY	16	19010000	2026-06-28 08:07:26.775958+00	0
DROPPED-OUT	financial_entity	e4c9e6ab-5e8d-4047-8843-a561386396e8	TEAM HINSON	5	18997800	2026-06-28 08:18:41.056626+00	0
DROPPED-OUT	financial_entity	921e4d87-617b-4188-87e9-39364d2dff62	JAKE ELLZEY VICTORY FUND	76	18830700	2026-06-28 08:16:54.886227+00	0
DROPPED-OUT	financial_entity	4b0e7ebd-08d9-4fe7-a25f-ed7bf906af4e	BUILDING AND REVITALIZING AMERICAN DEMOCRACY FUND	28	18570000	2026-06-21 08:33:50.304843+00	0
DROPPED-OUT	financial_entity	a7f8cf6c-f8a0-4232-901a-5cb5e4774a65	CLOUD VICTORY FUND	11	18470000	2026-06-28 08:16:54.886227+00	0
DROPPED-OUT	financial_entity	ac39b6aa-9eaa-412b-aea0-5629f10889e9	JEFFRIES MAJORITY FUND	29	18250000	2026-06-28 08:16:54.886227+00	0
DROPPED-OUT	financial_entity	8575d212-0459-40e9-8aec-ccc9a4a7249d	OBERNOLTE VICTORY FUND	7	18200000	2026-06-21 08:31:15.854833+00	0
DROPPED-OUT	financial_entity	b0fef1b1-e5d0-46a6-b5fc-bbf2ebd9ee0a	AMERICA IS BACK	79	17945900	2026-06-28 08:18:00.933651+00	0
DROPPED-OUT	financial_entity	f8f7f753-d282-495b-a347-eee2f2c693fc	WYDEN FOR OREGON	121	17840800	2026-06-28 08:18:54.949358+00	0
DROPPED-OUT	financial_entity	648760e7-bbe6-4077-8a08-2a1d6d1df8bb	GEORGIA SENATE VICTORY 2026	59	17452500	2026-06-28 08:13:20.128946+00	0
DROPPED-OUT	financial_entity	ebc35eb1-0606-4fac-8196-a82cee31e2cd	NC COOPER SENATE VICTORY	38	17325000	2026-06-21 08:31:30.763715+00	0
DROPPED-OUT	financial_entity	d9a62226-46c4-4c94-aaa6-3e403dace3e1	VINDMAN VICTORY FUND	25	17290000	2026-06-28 08:16:28.112071+00	0
DROPPED-OUT	financial_entity	3afdbaf5-c02a-4d00-91b9-25dc5f72520a	TEAM MCCAUL TEXAS VICTORY	31	17200000	2026-06-28 08:14:55.096982+00	0
DROPPED-OUT	financial_entity	0b0906cb-fd65-4cca-b07d-96f18115867d	TEAM TODD	40	16745000	2026-06-28 08:17:47.688722+00	0
DROPPED-OUT	financial_entity	b504331d-4003-4341-87d0-2d6a47111ca1	JACKY ROSEN VICTORY FUND	54	16726600	2026-06-28 08:18:14.702358+00	0
DROPPED-OUT	financial_entity	e885199f-8390-4782-89bb-a2a4db0d39bd	SCOTT FRANKLIN WINGMAN FUND	8	16400000	2026-06-28 08:08:09.666662+00	0
DROPPED-OUT	financial_entity	8e58abad-3c70-41bd-bd4c-ab1c016301d0	COLE COMBINED	31	16350000	2026-06-21 08:32:59.239248+00	0
DROPPED-OUT	financial_entity	02746038-37d5-4ae6-a416-89599ad016c2	GUS BILIRAKIS VICTORY FUND	12	16270000	2026-06-21 08:29:59.502936+00	0
DROPPED-OUT	financial_entity	ff959d45-1ee2-4614-95d5-bdb0b3245dd2	MIKE LEVIN VICTORY FUND	114	16250000	2026-06-28 08:15:08.171102+00	0
DROPPED-OUT	financial_entity	36659a07-ac51-4ee2-867e-444ba2b99f3a	CONROY OHIO VICTORY	79	15590000	2026-06-28 08:18:54.949358+00	0
DROPPED-OUT	financial_entity	1293ec01-0f29-485c-8fc7-a0026b274718	FISCHBACH VICTORY FUND	51	15480000	2026-06-28 08:18:54.949358+00	0
DROPPED-OUT	financial_entity	dd3cde0c-36bf-4125-89d7-8a7e7406f347	ADRIAN SMITH VICTORY FUND	9	15386600	2026-06-28 08:13:33.751528+00	0
DROPPED-OUT	financial_entity	491b9a4a-428c-41d8-bd61-8afdbd0e78d0	OH NC VICTORY FUND 2026	111	15125000	2026-06-21 08:16:11.577805+00	0
DROPPED-OUT	financial_entity	d4e5d787-a2c5-4b53-b82d-c0e9f7529d02	MCGARVEY VICTORY FUND	65	15105000	2026-06-28 08:18:41.056626+00	0
DROPPED-OUT	financial_entity	d1f7f6b0-95f8-450a-8a3f-0483c1802c67	LANGWORTHY LEADERSHIP ACCOUNTABILITY FUND	11	15080000	2026-06-28 08:16:02.08744+00	0
DROPPED-OUT	financial_entity	dcfc85a7-e40d-4bd2-8b4c-8376984b3eb1	EZELL VICTORY FUND	7	15000000	2026-06-28 08:02:47.817232+00	0
DROPPED-OUT	financial_entity	3f05d17c-a307-4008-9c98-5eb266bca514	JESSICA STEINMANN VICTORY FUND	83	14962200	2026-06-21 08:31:01.497013+00	0
DROPPED-OUT	financial_entity	a7ad9a7e-795c-4759-a5c5-f74c801994c9	RUSTBELT ROSEBUDS	97	14762500	2026-06-28 08:18:54.949358+00	0
DROPPED-OUT	financial_entity	21e9e45c-fecf-4ea5-877e-0cc3ae77ad53	PRAMILA S PROGRESSIVE POWER	16	14720000	2026-06-28 08:11:44.262738+00	0
DROPPED-OUT	financial_entity	edd5b1e0-d023-4d82-bcf8-5243e7769f71	AARON BEAN TEAM	35	14650000	2026-06-28 08:08:43.621457+00	0
DROPPED-OUT	financial_entity	5405bd65-af06-4b73-920c-6b8c213b43b3	HURD VICTORY FUND	40	14605000	2026-06-28 08:18:41.056626+00	0
DROPPED-OUT	financial_entity	a61c79a8-d138-445e-8bb2-9e8b4783e74f	MIKE KENNEDY VICTORY FUND	6	14480400	2026-06-28 08:13:33.751528+00	0
DROPPED-OUT	financial_entity	53d0b73b-f36f-42bb-aea9-627df99c4fc4	JOSH HARDER VICTORY FUND	15	14415000	2026-06-21 08:34:43.398432+00	0
DROPPED-OUT	financial_entity	9c7ff773-c0ad-44b5-b3b3-c2f3ba1d7aa9	ROOTED WITH THE PEOPLE	89	14342500	2026-06-28 08:18:41.056626+00	0
DROPPED-OUT	financial_entity	0ddf10c0-9b3c-42b7-9ff4-0d995c17ca16	TEAM TAFOYA	34	14250000	2026-06-28 08:16:54.886227+00	0
DROPPED-OUT	financial_entity	688d0be9-9666-4e92-a1b7-098427cfc25f	BARRY MOORE ALABAMA VICTORY	21	14238100	2026-06-28 08:16:54.886227+00	0
DROPPED-OUT	financial_entity	c59329cc-36d0-475c-bc40-36b91809b131	SHERMAN VICTORY FUND	25	14090000	2026-06-28 08:18:54.949358+00	0
DROPPED-OUT	financial_entity	fee59f58-e08e-433d-a58b-6915f58851e5	TURNER VICTORY FUND	33	14035000	2026-06-28 08:15:08.171102+00	0
DROPPED-OUT	financial_entity	926d85d3-8124-48fb-9b53-338d82effb81	HOUSE CONSERVATIVE VICTORY FUND	83	13872900	2026-06-28 08:18:27.701839+00	0
DROPPED-OUT	financial_entity	29776bc8-41fb-440c-ab39-9d27f3371f71	THE SQUAD VICTORY FUND	243	13828300	2026-06-28 08:18:54.949358+00	0
DROPPED-OUT	financial_entity	1ea0487c-bb66-4dbf-b664-11e89681a538	LAURA GILLEN VICTORY FUND	19	13775000	2026-06-28 08:16:02.08744+00	0
DROPPED-OUT	financial_entity	ff88c55f-5eac-457c-a09a-30a1257f6e9d	CRANK VICTORY FUND	14	13700000	2026-06-28 08:13:20.128946+00	0
DROPPED-OUT	financial_entity	7097cb4f-9a1f-4ee0-a927-d427f3da98db	ANGIE CRAIG VICTORY FUND	105	13580000	2026-06-28 08:18:41.056626+00	0
DROPPED-OUT	financial_entity	bdefefff-efdd-4c21-94c6-47d16cc7edc6	FRANKLIN VICTORY FUND	3	13123000	2026-06-21 08:13:51.208189+00	0
DROPPED-OUT	financial_entity	9c4abe6c-e4f3-43b7-995f-d1d5c6b7a895	CAHILL VICTORY FUND	34	13050000	2026-06-28 08:18:41.056626+00	0
DROPPED-OUT	financial_entity	88361bf1-31ed-4dbf-bee4-ec78bc5b6c7b	TEAM CELESTE	6	13000000	2026-06-28 08:16:28.112071+00	0
DROPPED-OUT	financial_entity	b5a76665-542c-4763-b458-f16c5321be8c	RULLI VICTORY FUND	85	12925800	2026-06-28 08:15:08.171102+00	0
DROPPED-OUT	financial_entity	bf965286-9530-40a5-8a35-488ca0c59375	WHITESIDES VICTORY FUND	10	12900000	2026-06-28 08:18:27.701839+00	0
DROPPED-OUT	financial_entity	fe2a1e6d-3124-47ef-af65-a300c1a76cef	DELAURO VICTORY FUND	61	12837500	2026-06-21 08:26:09.146369+00	0
DROPPED-OUT	financial_entity	4b4add98-f304-4ae5-a985-6e43ae679175	SUSIE LEE VICTORY FUND	14	12700000	2026-06-28 08:18:41.056626+00	0
DROPPED-OUT	financial_entity	46ef95b7-9ae0-45b7-be18-ef40bb0680bd	TEAM BOEBERT JOINT FUNDRAISING	24	12635000	2026-06-28 08:18:14.702358+00	0
DROPPED-OUT	financial_entity	8512eab1-dafe-4c83-953e-efdc5fa3d590	DSCC LIFTOFF FUND 2026	24	12600000	2026-06-21 08:15:13.149013+00	0
DROPPED-OUT	financial_entity	95b69ff3-ab05-4e9b-b318-757ff7fb1991	BALDERSON VICTORY FUND	25	12475000	2026-06-28 08:14:55.096982+00	0
DROPPED-OUT	financial_entity	869e391d-5bcf-431a-8721-638186838891	MADSOUL VICTORY FUND	52	12396000	2026-06-28 08:18:14.702358+00	0
DROPPED-OUT	financial_entity	36de2ae5-452a-410a-b94a-f39f7342b295	ONDER VICTORY FUND	7	12350000	2026-06-28 08:18:54.949358+00	0
DROPPED-OUT	financial_entity	a5ad1340-10db-48be-935f-f53c74900e2f	FEENSTRA VICTORY FUND	11	12240000	2026-06-28 08:13:33.751528+00	0
DROPPED-OUT	financial_entity	f2237cb7-9925-45d2-af14-49c1286ac3db	PROGRESS FOR OREGON	120	12229300	2026-06-28 08:15:08.171102+00	0
DROPPED-OUT	financial_entity	b15081bb-0b60-43fb-b3dd-ddd02c807d9f	BLUMENTHAL VICTORY FUND	18	12150000	2026-06-21 08:29:59.502936+00	0
DROPPED-OUT	financial_entity	ab3bc901-4865-4d2d-8708-4ab8322885b8	THE COLORADO WAY	30	12145000	2026-06-28 08:06:34.276088+00	0
DROPPED-OUT	financial_entity	ce2c2bd2-a305-4b28-9a08-f70966e89ccb	JERRY CARL VICTORY	95	12124500	2026-06-28 08:18:54.949358+00	0
DROPPED-OUT	financial_entity	11edf53e-5a64-4407-9516-00e2ae038262	COONS LEADERSHIP FUND	44	11990000	2026-06-28 08:18:41.056626+00	0
DROPPED-OUT	financial_entity	89233063-ec41-4cfd-a4b5-44aeb3651f52	BEHN VICTORY FUND	45	11832500	2026-06-28 07:54:57.181115+00	0
DROPPED-OUT	financial_entity	c30e76a9-4857-4007-beb3-bb073c0f3fa7	STELSON VICTORY FUND	14	11700000	2026-06-28 08:18:41.056626+00	0
DROPPED-OUT	financial_entity	a87304ff-d80f-4dc3-af50-0de742e16665	TEAM MONICA VICTORY	98	11686400	2026-06-28 08:18:41.056626+00	0
DROPPED-OUT	financial_entity	fc5c810d-970c-44df-b512-cc246a78fd96	OPERATION RED STRIKE	109	11663800	2026-06-28 08:18:41.056626+00	0
DROPPED-OUT	financial_entity	34d647a0-ce71-4dc0-af34-3f161d2bf005	MARSHALL VICTORY FUND	50	11622400	2026-06-28 08:18:54.949358+00	0
DROPPED-OUT	financial_entity	9eddbfe9-9e8a-40a4-84d9-6dfe25089ee9	MAASDAM VICTORY	33	11261900	2026-06-28 08:14:41.891555+00	0
DROPPED-OUT	financial_entity	d77d839c-c759-4b6c-bb76-9b7f723b6620	FRIENDS OF JIM RISCH	11	11250000	2026-06-28 08:12:41.322268+00	0
DROPPED-OUT	financial_entity	e68d3c30-f86a-4005-aadd-f59f4b9e51b2	HUSTED VICTORY	9	11250000	2026-06-28 08:16:54.886227+00	0
DROPPED-OUT	financial_entity	229c3ace-d63c-4516-977d-638ce5ae69a4	ROOTED IN MOVEMENT	56	11107700	2026-06-28 08:08:43.621457+00	0
DROPPED-OUT	financial_entity	44dc908a-de5e-431c-91a6-0b7fa081f82a	STRONG VICTORY FUND	15	11050000	2026-06-28 08:16:54.886227+00	0
DROPPED-OUT	financial_entity	e9124bd7-744b-4acc-8193-ae690c9a1db6	THE 2026 VICTORY	71	11043600	2026-06-28 08:18:54.949358+00	0
DROPPED-OUT	financial_entity	42223b2b-37a0-4351-b63e-f00cd399b837	FISCHER VICTORY FUND	37	10758300	2026-06-28 08:18:54.949358+00	0
DROPPED-OUT	financial_entity	5690b445-6554-415f-8d9f-02827681705f	THE VALADAO VICTORY FUND	11	10490000	2026-06-28 08:16:41.024563+00	0
DROPPED-OUT	financial_entity	1dc58076-b36e-40a6-9c42-408f0a5913c6	VOTEVETS HELLCAT VICTORY FUND	48	10455000	2026-06-28 08:13:07.010923+00	0
DROPPED-OUT	financial_entity	8e2a27a4-c7be-49aa-a889-412cf7f2eeb9	KISTNER VICTORY FUND	22	10265000	2026-06-28 08:18:41.056626+00	0
DROPPED-OUT	financial_entity	026b914b-63f5-4605-a47c-9fe88c8d99bd	ERIC SORENSEN VICTORY FUND	28	10170000	2026-06-28 08:18:27.701839+00	0
DROPPED-OUT	financial_entity	e3cc4c50-1122-4ea4-902e-28f55313f45f	TEAM MOORE JOINT FUNDRAISING	11	10138500	2026-06-21 08:32:33.555891+00	0
DROPPED-OUT	financial_entity	d911aff7-b552-4e21-a49e-bd8b5fe57c63	GREEN VICTORY FUND	11	10080000	2026-06-28 08:10:36.530507+00	0
DROPPED-OUT	financial_entity	bca97c59-e738-407f-9e8d-4c2132ff70f7	COOPER OSSOFF VICTORY FUND	30	9921000	2026-06-28 08:16:41.024563+00	0
DROPPED-OUT	financial_entity	15ae2827-aed5-44c9-9ed6-740c5ac7e347	NEAL VICTORY FUND	18	9900000	2026-06-28 08:16:28.112071+00	0
DROPPED-OUT	financial_entity	70d506a8-f8dc-4aa4-b68b-6095c91df53e	NEW ENGLAND DEMOCRATIC VICTORY FUND	25	9885000	2026-06-28 08:15:08.171102+00	0
DROPPED-OUT	financial_entity	3ab6a668-c484-49ee-9e56-a27e821e03a4	SUOZZI VICTORY FUND 2026	13	9860000	2026-06-21 08:15:27.202937+00	0
DROPPED-OUT	financial_entity	7a6db654-3f19-4ce1-99de-d481a5c2576c	BLUE COLORADO FUND	69	9855000	2026-06-28 08:13:20.128946+00	0
DROPPED-OUT	financial_entity	986228fc-f020-4320-b3fb-d46ee399aebc	LANKFORD VICTORY FUND	34	9830000	2026-06-28 08:14:28.278439+00	0
DROPPED-OUT	financial_entity	18c1363d-5943-410c-b97b-23ced41579b4	MCMORROW VICTORY FUND	12	9725000	2026-06-21 08:15:42.310959+00	0
DROPPED-OUT	financial_entity	a164fe4c-50e0-4fbf-bb48-bb8246ef3e90	BUDD NC VICTORY FUND 2028	80	9710000	2026-06-28 08:13:20.128946+00	0
DROPPED-OUT	financial_entity	5b7c1f19-7cd5-41f2-9819-a2abb6d07c32	VICTORIA VICTORY FUND	9	9450000	2026-06-21 08:34:03.29017+00	0
DROPPED-OUT	financial_entity	f5528369-79e3-4e6d-bfd0-ec5268210eec	WHITSON VICTORY	134	9435600	2026-06-28 08:15:08.171102+00	0
DROPPED-OUT	financial_entity	cfd4f380-d0b3-46de-949f-9deebd1a8a6b	MIKE LEE VICTORY FUND	9	9300000	2026-06-21 08:25:42.361858+00	0
DROPPED-OUT	financial_entity	2637b120-1484-43f8-a360-7c07fd8da397	SAVE OUR VOTES	7	9250000	2026-06-28 08:16:54.886227+00	0
DROPPED-OUT	financial_entity	cec33e3c-b162-4761-a4c3-6a1c16aef5e6	RICKETTS SCHMITT VICTORY FUND	10	9200000	2026-06-21 08:34:03.29017+00	0
DROPPED-OUT	financial_entity	71e86493-64c5-4a26-92f7-0b591488236a	ILLINOIS VICTORY FUND	65	9180000	2026-06-28 08:15:08.171102+00	0
DROPPED-OUT	financial_entity	cbe28f07-d1eb-4f3a-87ad-f6b110c02a92	RUIZ VICTORY FUND	9	9000000	2026-06-28 08:18:27.701839+00	0
DROPPED-OUT	financial_entity	b365c21a-03b5-455f-b2a4-91efe9962b8c	218	2	9000000	2026-06-28 08:18:14.702358+00	0
DROPPED-OUT	financial_entity	6928efe1-7e03-4b07-b2bf-5eab2ed0f3a6	FAIR SHOT FRONTLINE FUND	1	9000000	2026-06-28 07:59:04.706516+00	0
DROPPED-OUT	financial_entity	686c8295-90bf-4a5a-96df-f6cbb8922543	STRONG MICHIGAN VALUES	17	8933100	2026-06-28 08:16:54.886227+00	0
DROPPED-OUT	financial_entity	5fdfc9c7-06e2-4cb7-b389-d3247ca1e3ab	STAUBER VICTORY FUND	12	8800000	2026-06-28 08:15:48.494428+00	0
DROPPED-OUT	financial_entity	ffce47c8-0aea-4c2b-94b7-ccfd91f8cc34	WAY TO LEAD STATE POWER	6	8800000	2026-06-21 08:34:03.29017+00	0
DROPPED-OUT	financial_entity	ee5be9e8-ab5a-4e3f-967e-26b80abb753c	BLUNT ROCHESTER ALSOBROOKS VICTORY FUND	50	8700000	2026-06-28 08:15:08.171102+00	0
DROPPED-OUT	financial_entity	c18543f9-7803-4688-a8ae-2eebb4ea710a	DEREK SCHMIDT VICTORY FUND	10	8564600	2026-06-28 08:16:54.886227+00	0
DROPPED-OUT	financial_entity	f39caff8-10a1-4f01-bf19-7492eec44d3a	COMMON WEALTH	9	8550000	2026-06-28 08:16:41.024563+00	0
DROPPED-OUT	financial_entity	dc550872-9534-4968-a055-36ac15915b3b	TEAM MACE	68	8394800	2026-06-28 08:14:55.096982+00	0
DROPPED-OUT	financial_entity	e13ef559-3a92-4039-bfee-473107da751b	ALASKA SENATE VICTORY 2026	10	8230000	2026-06-21 08:31:15.854833+00	0
DROPPED-OUT	financial_entity	0c8c4406-748f-4ac7-ac6b-f73b8e395468	BURGESS OWENS VICTORY	6	8200000	2026-06-28 08:08:09.666662+00	0
DROPPED-OUT	financial_entity	74acf5c3-fa8b-404f-ab5b-cfe834170f2c	SCOTT DIGITAL VICTORY FUND	74	8166900	2026-06-28 08:18:27.701839+00	0
PARTIAL	financial_entity	14fc50ab-9b37-4290-9013-5185545e6fff	FORWARD PARTY OF UTAH	4	8064800	2026-07-27 07:47:03.371321+00	1
DROPPED-OUT	financial_entity	0e1ed4fc-fc10-4efa-9796-0b674d5c8c4a	GREATER MINNESOTA VICTORY FUND	46	8045000	2026-06-28 08:16:54.886227+00	0
DROPPED-OUT	financial_entity	712ad2d6-127b-49f7-bc4d-ccf3b092088b	1776 PATRIOTS UNITED	59	7980400	2026-06-28 08:18:54.949358+00	0
DROPPED-OUT	financial_entity	812604c7-4838-47bb-be02-811cf8edd5a4	KEEP THE 49TH CLIMATE ACTION FUND	73	7945000	2026-06-28 08:05:00.650293+00	0
DROPPED-OUT	financial_entity	38209f76-bb09-42e1-98be-2b06ae23d0ff	MCKEE VICTORY FUND	14	7895700	2026-06-28 08:18:41.056626+00	0
DROPPED-OUT	financial_entity	1d35c768-6dee-4a2f-b805-d8388420092c	SHERI BIGGS VICTORY FUND	45	7877200	2026-06-28 08:14:41.891555+00	0
DROPPED-OUT	financial_entity	92c539a9-8f96-45be-9bed-b009cc25dd7e	TEAM COUGHLIN	15	7750000	2026-06-28 08:14:15.352181+00	0
DROPPED-OUT	financial_entity	f05a8c65-f4eb-49bc-afe7-50aa0f7dc481	IMPOSSIBLE TO INEVITABLE	10	7708300	2026-06-28 08:16:54.886227+00	0
DROPPED-OUT	financial_entity	7de0c7cf-ed3f-43f4-a1d7-738df708d169	LEPAGE VICTORY FUND	7	7700000	2026-06-28 08:18:27.701839+00	0
DROPPED-OUT	financial_entity	30499f89-73f1-482f-bb16-636a04e393e3	NICK BEGICH VICTORY	4	7600000	2026-06-28 08:14:41.891555+00	0
DROPPED-OUT	financial_entity	6747e421-dd80-4641-94e9-94bced19daeb	MARK HARRIS VICTORY FUND	8	7500000	2026-06-21 08:31:15.854833+00	0
DROPPED-OUT	financial_entity	507bd581-fc80-4f5d-9cfd-b76eb54485a5	NEVADA SENATE VICTORY	1	7500000	2026-06-28 07:51:20.013214+00	0
PARTIAL	financial_entity	92e474c9-e6f5-4eed-97fc-a566a89c0420	SECURE PROGRESS	1	7500000	2026-05-17 07:13:35.777514+00	361
PARTIAL	financial_entity	eaa0371f-f0a1-4b22-98a7-f47eeca275c4	REPUBLICAN VOTERS OF TEXAS	34	7373400	2026-08-25 03:20:11.346925+00	2
DROPPED-OUT	financial_entity	9f8c3d65-4ed9-4ebe-be00-e4bb35105e3c	SEEC VICTORY FUND	88	7362400	2026-06-28 08:18:54.949358+00	0
DROPPED-OUT	financial_entity	30044820-2fa1-4622-b617-b055f6c9e1c2	TEAM MAYRA	31	6958900	2026-06-28 08:18:54.949358+00	0
DROPPED-OUT	financial_entity	f823435f-09c5-4c29-923f-654503fa2dd1	ADAM SCHWARZE VICTORY FUND	5	6950000	2026-06-28 08:18:54.949358+00	0
PARTIAL	financial_entity	28c926bd-69b6-4581-bc9c-83cac6f5af28	PERIMETER SOLUTIONS INC POLITICAL ACTION	15	6750000	2026-07-27 07:52:14.750613+00	35
PARTIAL	financial_entity	f2c71b9e-1638-4c9a-aa20-f63178994d61	NRCC	2	6500000	2026-05-17 06:58:15.627714+00	35227
DROPPED-OUT	financial_entity	ecf6400e-2d29-4ff5-96ab-c2f8c7686d61	ADERHOLT MAJORITY FUND	11	6400000	2026-06-28 08:16:54.886227+00	0
DROPPED-OUT	financial_entity	9d7f57e9-bd1f-40ca-98e8-30c663e69fac	TROY CARTER VICTORY FUND	24	6330000	2026-06-28 08:16:41.024563+00	0
DROPPED-OUT	financial_entity	36b7fbd4-113b-4c13-afc2-db36ef4cfbaa	ADAM GRAY VICTORY FUND 2026	7	6300000	2026-06-28 08:18:27.701839+00	0
DROPPED-OUT	financial_entity	66ad863c-dcf2-46e5-ae0d-4ffc4ea61af6	JOHN JAMES FOR MICHIGAN	36	6115000	2026-06-28 08:09:16.908144+00	0
DROPPED-OUT	financial_entity	9f166143-5c82-4694-bc99-bce3602b416f	FRIENDS OF SURFACE TRANSPORTATION	19	6000000	2026-06-28 08:16:54.886227+00	0
DROPPED-OUT	financial_entity	2b5374e7-a18e-4ec3-a74f-685b265ac5da	COMMANDER ZINKE	15	5950000	2026-06-28 08:11:03.688169+00	0
DROPPED-OUT	financial_entity	afccd344-6272-40c3-93dc-66ab138de802	WIN VIRGINIA	29	5901000	2026-06-28 08:18:41.056626+00	0
DROPPED-OUT	financial_entity	8c35b292-edb7-4ff9-91eb-fa394667737d	COGNETTI VICTORY FUND	11	5850000	2026-06-21 08:12:39.689295+00	0
DROPPED-OUT	financial_entity	98b5b382-c516-4dd1-894e-762c2aa3d239	SOUTH JERSEY FIRST	7	5750000	2026-06-28 08:16:41.024563+00	0
DROPPED-OUT	financial_entity	ed139699-02c4-49b3-9f46-01abc54b7001	VIRGINIA SENATE VICTORY 2026	10	5625000	2026-06-28 08:13:07.010923+00	0
DROPPED-OUT	financial_entity	b75d7066-a4c7-4a53-81e0-b89d4af45002	ERIC BURLISON VICTORY FUND	8	5600000	2026-06-28 08:06:47.429645+00	0
DROPPED-OUT	financial_entity	be941ae1-cd7e-4e3f-9d00-3fae4538c173	TED CRUZ VICTORY	10	5560000	2026-06-28 08:08:09.666662+00	0
DROPPED-OUT	financial_entity	d7369beb-660c-454c-b7cb-a44af0b5a122	JARED GOLDEN VICTORY FUND 2026	6	5400000	2026-06-28 08:14:02.080342+00	0
DROPPED-OUT	financial_entity	0f32beea-55ec-4f8e-96bb-885865bd8beb	BYRON DONALDS VICTORY FUND	10	5310000	2026-06-28 08:06:34.276088+00	0
DROPPED-OUT	financial_entity	59ff8feb-da0e-486f-869e-7c373e24519e	HAGEMAN SENATE FUND	19	5018500	2026-06-21 08:31:15.854833+00	0
PARTIAL	financial_entity	6ae9a5da-1362-4968-ad7c-35ed76abb4f2	THE PAC FOR AMERICA S FUTURE	1	5000000	2026-05-17 07:04:34.062662+00	3720
DROPPED-OUT	financial_entity	e5f09eee-42fa-42de-81b1-05c8e240bd0a	TEAM CURTIS DINNER	2	5000000	2026-06-21 08:11:38.155409+00	0
DROPPED-OUT	financial_entity	e101bf39-4283-4757-a2b8-3c3c56a847f3	DSCC LIFTOFF FUND	1	5000000	2026-06-28 07:51:20.013214+00	0
DROPPED-OUT	financial_entity	9815585e-16e7-4707-816b-cdeab438ff1a	CORTEZ MASTO SENATE VICTORY	1	5000000	2026-06-28 07:54:57.181115+00	0
DROPPED-OUT	financial_entity	6d8e6bb4-3744-4ae7-b2b6-6d0b12ea4c3b	BALDWIN FOR WISCONSIN	48	4910000	2026-06-28 08:11:57.590996+00	0
DROPPED-OUT	financial_entity	5aa85a6f-6401-489f-b1fe-f245e0e3287f	TAYLOR VICTORY FUND	8	4846200	2026-06-21 08:12:57.171574+00	0
DROPPED-OUT	financial_entity	12075116-6142-46d0-9bcc-c24c72154759	CALIFORNIA HOUSE MAJORITY FUND	5	4825000	2026-06-28 08:15:34.668009+00	0
DROPPED-OUT	financial_entity	b1cf2971-fe86-4398-9222-98533bdd1c1d	STRONG AMERICA FUND	42	4810000	2026-06-28 08:14:41.891555+00	0
DROPPED-OUT	financial_entity	b7608659-bf26-4983-b082-59654d8c5fc4	COMER VICTORY FUND	9	4800000	2026-06-28 08:14:41.891555+00	0
DROPPED-OUT	financial_entity	86728aeb-9c80-4116-9066-436ea8f0aeb3	BACON VICTORY FUND	4	4800000	2026-06-28 08:06:34.276088+00	0
DROPPED-OUT	financial_entity	03ff05ec-2453-46a3-a6cf-6ecdd96c07c6	TEAM HUIZENGA	62	4750000	2026-06-28 08:18:14.702358+00	0
DROPPED-OUT	financial_entity	8f1c6fdd-5100-454b-908e-41a760bf4582	MARCY KAPTUR VICTORY FUND	6	4600000	2026-06-21 08:29:28.396743+00	0
DROPPED-OUT	financial_entity	64a532e5-34f2-48cf-9618-32cdf2f8fa0b	MAHA VALUES	7	4561500	2026-06-21 08:32:33.555891+00	0
PARTIAL	financial_entity	421c9ec5-c476-4ab4-94b6-9a836aeba88d	REPUBLICAN NATIONAL	2	4530000	2026-05-26 00:00:37.567774+00	68193
DROPPED-OUT	financial_entity	8e4220c3-8f16-43a1-9f6b-f66894de6883	TEAM RAJA VICTORY FUND	12	4500000	2026-06-28 08:15:48.494428+00	0
DROPPED-OUT	financial_entity	2b0173e7-bfe2-4eef-8b15-9b8eb37110e3	CATALINA LAUF VICTORY FUND	18	4330000	2026-06-28 08:16:54.886227+00	0
DROPPED-OUT	financial_entity	6e5a947e-9b8f-456d-b84e-8a9acf15b4db	TEAM ANDY KIM	18	4300000	2026-06-28 08:16:02.08744+00	0
DROPPED-OUT	financial_entity	0255b39f-d31a-4699-bf4f-9d56810a5de9	BRIGHT IDEAS JOINT FUNDRAISING	36	4297500	2026-06-28 08:15:08.171102+00	0
DROPPED-OUT	financial_entity	381f3eea-00ac-47a7-893a-7a085b724605	REPRESENTATION MATTERS STAND UP FOR DEMOCRACY	25	4260000	2026-06-21 08:33:24.688882+00	0
DROPPED-OUT	financial_entity	58355042-3ed0-449f-b286-1923b6c5323d	WYDEN FUND FOR A SENATE MAJORITY 2026	7	4130000	2026-06-28 07:54:57.181115+00	0
DROPPED-OUT	financial_entity	6c5f2891-30b7-46b9-bc9a-14255cf60379	ERNST VICTORY IOWA	2	4080000	2026-06-21 08:33:37.571356+00	0
DROPPED-OUT	financial_entity	7e9fa5f0-2107-4145-8605-db2c8b871a5c	ALEA OHIO VICTORY	28	4040000	2026-06-28 08:18:54.949358+00	0
DROPPED-OUT	financial_entity	7236dac0-5882-432e-9f1e-2958a667ff69	WAGNER VICTORY	1	4000000	2026-06-28 08:18:41.056626+00	0
DROPPED-OUT	financial_entity	8aca2e06-9b09-4f1f-a2ae-a72921f898fb	DEMOCRATIC VETERANS VICTORY FUND	1	4000000	2026-06-28 08:18:14.702358+00	0
DROPPED-OUT	financial_entity	ee082ede-a0c1-4e9d-af94-b320c0240590	CRAWFORD VICTORY	1	4000000	2026-06-28 07:59:32.519578+00	0
DROPPED-OUT	financial_entity	8ca6e12a-8d16-460a-b967-64ffd979d35b	CASAR VICTORY FUND	4	3900000	2026-06-28 08:16:41.024563+00	0
DROPPED-OUT	financial_entity	968b9a63-dd24-4b6c-9428-38a97c627eca	SENATE MAJORITY ACTION FUND	44	3887000	2026-06-28 08:18:00.933651+00	0
DROPPED-OUT	financial_entity	7d715b9d-0f59-4a6e-a1a4-fdc6f3399e12	BLUE WAVE CALIFORNIA VICTORY FUND	46	3865000	2026-06-28 08:15:48.494428+00	0
DROPPED-OUT	financial_entity	1f54094c-ea8c-45ae-b3bb-88645d51140a	WARRIOR	30	3839200	2026-06-28 08:18:41.056626+00	0
DROPPED-OUT	financial_entity	d3a62d5f-1923-4fa3-9210-f7a8e2bd9723	GA SENATE REPUBLICAN NOMINEE FUND 2026	47	3787000	2026-06-14 08:15:00.6776+00	0
DROPPED-OUT	financial_entity	d0082179-2db6-407c-80ed-083eef0c772a	DEBBIE DINGELL MAJORITY FUND	32	3730000	2026-06-28 08:15:08.171102+00	0
DROPPED-OUT	financial_entity	cd5bcbe1-bc5a-4789-879e-c0916964a7b4	JUSTICE VICTORY	4	3700000	2026-06-28 08:14:41.891555+00	0
DROPPED-OUT	financial_entity	c8440e64-6961-4c12-94da-8353ebbdddc7	TRAN VICTORY FUND	15	3675000	2026-06-21 08:26:49.816188+00	0
DROPPED-OUT	financial_entity	a2d72a80-37f6-4d2a-a1ef-ccfcd6496a67	TEAM TIMMONS	6	3650000	2026-06-28 08:16:54.886227+00	0
DROPPED-OUT	financial_entity	c4619eaf-94d6-40b4-afd8-860729b0aaba	RUBIO VICTORY	64	3581100	2026-06-21 08:32:04.023523+00	0
DROPPED-OUT	financial_entity	64b3ab07-eda9-4986-a459-42f5c433f6ea	NEHLS VICTORY FUND	4	3550000	2026-06-28 08:13:20.128946+00	0
DROPPED-OUT	financial_entity	4d56b133-dfb4-47c1-968e-348592241468	MERRIN VICTORY	6	3535000	2026-06-28 08:15:08.171102+00	0
DROPPED-OUT	financial_entity	4e3c5e8c-5bdd-4edb-bf51-d3f69f957452	DAVE MIN VICTORY FUND	7	3500000	2026-06-21 08:33:37.571356+00	0
DROPPED-OUT	financial_entity	17a448d0-1f90-44e0-bedf-8d66c504fc51	JOE KENT VICTORY FUND	55	3487500	2026-06-28 08:07:26.775958+00	0
PARTIAL	financial_entity	6e02d0df-8856-47f1-8160-4b86833c7ba8	LPL FINANCIAL LLC POLITICAL ACTION COMMITTEE LPL	12	3451400	2026-07-28 05:50:26.438393+00	428
DROPPED-OUT	financial_entity	5b3783f5-08c9-4376-875e-49203b60b263	DON DAVIS VICTORY FUND	12	3405000	2026-06-21 08:29:01.571805+00	0
DROPPED-OUT	financial_entity	2e3dc1d3-e25f-418d-a616-45244deff07c	PINGREE VICTORY FUND	2	3400000	2026-06-28 08:18:41.056626+00	0
DROPPED-OUT	financial_entity	2f90424b-73e6-436f-9642-308b6adc945f	FAITH HONOR COURAGE	34	3356500	2026-06-28 08:18:00.933651+00	0
DROPPED-OUT	financial_entity	e969a784-81ae-4814-8be2-477f5f4736f6	OHIO SENATE VICTORY 2026	13	3325000	2026-06-28 08:11:44.262738+00	0
DROPPED-OUT	financial_entity	ccecc7d4-871a-43ae-b7d8-11e24b7e8b6a	TEAM TARA	18	3245000	2026-06-28 08:18:54.949358+00	0
DROPPED-OUT	financial_entity	6d8b5d79-1ef4-4f06-8c14-372edcdef288	LANDSMAN VICTORY FUND	5	3200000	2026-06-21 08:31:30.763715+00	0
DROPPED-OUT	financial_entity	1fff2e60-d4d2-4425-bfec-9ba7d112c1ce	TEAM JACKLEY	4	3200000	2026-06-21 08:35:13.026839+00	0
DROPPED-OUT	financial_entity	908ede86-ebfe-46b8-94eb-7a53952f7f9a	COAL FAITH FREEDOM COALITION	19	3164600	2026-06-21 08:14:46.183164+00	0
DROPPED-OUT	financial_entity	2621a7cb-2f2f-4803-8a94-0ed2ed7bba0e	DONALD NORCROSS VICTORY FUND	24	3149600	2026-06-28 08:17:47.688722+00	0
PARTIAL	financial_entity	b7c404dc-8c9a-4705-be72-eb377cdfe444	SEABOARD CORPORATION POLITICAL ACTION	33	3108600	2026-06-28 08:01:11.008071+00	75
DROPPED-OUT	financial_entity	0876c7e3-e899-4a5a-b811-c9d818c86968	GABE VASQUEZ VICTORY FUND	4	3100000	2026-06-21 08:31:30.763715+00	0
PARTIAL	financial_entity	09a5c4d2-47d4-46ed-b26e-81ce3c52e2bb	CONGRESSIONAL BLACK CAUCUS	4	3000000	2026-05-17 07:07:37.897107+00	2706
DROPPED-OUT	financial_entity	c2689d42-dfb7-44ee-89e7-819f83523e3b	AMERILUV 2025	6	3000000	2026-06-28 08:10:22.094862+00	0
DROPPED-OUT	financial_entity	a538d5ce-da6c-4239-8740-758b7d5ec553	DESMOND VICTORY FUND	7	3000000	2026-06-21 08:26:09.146369+00	0
DROPPED-OUT	financial_entity	a423e9cc-fc4a-4fb9-a4e7-4edcbbf3e1a6	THE JENNIFER RUTH GREEN VICTORY FUND	16	2945000	2026-06-28 08:18:41.056626+00	0
DROPPED-OUT	financial_entity	9fcac521-a191-468a-bdfe-308e464c760b	FOXX VICTORY FEDERAL	3	2900000	2026-06-21 08:33:24.688882+00	0
DROPPED-OUT	financial_entity	740e4fa3-2ca5-4683-903b-abf669a88397	LATTA VICTORY FUND	7	2880000	2026-06-28 08:05:00.650293+00	0
DROPPED-OUT	financial_entity	75ecf985-2874-4e49-9304-52743769bf86	LIGHT THE WAY FUND	16	2875000	2026-06-28 08:16:54.886227+00	0
DROPPED-OUT	financial_entity	adf71bec-b1ad-49e9-98dc-905b4c5a549a	PELBATH VICTORY FUND	5	2836300	2026-06-28 08:16:15.211054+00	0
DROPPED-OUT	financial_entity	75a8a629-9252-42f2-8434-fdd82618468f	COLORADO RED WAVE VICTORY FUND	23	2831000	2026-06-28 08:12:41.322268+00	0
DROPPED-OUT	financial_entity	0b600f65-b838-4ee6-9f4a-d41767ce98bd	OREGON BLUE VICTORY FUND	15	2810000	2026-06-28 08:16:15.211054+00	0
DROPPED-OUT	financial_entity	4b110047-6b62-47dc-b314-63587557e80b	TEAM SHREVE	5	2779100	2026-06-28 08:18:27.701839+00	0
DROPPED-OUT	financial_entity	b0704a99-a3ac-4d51-b9ad-2669e26a5f52	FURMAN VICTORY FUND	4	2770000	2026-06-28 08:13:47.364847+00	0
DROPPED-OUT	financial_entity	693ba613-b4e7-442f-b15a-ee0d438212dd	WEBSTER LEADERSHIP FUND	5	2750000	2026-06-28 08:11:57.590996+00	0
DROPPED-OUT	financial_entity	2616e062-bba2-48db-85f7-243d3cad9fb5	JUSTIN KIRK VICTORY FUND	33	2713200	2026-06-21 08:31:30.763715+00	0
DROPPED-OUT	financial_entity	94572894-3eff-4dbd-9d2a-68f088948909	NEW YORKERS FIGHTING BACK VICTORY FUND	4	2700000	2026-06-28 08:16:54.886227+00	0
DROPPED-OUT	financial_entity	e04bdafa-b186-4759-87a8-f61aff98ffdf	2026 VOTER MOBILIZATION FUND	41	2695000	2026-06-28 08:02:47.817232+00	0
DROPPED-OUT	financial_entity	815cb804-76c7-401f-a2e1-429c2153c7f9	KEENAN VICTORY FUND	36	2660500	2026-06-28 08:14:41.891555+00	0
DROPPED-OUT	financial_entity	ea1a8456-befd-4537-b03b-3dbd7615abc6	GOBER BOLD FRONTIERS FUND	5	2650000	2026-06-28 08:16:41.024563+00	0
DROPPED-OUT	financial_entity	1f44219a-2c2d-4122-9b45-785adb706f93	BOOZMAN VICTORY	3	2500000	2026-06-21 08:33:37.571356+00	0
DROPPED-OUT	financial_entity	1a9a0f24-f2a8-4cd7-bb4b-3fcbdeed5ed1	TRUMP 47 COMMITTEE	1	2500000	2026-06-21 08:32:33.555891+00	0
DROPPED-OUT	financial_entity	aa720cd3-d5a0-4d10-8d85-de44211c04fb	SUCCESS FOR THE FUTURE FUND	3	2500000	2026-06-21 08:29:59.502936+00	0
DROPPED-OUT	financial_entity	05b9f8e2-a782-415b-996a-c5beaf99aab9	HOUSE SENATE VICTORY FUND	1	2500000	2026-06-21 08:12:57.171574+00	0
DROPPED-OUT	financial_entity	13712cbf-06bf-49a6-99d3-0c52bcaf2adb	HORSFORD VICTORY FUND	16	2405000	2026-06-21 08:14:05.513433+00	0
DROPPED-OUT	financial_entity	3b7e54ac-d9a3-48b9-8f4d-1f0bba04c31f	SCOTT FITZGERALD VICTORY FUND	2	2400000	2026-06-28 08:13:20.128946+00	0
DROPPED-OUT	financial_entity	83d39b12-7cfa-4e08-bb9d-3254937557fb	CORTEZ MASTO VICTORY FUND	2	2400000	2026-06-28 07:59:04.706516+00	0
DROPPED-OUT	financial_entity	c49ebc45-d8a7-4022-a587-fb53458e2064	COWAN VICTORY	2	2400000	2026-06-28 08:16:41.024563+00	0
DROPPED-OUT	financial_entity	f1ad9190-ffe8-4207-81d9-7b9637367ae3	NEW MEXICO HOUSE VICTORY FUND 2026	26	2390000	2026-06-28 08:16:54.886227+00	0
DROPPED-OUT	financial_entity	953e6863-e590-4b64-8db2-b8592aa4592c	WALKER VICTORY FUND	21	2358300	2026-06-28 08:16:15.211054+00	0
DROPPED-OUT	financial_entity	9e8cf3e2-6514-4b61-b8fc-575328ab2e55	GREEN CONGRESSIONAL CAMPAIGN	26	2348300	2026-06-28 08:18:00.933651+00	0
DROPPED-OUT	financial_entity	9c720b6b-2c0d-4c93-9886-76b97dc812ea	COTTON VICTORY	5	2270000	2026-06-28 08:08:09.666662+00	0
PARTIAL	financial_entity	08875f01-7c46-4d72-8764-009a8120676e	AMERICAN SECURITY	5	2250000	2026-08-09 16:52:55.282441+00	96
DROPPED-OUT	financial_entity	3e8a33de-ee96-4c43-b0ca-e264ccc6d284	GOOD FOR AMERICA VICTORY	12	2248600	2026-06-28 08:11:44.262738+00	0
DROPPED-OUT	financial_entity	10692288-40d7-4d61-9b7e-8b0f9134e934	WHITEHOUSE VICTORY FUND	2	2200000	2026-06-28 08:14:15.352181+00	0
DROPPED-OUT	financial_entity	d339aeca-18ed-4cc3-893f-41e2f44208cf	MARY MILLER VICTORY	13	2200000	2026-06-28 08:14:55.096982+00	0
PARTIAL	financial_entity	b83a7109-428a-4ea7-b401-9f4c4a7bdd1c	MINNESOTA DEMOCRATIC FARMER LABOR PARTY	4	2013300	2026-07-27 07:42:10.482303+00	1586
DROPPED-OUT	financial_entity	c89ffcf1-d517-49eb-895d-4bf8f30e41df	TILLIS VICTORY	1	2000000	2026-06-28 08:03:00.834628+00	0
PARTIAL	financial_entity	a3d248b5-4a1d-40ab-b434-75f5e6c2b467	ROLLING SEA ACTION FUND	1	2000000	2026-05-17 06:53:35.430594+00	59
DROPPED-OUT	financial_entity	e0974943-fe64-4235-8e17-31f9d76f1a4d	RON JOHNSON VICTORY	3	2000000	2026-06-28 08:09:31.580253+00	0
DROPPED-OUT	financial_entity	97e35be1-ecdf-4e8b-b3c2-bb4f713a0c6f	CHS BSO JFC	2	2000000	2026-06-21 08:31:30.763715+00	0
DROPPED-OUT	financial_entity	89d77f50-e2b2-4e81-ab87-1e07f3448d8b	VICENTE GONZALEZ VICTORY FUND	2	2000000	2026-06-28 08:18:27.701839+00	0
DROPPED-OUT	financial_entity	6790b245-9270-4eee-811f-42ad8241fc8f	TEAM CRANE VICTORY FUND	7	1986300	2026-06-28 08:15:08.171102+00	0
DROPPED-OUT	financial_entity	8448bf19-3d5c-40d6-b183-8308eb0efa08	MCBRIDE VICTORY FUND	7	1935000	2026-06-28 08:15:08.171102+00	0
DROPPED-OUT	financial_entity	c9cf4328-bd01-4d47-83ca-c32579bb3549	FAITH AND FAMILY FIRST FUND	8	1853600	2026-06-21 08:31:01.497013+00	0
DROPPED-OUT	financial_entity	3c5b0d94-2e09-4f86-bf42-78f9e046b38c	WOMACK MAJORITY FUND	2	1850000	2026-06-28 08:03:27.819811+00	0
DROPPED-OUT	financial_entity	a4c53317-39a2-42b5-bb7a-d21300714303	FRIENDS OF BURCHETT	5	1850000	2026-06-28 08:12:24.097929+00	0
DROPPED-OUT	financial_entity	90c378c1-8e94-4efb-ac84-cf827019a837	ELECT BLACK DEMOCRATS	39	1850000	2026-06-28 08:14:55.096982+00	0
DROPPED-OUT	financial_entity	00e39b9c-3776-45da-bb36-a24f051e77b9	SCOTT MACLEOD VICTORY	6	1740000	2026-06-28 07:53:48.96764+00	0
DROPPED-OUT	financial_entity	0dc03a08-85c6-4095-b2da-45abde45cf11	AMERICAN PATRIOTS	20	1724000	2026-06-21 08:31:01.497013+00	0
PARTIAL	financial_entity	a8ac5a49-77f7-47a4-a9fe-1fe916333fbb	CE4A ACTION	1	1714400	2026-05-17 06:49:20.327476+00	1
DROPPED-OUT	financial_entity	93dcaebf-c8b1-470f-8039-da83125c1cdc	JOHN ROSE VICTORY FUND	2	1700000	2026-06-28 08:04:47.406988+00	0
DROPPED-OUT	financial_entity	25452f72-5d5f-4c23-8382-2a382d03ea76	CAPITO VICTORY	5	1550000	2026-06-28 08:13:47.364847+00	0
DROPPED-OUT	financial_entity	35bb6673-42a6-4891-9e96-b3849cf66b07	COWBOY VICTORY COMMITTEE III CVC III	6	1550000	2026-06-21 08:31:01.497013+00	0
PARTIAL	financial_entity	071958e9-26b3-4130-8924-3f3983834cb1	DEMOCRATIC PARTY OF WISCONSIN FEDERAL	11	1505000	2026-06-28 08:16:41.024563+00	4374
DROPPED-OUT	financial_entity	c7096064-3b7f-4945-88a5-0ebdc707e400	HOYER S MAJORITY FUND	11	1500000	2026-06-28 08:11:31.31344+00	0
DROPPED-OUT	financial_entity	04c8a6b7-c31d-467c-8b5b-2f05cc5f1c80	KUSTOFF VICTORY FUND	1	1500000	2026-06-28 08:14:55.096982+00	0
DROPPED-OUT	financial_entity	dd0b14df-3464-4605-be55-5316e4cd9335	MARIO DIAZ BALART VICTORY FUND	1	1500000	2026-06-28 08:15:34.668009+00	0
DROPPED-OUT	financial_entity	765e0095-ba4f-4378-ac9a-80c91798136c	MICHAEL KIRWAN VICTORY FUND	2	1500000	2026-06-28 08:16:41.024563+00	0
DROPPED-OUT	financial_entity	e9e93975-3ddc-46a2-89c7-bb46bf98807b	AMERICA FIRST GOP	11	1471300	2026-06-28 08:09:16.908144+00	0
DROPPED-OUT	financial_entity	118634b7-bd58-4144-b81e-f20f8efcb14e	GRIFFITH VICTORY FUND	2	1450000	2026-06-28 08:16:54.886227+00	0
DROPPED-OUT	financial_entity	2ea0fb01-c3a8-4f98-805e-fd5e6137af4a	WINNING EDGE FUND	2	1400000	2026-06-28 08:18:27.701839+00	0
DROPPED-OUT	financial_entity	8ac00208-611d-4fc2-9117-c775029b0b70	MILLER VICTORY FUND	2	1400000	2026-06-28 08:05:41.296027+00	0
DROPPED-OUT	financial_entity	dfe8526d-88ce-498d-81ad-3efa02af18b5	TEAM VAN EPPS	2	1400000	2026-06-28 08:00:14.204151+00	0
DROPPED-OUT	financial_entity	99ed8498-1bd5-4753-996c-a956944097ba	MIGUEZ VICTORY FUND	2	1400000	2026-06-28 08:16:28.112071+00	0
PARTIAL	financial_entity	e52e9eb9-47c2-4cbc-8276-1a068869b3e5	MICHIGAN DEMOCRATIC STATE CENTRAL	8	1388000	2026-06-28 08:18:00.933651+00	1307
PARTIAL	financial_entity	d3ce3787-1d5b-4cbc-91fc-115b7880abaa	LEADERSHIP AND LOYALTY ONLY TO AMERICA	4	1309800	2026-07-13 07:49:11.97431+00	32
PARTIAL	financial_entity	c4e96bc9-9e0e-4084-9edf-d97962a88406	CALIFORNIA WESTSIDE FARMERS FED	10	1300000	2026-05-17 07:03:53.348876+00	74
DROPPED-OUT	financial_entity	b7f10846-c1df-4121-8c7a-f1e5c7b814ac	MAJORITY MAKERS FUND	3	1268200	2026-06-28 08:06:08.510602+00	0
DROPPED-OUT	financial_entity	04c24442-6f0e-4bf3-8eab-d4413cd16826	DAY VICTORY FUND	13	1252600	2026-06-28 08:16:28.112071+00	0
DROPPED-OUT	financial_entity	200c4b09-e08e-4cd5-a123-678392872c28	MOORE VICTORY	2	1250000	2026-06-28 07:55:55.307566+00	0
DROPPED-OUT	financial_entity	086e812f-67ff-4607-a26f-c701f894df50	DESTROY THE DEMOCRAT PARTY	20	1220000	2026-06-28 08:08:27.725028+00	0
DROPPED-OUT	financial_entity	4623f6f1-4418-412a-a463-cb295c7b21a0	ANDY BARR VICTORY	1	1200000	2026-06-28 08:03:00.834628+00	0
DROPPED-OUT	financial_entity	ed63032d-30d9-47ef-906d-c79d2e3f1d74	ROBERT SMULLEN VICTORY	1	1200000	2026-06-28 08:16:41.024563+00	0
DROPPED-OUT	financial_entity	054e88a9-73ba-4c43-8e4f-55bef580add9	HUDSON VICTORY FUND	1	1200000	2026-06-28 08:10:36.530507+00	0
DROPPED-OUT	financial_entity	9cd6a071-932e-4588-951f-a3cb5321e79e	NEWHOUSE VICTORY FUND	1	1200000	2026-06-28 08:13:47.364847+00	0
DROPPED-OUT	financial_entity	72481d25-8e5b-40ae-87ed-7ee54d83113b	SCHOLTEN VICTORY FUND	4	1200000	2026-06-28 08:16:41.024563+00	0
PARTIAL	financial_entity	99a40066-1cc2-44a1-96d0-5e978b7efb93	MOVEMENT VOTER	4	1120000	2026-07-27 07:38:51.106531+00	4031
PARTIAL	financial_entity	3c84990e-178a-48b6-a176-9e0a7194744c	PLANNED PARENTHOOD OF ORANGE AND SAN BERNARDINO COUNTIES COMMUNITY ACTION FUND	7	1117500	2026-07-28 05:52:04.293304+00	320
DROPPED-OUT	financial_entity	daac4bba-b9cd-439f-9202-798e18721d0d	MARIE GLUESENKAMP PEREZ CAMPAIGN DEFENSE FUND	7	1090000	2026-06-28 08:16:15.211054+00	0
DROPPED-OUT	financial_entity	9dd0f628-fc6f-4c12-b7ab-12112edb708e	BUDZINSKI VICTORY FUND	3	1050000	2026-06-28 08:18:54.949358+00	0
DROPPED-OUT	financial_entity	4b1959df-50c8-420d-bf55-90242160e03f	TEAM GAINES	1	1041000	2026-06-28 08:15:34.668009+00	0
DROPPED-OUT	financial_entity	3875e2d3-2edc-4308-9225-45acb702a8d6	BILL FOSTER VICTORY FUND	2	1000000	2026-06-28 08:15:34.668009+00	0
DROPPED-OUT	financial_entity	3f9565d4-d364-4655-9bbe-9f8c3ab6e7c0	LORI CHAVEZ DEREMER VICTORY	3	1000000	2026-06-21 08:33:24.688882+00	0
DROPPED-OUT	financial_entity	72ec1e27-90ec-445d-ba56-2a8473f5f5df	ALLRED VICTORY FUND	2	1000000	2026-06-21 08:14:33.318748+00	0
DROPPED-OUT	financial_entity	7b174cda-ecda-4535-b53c-e9279f960453	ANDY HARRIS VICTORY FUND	1	1000000	2026-06-28 08:18:54.949358+00	0
DROPPED-OUT	financial_entity	f0f935aa-c10f-40d1-89bd-21cd7a6d5889	BYNUM VICTORY FUND	1	1000000	2026-06-21 08:34:17.10854+00	0
PARTIAL	financial_entity	92c5f9f7-3b40-4e20-91f2-ceec67755917	SAN FRANCISCO DEMOCRATIC COUNTY CENTRAL	1	1000000	2026-07-28 05:43:00.339533+00	86
PARTIAL	financial_entity	bf444948-c4fa-44d1-b02f-d85a8e8374e3	SOCIETY OF INDEPENDENT GASOLINE MARKETERS OF AMERICA PAC SIGMA AMERICA S LEADING FUEL MARKETERS	1	1000000	2026-05-17 06:51:55.845077+00	55
DROPPED-OUT	financial_entity	c2f9d959-2a0c-45de-aa6a-1e76f1d035a6	SCALISE LEADERSHIP FUND 2024	1	1000000	2026-06-21 08:31:30.763715+00	0
PARTIAL	financial_entity	9105cfca-82fa-4d3c-a590-358c5462baaf	AMERICAN SUGAR CANE LEAGUE OF USA INC	5	911900	2026-05-17 07:07:19.634782+00	282
DROPPED-OUT	financial_entity	83cb4777-34d8-431a-b16e-668fc002a9bc	DEFEND THE VOTE LEADERSHIP FUND	8	872200	2026-06-28 08:16:28.112071+00	0
PARTIAL	financial_entity	55015daf-6212-45f9-997d-b8df92aed42c	ALPHA POLITICAL ACTION	7	853800	2026-07-28 05:53:10.196578+00	42
DROPPED-OUT	financial_entity	fd6e1a95-9294-48e8-9619-502f588a696a	LATEEFAH VICTORY FUND	1	850000	2026-06-21 08:34:43.398432+00	0
PARTIAL	financial_entity	7a701474-39e8-4a78-9a52-88168b463dd0	CALIFORNIA DEMOCRATIC PARTY	28	830900	2026-06-28 08:18:14.702358+00	2262
DROPPED-OUT	financial_entity	38d10d01-2342-4e18-84c1-3ed2b7da4f3d	MOORE NC VICTORY FUND	2	830000	2026-06-28 08:15:48.494428+00	0
PARTIAL	financial_entity	b83cae37-9ef3-40eb-8dfa-cff092eb5b34	WOODPACK GLOBAL	4	800000	2026-06-07 08:07:12.406945+00	95
PARTIAL	financial_entity	d032fee7-787f-4804-8e72-c029ce94c2eb	MICHIGAN REPUBLICAN PARTY	1	800000	2026-05-17 06:49:57.017045+00	302
DROPPED-OUT	financial_entity	d14b5317-e8cc-4031-8eb6-def4df57eff6	OREGON VICTORY FUND	1	800000	2026-06-21 08:30:32.068892+00	0
DROPPED-OUT	financial_entity	ca55bb05-0598-4f7c-8d3d-c0ff30b803c0	CANTWELL VICTORY FUND	2	750000	2026-06-28 08:16:28.112071+00	0
PARTIAL	financial_entity	1a67e012-e2e1-4100-a39d-b74ab651d83e	NEW YORK STATE DEMOCRATIC	1	750000	2026-05-17 07:09:11.023618+00	48
PARTIAL	financial_entity	69af22d9-70ea-4307-a3e9-5a50de99e859	START RISING	2	750000	2026-05-17 07:11:47.52091+00	37
PARTIAL	financial_entity	647dd503-e683-4d7c-95e5-0c9bb8eb0dce	AMALGAMATED SUGAR COMPANY POLITICAL ACTION	7	739500	2026-05-17 07:07:31.457942+00	308
PARTIAL	financial_entity	ccacb001-824f-4d6e-b850-1312b548d14e	M	3	700000	2026-06-07 08:11:57.638539+00	71
DROPPED-OUT	financial_entity	9a468ced-8d1e-4636-bba6-5dbf0341034a	FAMILY MATTERS VICTORY FUND	4	700000	2026-06-21 08:31:01.497013+00	0
PARTIAL	financial_entity	e1a404c4-4659-41cb-ace0-e26cacf78750	NATIONAL COTTON COUNCIL OF AMERICA COMMITTEE FOR THE ADVANCEMENT OF COTTON	5	700000	2026-05-17 06:58:01.893655+00	997
PARTIAL	financial_entity	0c9ee217-acd2-45de-9396-1677c8794f13	AMERICAN ISRAEL PUBLIC AFFAIRS COMMITTEE POLITICAL ACTION	2	700000	2026-06-14 07:56:57.106785+00	4361
DROPPED-OUT	financial_entity	e4b3744e-da61-4187-b443-5a08021f57d9	PAPPAS COOPER VICTORY FUND	4	650000	2026-06-28 08:16:54.886227+00	0
DROPPED-OUT	financial_entity	16015843-ae5b-4fb9-bacc-8b96163130b3	SIMPSON VICTORY FUND	1	650000	2026-06-28 08:15:21.487865+00	0
DROPPED-OUT	financial_entity	148fb601-dd3b-42ad-aab3-afea5d25f7c3	FARINGTON VICTORY FUND	9	650000	2026-06-21 08:32:59.239248+00	0
DROPPED-OUT	financial_entity	9d5359ff-a779-4926-933f-0b154e6b4dea	MOULTON LEADERSHIP FUND	2	640000	2026-06-21 08:33:12.129006+00	0
PARTIAL	financial_entity	f87e0f02-0bb4-4fee-813d-9bc7b0f9eaf2	WELLMARK INC PAC WELLPAC	1	632900	2026-05-17 06:49:23.017474+00	43
PARTIAL	financial_entity	891aa1fa-8cc9-47e1-a970-8e52ee76f16d	MAINTAINING AMERICAN COMPETITIVENESS	2	600000	2026-06-07 07:55:24.726966+00	11
PARTIAL	financial_entity	55acab63-b210-46e6-9cde-455ec8d2d2af	REPUBLICAN FEDERAL COMMITTEE OF PENNSYLVANIA	2	600000	2026-05-17 07:00:02.339094+00	605
PARTIAL	financial_entity	ffd24f40-2efc-4216-ac4f-64424fb85cbe	AMERICAN PHARMACISTS ASSOCIATION POLITICAL ACTION	6	586500	2026-06-28 08:12:24.097929+00	51
PARTIAL	financial_entity	6fb609f1-7fe9-4a07-85ec-039e01efd84f	OKLAHOMA DEMOCRATIC PARTY	1	581000	2026-05-17 07:09:25.321439+00	565
DROPPED-OUT	financial_entity	1310ed6e-fdd0-4b71-816d-173d7cbbbbc1	THE AMERICAN MAJORITY PROJECT	13	568600	2026-06-28 08:16:41.024563+00	0
PARTIAL	financial_entity	5bcebbb9-70a4-477a-a2be-29b07674634c	MITTEN	3	565000	2026-06-07 08:12:25.318899+00	980
DROPPED-OUT	financial_entity	06af8e76-9a8a-4005-bbfc-e1c7c41f2396	GIBBS VICTORY FUND	2	550000	2026-06-28 08:17:34.836138+00	0
DROPPED-OUT	financial_entity	2627705a-453c-449b-b99c-d5bb0dcc1b32	NEW POLITICS NEXT MISSION X PATRIOT	1	550000	2026-06-28 08:16:41.024563+00	0
DROPPED-OUT	financial_entity	acb6113f-a10e-4037-a7da-530088f9e70e	BLUE SENATE CANDIDATE FUND	11	550000	2026-06-28 08:14:15.352181+00	0
PARTIAL	financial_entity	63dba26a-9769-452c-9f21-a6bbc42ecf2b	INDIVISIBLE ACTION	3	550000	2026-07-27 07:42:10.482303+00	4031
DROPPED-OUT	financial_entity	2a03518f-414d-4e0f-852a-e678cb695c5d	OHIO GRASSROOTS VICTORY FUND 2026	2	550000	2026-06-28 08:00:56.685993+00	0
PARTIAL	financial_entity	5d2820a8-8d72-4972-94a2-8323be939e72	EMILYS LIST	9	535000	2026-06-07 07:55:52.930695+00	12948
PARTIAL	financial_entity	04b3a83a-3307-4449-9216-9927c52b062a	NATIONAL ASSOCIATION OF REALTORS POLITICAL ACTION	8	526300	2026-07-27 07:52:32.38287+00	9717
PARTIAL	financial_entity	ba34ff19-0755-433a-9844-51b1f37d850b	ENGAGE Y ALL	2	525000	2026-05-17 07:04:51.966544+00	4057
PARTIAL	financial_entity	e2361770-a6ce-4b43-a209-38b4bcbdaf5f	JANE FONDA CLIMATE	2	525000	2026-07-27 07:45:04.380444+00	1290
PARTIAL	financial_entity	12f8f25b-dd15-4e50-a9bd-dd7f8fbf7765	DEMOCRATIC PARTY OF SOUTH CAROLINA	2	525000	2026-05-17 07:03:39.814114+00	517
PARTIAL	financial_entity	481526ca-23be-48ae-ba7e-66e1125b36b7	CRUISE LINES INTERNATIONAL ASSOCIATION PAC CLIA	1	500000	2026-07-28 05:43:35.843747+00	14
DROPPED-OUT	financial_entity	50453fd5-4c99-4c4e-b62f-fb602573c2c3	TEAM CRAMER	1	500000	2026-06-21 08:13:23.272471+00	0
PARTIAL	financial_entity	b9c0b67e-bbe9-4edc-9dbb-464b51f6cc88	MAPLE	1	500000	2026-05-17 06:57:56.665846+00	58
PARTIAL	financial_entity	e17a3a22-2910-4802-9fa7-6eda0dbeea1b	NATIONAL VENTURE CAPITAL ASSOCIATION VENTUREPAC	1	500000	2026-06-07 08:09:27.878716+00	155
PARTIAL	financial_entity	a5680c79-bc32-404d-be6f-adfd32059d37	BEST OF TENNESSEE ACTION FUND	1	500000	2026-07-28 05:49:53.234723+00	2
PARTIAL	financial_entity	a43dcfa3-43f4-4f33-8cd4-5f823b68a46e	WASHINGTON STATE REPUBLICAN PARTY	1	500000	2026-05-26 00:00:37.567774+00	760
PARTIAL	financial_entity	bed50693-50fb-4647-ac37-d3a16b292f3e	BURGER KING FRANCHISEE	1	500000	2026-05-17 07:03:52.031669+00	37
DROPPED-OUT	financial_entity	fb48aa0d-9ea7-40a4-acf4-5f25aa018c22	MOSKOWITZ FLORIDA VICTORY FUND	1	500000	2026-06-28 08:16:41.024563+00	0
PARTIAL	financial_entity	160763c3-6c70-4676-b7bd-4c6bdbc69a56	FLORIDA SUGAR CANE LEAGUE	1	500000	2026-05-17 07:12:13.203089+00	55
PARTIAL	financial_entity	18c385ae-fbe6-47e4-9aa6-bbf3d3aa5c47	CME GROUP INC	1	500000	2026-05-17 07:08:52.358769+00	172
PARTIAL	financial_entity	8d01c27d-eb72-44b3-b2a1-86e20aab4b2a	GRIDIRON	1	500000	2026-05-17 06:55:29.307857+00	81
PARTIAL	financial_entity	1d9644a7-2cb4-49ff-8b4c-03ef858b7183	CHC BOLD	1	500000	2026-07-13 07:15:56.736914+00	2268
DROPPED-OUT	financial_entity	cb0171ce-5ef5-4f36-9744-1841c999a002	SERVE AMERICA VICTORY FUND	2	500000	2026-06-28 08:10:36.530507+00	0
PARTIAL	financial_entity	cbf38eeb-8ea4-4ef4-8359-7c7b491e685a	SAMMONS ENTERPRISES INC POLITICAL ACTION	1	500000	2026-06-21 08:31:48.453624+00	109
PARTIAL	financial_entity	38033e96-a14c-4acb-8777-f607fa856a1c	NORFOLK SOUTHERN CORPORATION GOOD GOVERNMENT FUND	1	500000	2026-05-31 08:08:59.959172+00	224
PARTIAL	financial_entity	66e3be77-44e7-4197-9c04-5c3d2812ca45	HUCK PAC FOR AMERICA	1	500000	2026-05-17 07:01:29.315359+00	1662
PARTIAL	financial_entity	3735ea03-aa1d-4e2c-aabd-a2466036d6f9	AMERICAN ASSOCIATION OF CROP INSURERS	1	500000	2026-05-17 06:55:45.54378+00	136
PARTIAL	financial_entity	d34c3f01-8b87-48b8-a269-870c4e377989	AMERICAN WATERWAYS OPERATORS	1	500000	2026-05-17 07:13:13.92252+00	88
PARTIAL	financial_entity	73949751-484b-4a87-87d6-c0cb7b17032d	SOUTHERN CROWN PARTNERS EMPLOYEES FEDERAL	1	422500	2026-05-17 06:59:00.385105+00	5
DROPPED-OUT	financial_entity	54aa8e0f-c375-4f2d-a224-b3d533a2401e	BRICK BY BRICK	4	400000	2026-06-28 07:53:35.173351+00	0
DROPPED-OUT	financial_entity	b699c1f9-7618-44c6-8b3b-fe10e3185bcd	NH SENATE REPUBLICAN NOMINEE FUND 2026	11	392500	2026-08-25 03:24:39.012166+00	0
DROPPED-OUT	financial_entity	a141873e-ea72-487c-841b-ca720c39bb88	MI SENATE REPUBLICAN NOMINEE FUND 2026	5	391600	2026-05-31 08:19:14.590967+00	0
PARTIAL	financial_entity	e9480b15-ad77-40dd-8f12-9d0c17d5af22	DATAVANT	1	385300	2026-05-17 07:06:51.556622+00	9
PARTIAL	financial_entity	84310559-57fc-43dc-8440-38ee079e509f	ELECT DIVERSE DEMOCRATS 2026	2	381000	2026-05-31 08:13:40.748198+00	851
PARTIAL	financial_entity	34a4772a-b4fd-4932-a7dd-c11d43dd39c9	DNC SERVICES CORP DEMOCRATIC NATIONAL	3	375000	2026-05-17 07:08:48.352367+00	63514
PARTIAL	financial_entity	a9856ac1-3a8e-4c09-a6c2-4d47e9da1ba4	NATIONAL RESTAURANT ASSOCIATION PAC RESTAURANT	1	350000	2026-05-17 07:07:47.168986+00	278
DROPPED-OUT	financial_entity	e466079e-7dbf-4590-bae6-7fb7da06fbc0	RIGHT NOW VICTORY	3	350000	2026-06-28 07:51:35.452294+00	0
DROPPED-OUT	financial_entity	39b509a4-f089-4a01-8351-badc460666ab	MOOLENAAR VICTORY FUND	1	350000	2026-06-28 08:16:41.024563+00	0
DROPPED-OUT	financial_entity	846dcff0-05cb-41a6-9e0a-8a4a05e5f500	MEUSER PA VICTORY FUND	1	350000	2026-06-28 08:05:14.152686+00	0
DROPPED-OUT	financial_entity	7a21f9c0-4802-4e8d-8759-03106c4bcc5d	TONY WIED VICTORY	2	350000	2026-06-28 07:59:59.779902+00	0
PARTIAL	financial_entity	bc90e76f-f309-4d0e-a405-5946f3983af7	IOWA DEMOCRATIC PARTY	6	345000	2026-07-28 05:52:53.602004+00	1362
DROPPED-OUT	financial_entity	5f4c58b9-3496-48bf-9607-88ac4a27729b	DEM SUMMER 26	1	333300	2026-06-28 08:16:41.024563+00	0
DROPPED-OUT	financial_entity	681b1068-90ea-48f8-b11d-687990b923f3	VAL HOYLE VICTORY FUND	1	333300	2026-06-28 08:08:09.666662+00	0
PARTIAL	financial_entity	4bbe6099-992f-4e20-9001-6eca070cb002	TENNESSEE DEMOCRATIC PARTY	3	330000	2026-07-13 07:29:58.030232+00	538
DROPPED-OUT	financial_entity	0039ec73-8c16-4698-8a1e-bec737110efa	KENNEDY VICTORY FUND	1	330000	2026-06-21 08:31:48.453624+00	0
DROPPED-OUT	financial_entity	f9297ae6-d74f-4808-a08b-b5bd5cd9e5e9	KAINE VICTORY FUND	1	330000	2026-06-28 08:14:41.891555+00	0
PARTIAL	financial_entity	fda7571d-9942-4e5e-931c-af61ac807c07	FLEXIBLE PACKAGING ASSOCIATION PAC	4	327500	2026-06-14 08:04:44.425337+00	62
PARTIAL	financial_entity	16b32cad-b7da-44cd-bc4f-b69020ccb66f	WEST VIRGINIA REPUBLICAN PARTY	2	326000	2026-06-28 07:56:31.362078+00	247
DROPPED-OUT	financial_entity	36f190b1-9558-492d-a108-27429bf16d0f	OKLAHOMANS FOR AL GREEN	5	325000	2026-06-28 08:14:28.278439+00	0
PARTIAL	financial_entity	93c86c22-af96-4e69-914d-43b9c5760685	REPUBLICAN MAINSTREET PARTNERSHIP	1	301000	2026-07-27 07:46:46.428362+00	662
DROPPED-OUT	financial_entity	01a303fd-8ca2-4047-92d2-dad9bc7dd6a2	DAVE PAC BAKER PAC VICTORY FUND	1	300000	2026-06-28 07:54:42.996126+00	0
PARTIAL	financial_entity	43a4e795-8292-4b9d-a537-6ea1a63fab2d	OHIO REPUBLICAN PARTY STATE CENTRAL EXECUTIVE	5	300000	2026-07-27 07:51:39.4149+00	609
PARTIAL	financial_entity	48933d47-a0fa-4609-8902-2828ffec207b	HEARTLAND VALUES	1	300000	2026-05-17 06:57:20.030211+00	288
DROPPED-OUT	financial_entity	6f015960-c181-4447-9880-7090c1474c65	PA HOUSE VICTORY	1	300000	2026-06-21 08:31:30.763715+00	0
DROPPED-OUT	financial_entity	8829a228-791b-46b4-8f8b-2785f93dc63e	SHARICE DAVIDS VICTORY FUND 2026	2	300000	2026-06-28 08:16:41.024563+00	0
PARTIAL	financial_entity	c6c4bedc-07ab-44ff-8ff5-5932e6947ce4	CONGRESSIONAL PROGRESSIVE CAUCUS	2	300000	2026-07-13 07:28:48.219313+00	1600
PARTIAL	financial_entity	18948fa3-2a0b-48a6-9b10-e86d1d3ee41c	SEAFARERS POLITICAL ACTIVITY DONATION SEAFARERS INTERNATIONAL UNION OF NA AGLIW	11	287800	2026-07-13 07:48:37.630079+00	186
PARTIAL	financial_entity	dd1ce922-a3a6-49ce-a110-93c2ca3e2b6d	MOVEON ORG POLITICAL ACTION	1	275600	2026-05-17 06:57:22.551731+00	8356
DROPPED-OUT	financial_entity	bef63d7d-f388-4913-8205-cf79549f2739	CO SENATE REPUBLICAN NOMINEE FUND 2026	6	275000	2026-06-28 08:11:31.31344+00	0
DROPPED-OUT	financial_entity	47dbd810-34c5-41a1-b4c7-3e8d74992dcd	KELLY BRADY FUND FOR A SAFER ILLINOIS	4	275000	2026-06-28 07:54:29.211465+00	0
PARTIAL	financial_entity	e1bd0784-4155-4b4b-ab61-85c0e128e68b	ALABAMA REPUBLICAN PARTY	1	269500	2026-06-28 07:57:04.221896+00	869
PARTIAL	financial_entity	c584fb33-6636-45d6-bd87-46197623afdd	MODJESKI AND MASTERS INC TRANSPORTATION ALLIANCE	5	264300	2026-06-21 08:23:12.598313+00	39
PARTIAL	financial_entity	60d69c52-efbc-4a99-be19-c245108c5618	FCDC FEDERAL	2	260000	2026-08-24 05:26:33.226195+00	505
PARTIAL	financial_entity	2ab4bce4-efa2-4d6f-a9e4-343ce199a183	MONTGOMERY COUNTY DEMOCRATIC CENTRAL	1	260000	2026-05-17 06:54:10.07329+00	87
PARTIAL	financial_entity	265aadd0-a11e-48b1-993a-9d93733556c3	REPUBLICAN PARTY OF IOWA	2	256100	2026-05-17 07:13:10.075652+00	879
PARTIAL	financial_entity	f0e50581-6b9a-4c3f-aa2d-66ad1500d877	LEAD ENCOURAGE ELECT	1	250000	2026-05-17 07:02:20.270458+00	111
PARTIAL	financial_entity	89eb766d-0878-4622-97ea-9948ee32d77a	FREEDOM CAUCUS FUND	1	250000	2026-05-17 07:08:19.699581+00	720
PARTIAL	financial_entity	20de0a0e-3fcf-4ecf-b278-a3d38040c0ea	AMERICAN SENIORS HOUSING ASSOCIATION SENIORS HOUSING	1	250000	2026-05-17 07:00:33.744915+00	319
PARTIAL	financial_entity	0b3487c2-aa4a-4f7e-b19e-3f251f4613ed	REPUBLICAN PARTY OF SAN DIEGO COUNTY	1	250000	2026-07-27 07:40:38.834454+00	276
PARTIAL	financial_entity	980c1eff-e8f3-4070-88d3-136f5f6e5051	EQUALITY	1	250000	2026-06-07 08:09:14.735361+00	1885
PARTIAL	financial_entity	e9756992-3a6a-4ea2-b32f-bfcd8281016f	AMERICAN SOCIETY OF RADIOLOGIC TECHNOLOGISTS	1	250000	2026-05-17 07:02:14.682124+00	3
DROPPED-OUT	financial_entity	01106a9d-4ff5-4eda-8f97-5d50bf75dcea	TAMMY BALDWIN VICTORY	1	250000	2026-06-28 08:10:22.094862+00	0
PARTIAL	financial_entity	368fb700-ac3e-4c50-8760-bacd680232e3	STARK COUNTY REPUBLICAN PARTY	1	250000	2026-05-17 06:49:16.452832+00	132
PARTIAL	financial_entity	50d7437e-c8ee-474f-ae1a-9a6257cc18c1	SOUTHERN STATES	1	250000	2026-05-17 06:49:32.199198+00	13
DROPPED-OUT	financial_entity	5b1aaaec-32b7-4afd-bc3f-ad8796c03261	DAKOTA WILD AND WONDERFUL 2025	1	250000	2026-06-28 08:04:07.064172+00	0
PARTIAL	financial_entity	a885ad50-a3d2-4465-b390-de7e8cef3d23	IN THE ARENA	1	250000	2026-06-07 07:50:39.427868+00	101
PARTIAL	financial_entity	121ba08d-fe4c-4fea-a33d-6332beddad14	DEMOCRATS OF NORTH ORANGE COUNTY	7	243500	2026-07-13 07:40:46.830545+00	36
DROPPED-OUT	financial_entity	f04ec013-3844-4693-80a4-4ca389b0dd22	ZOE 2026	2	225000	2026-06-28 07:54:15.997068+00	0
DROPPED-OUT	financial_entity	1e5c6166-ecba-4df9-840a-124320783c04	VA SENATE REPUBLICAN NOMINEE FUND 2026	8	225000	2026-07-28 05:52:20.939708+00	0
DROPPED-OUT	financial_entity	bd41ad2a-0d74-4a33-91f4-5c1fb9f594b9	MN SENATE REPUBLICAN NOMINEE FUND 2026	7	225000	2026-07-28 05:52:20.939708+00	0
PARTIAL	financial_entity	301c5c25-8613-4508-8b14-cfd0623c1202	ACTBLUE	4	225000	2026-05-17 07:12:28.682576+00	24798
PARTIAL	financial_entity	c6b0fc2e-3565-48a0-afa5-ddb33485ea96	PROGRESSIVE TURNOUT PROJECT	6	200900	2026-08-25 03:20:51.651955+00	8322
PARTIAL	financial_entity	ea94a854-4ebb-4231-a0bc-a73e4c4c588a	PORTLAND GENERAL ELECTRIC CO BI PARTISAN COMM FOR EFFECTIVE GOVT	1	200000	2026-05-17 06:49:37.167967+00	13
DROPPED-OUT	financial_entity	6d4e718b-8cfd-4b85-9126-5c50f3ecc331	MRVAN VICTORY FUND	1	200000	2026-06-28 07:58:44.638756+00	0
DROPPED-OUT	financial_entity	6dcebdcb-debb-48a6-a4a2-3b2883b66f00	GJ POLITICAL ACTION COMMITTEE	1	200000	2026-05-17 07:01:34.358084+00	0
DROPPED-OUT	financial_entity	673ae879-4a20-4fd2-96cf-8ed3dbaa1e17	EQUALITY CONGRESS	3	200000	2026-06-28 08:13:07.010923+00	0
PARTIAL	financial_entity	210da723-74a8-4fd8-8d67-98229f38fd2e	COMPETITIVE MARKETS	1	200000	2026-05-17 07:06:39.875473+00	13
PARTIAL	financial_entity	74492ab8-be80-4edb-970e-1545179eb020	NEW YORK BUILDING CONGRESS INC	1	200000	2026-05-17 06:48:31.45518+00	6
PARTIAL	financial_entity	7d632d3f-8343-4c13-9b49-21f1987162ff	DSCC	1	200000	2026-05-17 06:54:36.457772+00	37213
PARTIAL	financial_entity	7da4ed09-85be-4970-b07b-4d43e21d10c1	UNITE AMERICA PAC	1	200000	2026-08-17 03:54:39.885876+00	85
DROPPED-OUT	financial_entity	8ad96dd4-47a6-4012-be3f-ff88573387bf	DURBIN VICTORY FUND	2	200000	2026-06-28 08:05:41.296027+00	0
PARTIAL	financial_entity	f2f7767e-76e5-42ce-a433-81800eac77b6	NATIONAL ASSOCIATION OF REAL ESTATE INVESTMENT TRUSTS INC POLITICAL ACTION	4	200000	2026-07-28 05:38:49.007703+00	690
PARTIAL	financial_entity	0f54f86d-1dac-49b5-aaa9-98c30d3b69f0	DIRECT SELLING ASSOCIATION POLITICAL ACTION	1	200000	2026-05-17 06:51:28.366616+00	21
PARTIAL	financial_entity	bbe1ea60-272d-4161-9198-caa42bf4b6a3	JUSTICE DEMOCRATS	1	200000	2026-07-13 07:28:48.219313+00	834
PARTIAL	financial_entity	b84114f0-5bdc-4c79-ab14-15dc75478ac0	MISSISSIPPI REPUBLICAN PARTY	2	200000	2026-05-17 06:53:45.096841+00	331
PARTIAL	financial_entity	e7d6ab85-2564-4dcc-9e8f-b931063d9db6	REPUBLICAN PARTY OF ORANGE COUNTY FEDERAL	4	191600	2026-07-28 05:44:25.823758+00	314
PARTIAL	financial_entity	b5a519c4-30c3-4b66-86b7-8538e993e3a4	LOVE AMERICA UPHOLD FREEDOM	7	187300	2026-08-25 03:25:23.148489+00	1046
PARTIAL	financial_entity	dc4f3f10-e61a-4cf2-b1ab-b7b6d70945f9	AMERICAN FEDERATION OF STATE COUNTY MUNICIPAL EMPLOYEES P E O P L E	5	184900	2026-09-01 01:40:29.461418+00	1267
PARTIAL	financial_entity	49180f92-2afd-41a9-ade5-e5681f477388	NATIONAL CORN GROWERS ASSOCIATION PAC CORNPAC	4	175500	2026-06-07 07:55:52.930695+00	216
PARTIAL	financial_entity	fbd7b9c5-6ec9-4e17-99b6-a977cd5da73f	NO VOTE LEFT BEHIND	1	175000	2026-07-27 07:50:48.469668+00	723
DROPPED-OUT	financial_entity	83abda31-cf44-4e88-926a-35aea432d15c	VAN HOLLEN VICTORY FUND	5	175000	2026-06-28 08:09:31.580253+00	0
PARTIAL	financial_entity	fe6e665f-4b99-4534-b2ab-a630435359fd	DEMOCRATIC MESSAGING PROJECT	2	175000	2026-07-27 07:56:29.273631+00	67
DROPPED-OUT	financial_entity	ed4d5241-c457-42ac-b21b-57193e3853f6	SLOTKIN VICTORY FUND	3	175000	2026-06-28 08:16:15.211054+00	0
PARTIAL	financial_entity	4dd638cb-99cf-4365-8920-66d3fc46e0a7	1199 SEIU UNITED HEALTHCARE WORKERS EAST FEDERAL POLITICAL ACTION FUND	2	170800	2026-07-13 07:25:44.352937+00	188
PARTIAL	financial_entity	47a0bb66-bb77-45d4-975a-85b60a4f8d57	TEHAMA COUNTY REPUBLICAN CENTRAL COMMITTEE FEDERAL	1	160000	2026-05-17 07:02:17.504055+00	91
PARTIAL	financial_entity	b6e6b292-bcb3-41fa-af58-477960fb43a4	MASSACHUSETTS DEMOCRATIC STATE COMMITTEE FED FUND	2	150000	2026-07-27 07:49:37.072647+00	644
PARTIAL	financial_entity	8a97d0b0-882e-4a24-aace-2eca2d2facbc	MISSOURI TRUTH	1	150000	2026-05-17 06:47:54.568969+00	6
PARTIAL	financial_entity	e1d3a4be-6087-4ffe-bb12-29127456b3ac	THE FARM CREDIT COUNCIL POLITICAL ACTION	2	150000	2026-05-31 08:11:44.40469+00	1303
PARTIAL	financial_entity	344d910c-c223-4d01-aa9f-464537c339bf	LOUDOUN COUNTY DEMOCRATIC	1	150000	2026-07-27 07:41:34.148086+00	70
DROPPED-OUT	financial_entity	ee4e0e5b-f97e-41f0-a942-1cc21cf77517	VANCE VICTORY	2	150000	2026-06-28 08:01:42.158947+00	0
DROPPED-OUT	financial_entity	1e0ea241-2a1a-44bd-b89a-bf126af64bf7	NM LEADERSHIP 2024	1	150000	2026-06-21 08:13:37.563547+00	0
PARTIAL	financial_entity	a1d99e57-1ae4-4712-b351-d2e1d15de2d9	CALIFORNIA REPUBLICAN PARTY FEDERAL ACCT	3	144500	2026-06-28 08:16:15.211054+00	2795
PARTIAL	financial_entity	8a8a10ca-916f-419a-9560-1801416b3282	GIULIANI DEFENSE	5	140000	2026-07-28 05:45:53.712117+00	393
DROPPED-OUT	financial_entity	174f3b61-5253-43cf-8444-c0b551ac2f78	FL SENATE REPUBLICAN NOMINEE FUND 2026	4	138000	2026-07-28 05:40:50.610687+00	0
PARTIAL	financial_entity	7156b49c-ed64-48e1-9964-d9fde3c605e2	KANSAS REPUBLICAN PARTY	1	136600	2026-07-27 07:53:43.060445+00	209
DROPPED-OUT	financial_entity	25ea43aa-c1e4-43b5-b841-9bdbba59a7da	LABORERS INTERNATIONAL UNION OF N A LOCAL 17	1	131000	2026-05-17 06:49:13.844715+00	0
DROPPED-OUT	financial_entity	2826b87d-dd5c-4820-8faf-33f07fd63bc2	FISCHER ROUNDS VICTORY	1	125000	2026-06-28 07:59:32.519578+00	0
DROPPED-OUT	financial_entity	adbe5f40-5265-444b-abf9-4429296c5917	TX SENATE REPUBLICAN NOMINEE FUND 2026	1	125000	2026-05-17 06:53:02.414789+00	0
PARTIAL	financial_entity	0c9ba75a-5e2d-4b2c-a587-c04536823160	UTAH REPUBLICAN PARTY	1	110000	2026-05-17 07:06:22.797611+00	199
PARTIAL	financial_entity	7370a361-a81a-47f0-89cb-a17ec29c5621	ALASKA DEMOCRATIC PARTY FEDERAL	3	105000	2026-05-17 06:57:48.620254+00	436
PARTIAL	financial_entity	b528d6a1-f574-4d41-bfca-798c567d5e19	NATIONAL APARTMENT ASSOCIATION POLITICAL ACTION	2	104800	2026-05-17 07:01:36.170254+00	1258
PARTIAL	financial_entity	d598c07a-38cb-44fe-b87a-d84269bed03b	REPUBLICAN PARTY OF TEXAS	1	104100	2026-05-17 07:06:10.221681+00	1126
PARTIAL	financial_entity	507a8195-9c4d-41fb-8740-15c3852488f2	SIERRA CLUB POLITICAL	1	100000	2026-05-17 06:57:22.551731+00	252
PARTIAL	financial_entity	484a3820-b4d7-4a80-9c95-c8446ad82c72	AMERICAN PORTABLE DIAGNOSTIC ASSOCIATION APDA	1	100000	2026-05-17 07:04:51.966544+00	21
PARTIAL	financial_entity	d5e193d8-0e04-453a-b3b4-2d3f60c0fc70	OHIO DEMOCRATIC PARTY FEDERAL	1	100000	2026-06-28 07:58:17.507817+00	641
DROPPED-OUT	financial_entity	6e73c5b1-be45-4f5c-b052-fe9ddcd2161b	MANNION VICTORY FUND	1	100000	2026-06-28 08:12:41.322268+00	0
DROPPED-OUT	financial_entity	721574f3-a82d-49e6-a28b-f909702f8eb6	THE DEMOCRATIC BENCH FUND	1	100000	2026-06-28 08:16:02.08744+00	0
DROPPED-OUT	financial_entity	72b1b244-f4bb-4843-a88b-d4609b99efdd	SUHAS VICTORY FUND	1	100000	2026-06-28 08:14:41.891555+00	0
PARTIAL	financial_entity	87005aba-38c6-4ddc-8691-dd25c737e1c7	RESPONSIBILITY AND FREEDOM WORK PAC RFWPAC	1	100000	2026-05-17 07:11:48.70361+00	305
DROPPED-OUT	financial_entity	c6fa2a6f-cb48-41da-9de3-0580817a6afb	JULIANA VICTORY FUND	1	100000	2026-06-28 08:16:54.886227+00	0
DROPPED-OUT	financial_entity	8d425975-6abd-4f24-aade-4d0a6fc8995b	NC DSCC VICTORY FUND	1	100000	2026-06-28 08:16:41.024563+00	0
DROPPED-OUT	financial_entity	8f3a4f88-e07d-4a94-82db-df9c1e886441	AMERICA 2 0	1	100000	2026-05-26 00:00:37.567774+00	0
PARTIAL	financial_entity	f7b9f37d-1b32-4de3-b310-acf2839c523b	JDCA	2	100000	2026-06-21 08:15:42.310959+00	71
PARTIAL	financial_entity	10f828bc-e83c-4f78-90ef-d4df669e589a	WORKERS FIRST	1	100000	2026-05-17 06:59:40.238355+00	18
DROPPED-OUT	financial_entity	0c4e53e3-6569-4e71-926a-758855335f62	MCCONNELL FOR THE MAJORITY	1	100000	2026-06-21 08:32:59.239248+00	0
PARTIAL	financial_entity	04ee88c1-c721-4513-bbef-f78ad36d16aa	CLUB FOR GROWTH	1	100000	2026-07-12 07:36:44.613592+00	229
DROPPED-OUT	financial_entity	01ce40e1-f14b-4bf2-8a39-cd61e54b12ac	KY SENATE REPUBLICAN NOMINEE FUND 2026	4	100000	2026-05-17 07:07:59.925752+00	0
DROPPED-OUT	financial_entity	5816f70d-6422-428b-bdea-1f745f1d4d52	SEAFARERS ENTERTAINMENT AND ALLIED TRADES UNION POLITICAL ACTION	2	96400	2026-07-05 23:50:43.690133+00	0
PARTIAL	financial_entity	d8f13a9e-f686-4836-bc6a-99c4be2e1e50	MARCH ON	3	93500	2026-08-25 03:19:18.212903+00	1498
PARTIAL	financial_entity	3544c7e9-3894-4f33-b1d9-07d55c3d4923	MARIN COUNTY REPUBLICAN CENTRAL COMMITTEE FEDERAL	1	93100	2026-05-17 06:59:40.238355+00	129
DROPPED-OUT	financial_entity	76b2f046-a83c-4306-8151-6e4fe4ff5442	ACRE PENSION AND BENEFIT PROTECTION	1	83100	2026-05-17 06:57:17.440732+00	0
DROPPED-OUT	financial_entity	c47a504d-f314-4586-89b8-9f82141b15a2	UROPARTNERS LLC	1	80800	2026-05-17 06:48:55.520926+00	0
PARTIAL	financial_entity	ecdaf898-7127-40fb-9d89-3aeb740da043	ARIZONA DEMOCRATIC PARTY	2	75000	2026-08-09 16:45:31.723061+00	581
DROPPED-OUT	financial_entity	d6df5b9c-215d-40e1-9929-b39fd2215b6c	CHRIS MURPHY VICTORY FUND	2	75000	2026-06-28 08:09:47.484545+00	0
DROPPED-OUT	financial_entity	6c83c20c-09cd-4f32-80c1-817b96173f05	SAM BROWN VICTORY FUND	3	75000	2026-06-21 08:32:46.717066+00	0
PARTIAL	financial_entity	032f46a3-6f5e-4331-96ba-d8edc8291315	HARRIS COUNTY DEMOCRATIC PARTY	2	73500	2026-09-01 01:28:12.758725+00	266
PARTIAL	financial_entity	e8f071f3-9f2b-4f84-b181-881547f982c5	VALOR AMERICA	3	67500	2026-08-25 03:24:53.404036+00	68
PARTIAL	financial_entity	58551f73-36b8-4430-855d-83b09ff222cb	AMERICAN COUNCIL OF ENGINEERING COMPANIES ACEC	3	65000	2026-08-09 23:40:35.635263+00	1653
PARTIAL	financial_entity	c39841ee-766c-496c-a577-b6c7c9b19708	TERMS LIMITS AMERICA	1	65000	2026-05-17 07:09:26.595749+00	3
PARTIAL	financial_entity	54228b7a-9b39-457c-9265-d297f43e6494	THE GRASSROOTS PATRIOT PROJECT	2	64900	2026-08-24 05:00:53.824148+00	88
PARTIAL	financial_entity	dd1a2fa9-8077-4766-a62f-732ea2dd71b9	KAWASAKI MOTORS MANUFACTURING CORP USA	1	60000	2026-07-13 07:46:38.251062+00	31
PARTIAL	financial_entity	9071748d-0bd9-43a5-a0b6-59185e1cb120	NORTH CAROLINA REPUBLICAN PARTY	1	56900	2026-07-27 07:52:14.750613+00	1045
PARTIAL	financial_entity	40a46fda-bd49-4fb5-a91b-fc8615f03530	CALIFORNIA S CREDIT UNIONS POLITICAL ACTION COMMITTEE FEDERAL SPONSORED BY CALIFORNIA CREDIT UNION LEAGUE	1	54600	2026-05-17 07:09:51.899858+00	5
PARTIAL	financial_entity	58ba5ece-dcb1-4a39-9bfd-6e9fddfd6b89	DEMOCRATIC PARTY OF OREGON	2	54000	2026-06-28 08:15:21.487865+00	650
PARTIAL	financial_entity	924f2198-9799-4fe1-82e3-be712dfa0197	ILLINOIS REPUBLICAN PARTY FEDERAL	1	50000	2026-06-28 08:15:48.494428+00	701
DROPPED-OUT	financial_entity	0573d3f6-8304-4468-abce-16a910e249a2	SMILEY VICTORY FUND	1	50000	2026-06-28 08:05:41.296027+00	0
DROPPED-OUT	financial_entity	2abfd282-ebc7-4fb3-9578-3f266b8b5f95	AL SENATE REPUBLICAN NOMINEE FUND 2026	2	50000	2026-06-14 07:56:20.459015+00	0
PARTIAL	financial_entity	282603c4-ba40-43ad-b61f-5718cdc9b0af	ACTIVATE AMERICA	1	50000	2026-08-17 03:54:25.857157+00	441
PARTIAL	financial_entity	49e5c8cd-c992-4d9b-b0ca-5cce2f544331	VOTERS OF TOMORROW	1	50000	2026-05-17 06:56:55.950952+00	99
DROPPED-OUT	financial_entity	60be75ca-e470-4bff-9feb-d938788e72e4	HOUSTON WOMEN WIN	1	50000	2026-06-21 08:30:46.595226+00	0
DROPPED-OUT	financial_entity	eec9f319-72ea-47c2-8e7c-1fadc8e431d7	TEAM KLACIK	2	50000	2026-06-28 08:11:57.590996+00	0
PARTIAL	financial_entity	3493984d-86b8-4ed7-ba34-d2ef1ce6c5b6	ADVANCING DEMOCRACY AND MOBILIZATION	1	50000	2026-05-17 07:02:45.096196+00	97
DROPPED-OUT	financial_entity	e90363b9-b313-445b-b8ee-1566e21b17a6	THE BENCH FUND	1	50000	2026-06-28 07:58:31.127552+00	0
DROPPED-OUT	financial_entity	ab9a86de-854e-4f0f-b510-4f2f2b3e206c	NIKEMA WILLIAMS HOUSE VICTORY FUND	1	50000	2026-06-28 08:05:27.723034+00	0
PARTIAL	financial_entity	1a07f8bd-d952-4da4-8983-bb7fccd0879e	DEFEND THE TAXPAYERS	2	50000	2026-06-07 07:46:47.075814+00	61
DROPPED-OUT	financial_entity	b0d2bb5b-da70-4f56-a4af-0c042dd1e6f2	PATRIOT PROTECTION COUNCIL	1	50000	2026-06-28 08:16:54.886227+00	0
PARTIAL	financial_entity	bed75090-a297-43c8-933e-78ae10baea5c	TEXAS DEMOCRATIC PARTY	1	50000	2026-06-28 08:15:08.171102+00	1455
PARTIAL	financial_entity	9ce54116-d3cf-4cdb-adda-9822b4340c4b	INDIANA ACRE INDIANA STATEWIDE ASSOCIATION OF RURAL ELECTRIC COOPERATIVES DBA INDIANA ELECTRIC COOPERATIVES FEDERAL	1	50000	2026-07-13 07:30:15.935457+00	152
DROPPED-OUT	financial_entity	9a8e09a6-7c44-4d80-bf1f-5034eaf1e1f9	MAGAZINER VICTORY FUND	1	50000	2026-06-28 08:13:47.364847+00	0
PARTIAL	financial_entity	b115839c-b804-4394-ab93-fc1f59956577	BAPS PUBLIC AFFAIRS INC POLITICAL ACTION COMMITTEE BAPS	1	50000	2026-07-13 07:17:58.092743+00	175
PARTIAL	financial_entity	95410d51-4f07-456f-bfd3-cabfd34ee647	FORWARD BLUE	1	50000	2026-08-09 16:47:54.520508+00	2137
PARTIAL	financial_entity	f587bd8e-7f6a-4533-9bcc-9fcd4f4cd302	MIDWEST REGION LABORERS POLITICAL LEAGUE	1	50000	2026-08-09 16:53:04.961975+00	287
PARTIAL	financial_entity	2b4eb840-fc9c-4698-b15d-49da27c1457a	CD6 GOP FEDERAL	2	49000	2026-06-28 08:15:48.494428+00	35
PARTIAL	financial_entity	4b5aee68-d0d7-4617-b880-68e148f4aad3	SOLAR ENERGY INDUSTRIES ASSOCIATION PAC SOLARPAC	1	45400	2026-08-09 16:48:09.700934+00	73
PARTIAL	financial_entity	4a9fcd2f-ce55-4811-9c26-9a37b3a562ac	CALIFORNIA YOUNG DEMOCRATS FED	1	40000	2026-05-17 07:10:43.844007+00	27
PARTIAL	financial_entity	d62edc56-c340-493f-ab77-5d2ebacc872c	WASHINGTON STATE DEMOCRATIC CENTRAL	1	38800	2026-07-27 07:42:28.36843+00	543
PARTIAL	financial_entity	5f348eac-ea64-4c44-b1bf-10a1edecdd7a	SOUTHERN COMPANY GAS EMPLOYEES	1	37700	2026-05-17 06:57:52.640258+00	92
PARTIAL	financial_entity	8af9ffa8-a1de-40dd-9e11-70f4f3d9a0cf	MATHEWS COUNTY DEMOCRATIC	1	35000	2026-05-17 07:09:59.296215+00	47
PARTIAL	financial_entity	8ed7804d-3792-44a0-b6e7-b83c856deca9	PLACER COUNTY REPUBLICAN CENTRAL COMMITTEE FED	1	33500	2026-05-17 07:08:38.57732+00	126
PARTIAL	financial_entity	d33aaab9-7642-443f-876a-e9fe926fca8a	SANTA BARBARA COUNTY REPUBLICAN PARTY FEDERAL ACCT C00174334	1	30000	2026-05-17 06:53:22.861947+00	69
PARTIAL	financial_entity	9c6d4758-4d3b-4606-b57b-4ecc5791e7f8	PACIFIC COAST PRODUCERS POLITICAL ACTION COMMITTEE FEDERAL	1	27300	2026-05-17 06:53:08.856415+00	15
PARTIAL	financial_entity	ff7f4a43-a040-44d4-b831-20f1d49dbf03	END CITIZENS UNITED	1	25000	2026-07-28 05:37:55.809797+00	3279
PARTIAL	financial_entity	5f262ad1-d0da-4245-a871-c5bd7b967e3f	DEMOCRATIC EXECUTIVE COMMITTEE OF FLORIDA	1	25000	2026-08-25 03:18:51.4275+00	964
PARTIAL	financial_entity	af7c087c-419b-4dee-823a-2202745646b1	IMPERIAL COUNTY REPUBLICAN PARTY FED	1	25000	2026-05-17 07:08:13.326172+00	11
PARTIAL	financial_entity	adf3f761-5009-4719-b10c-f922b406e096	YOUTH PROGRESSIVE ACTION CATALYST	1	25000	2026-05-17 06:48:41.07548+00	391
PARTIAL	financial_entity	6177d091-8340-4664-bd78-9d3c831fac07	VERMONT DEMOCRATIC PARTY	1	25000	2026-07-27 07:54:17.388043+00	195
PARTIAL	financial_entity	de5fc19b-03fd-4cb7-a5a3-a51cebf99300	KOREAN AMERICANS FOR ORGANIZING FUND	1	25000	2026-06-21 08:11:00.984349+00	19
PARTIAL	financial_entity	d2c47352-6b03-4383-ba00-8115cc573b46	SOUTHWEST IOWA RENEWABLE ENERGY LLC PAC SIRE	1	25000	2026-05-17 07:10:04.81926+00	12
PARTIAL	financial_entity	e172cd7a-ca60-4992-be76-87bd3961d30e	POET	1	25000	2026-05-17 07:04:32.825435+00	313
PARTIAL	financial_entity	b19b7758-2360-449e-9bed-5d3a9d0d841c	PEACE ACTION PAC FKA SANE FREEZE	1	25000	2026-07-27 07:41:52.904981+00	97
PARTIAL	financial_entity	49db6fbd-d2c8-42c9-916c-45af2efa1a53	HEMP INDUSTRY FARMERS OF AMERICA	1	25000	2026-05-17 06:59:34.977583+00	62
PARTIAL	financial_entity	8deb666f-6390-4584-9670-da8d4ae3883b	BEYOND THOUGHTS AND PRAYERS	1	25000	2026-05-17 07:08:20.972858+00	37
PARTIAL	financial_entity	08b90d1c-362f-4ec7-9b35-f9fed6d42d30	CONNECTICUT DEMOCRATIC STATE CENTRAL	1	25000	2026-05-17 06:55:34.224697+00	482
DROPPED-OUT	financial_entity	1a463cfe-6a49-4634-87ae-63b22a16460d	PLUCINSKI VICTORY FUND	1	25000	2026-06-28 08:17:22.090303+00	0
PARTIAL	financial_entity	53dacf7f-2904-468e-98f6-358125ec32ab	FOREST LANDOWNERS ASSOCIATION INC POLITICAL ACTION	1	25000	2026-05-17 06:57:56.665846+00	28
PARTIAL	financial_entity	b7ecc130-0855-429e-8eef-87674b20dc53	ARNOLD PORTER KAYE SCHOLER LLP APKS PARTNERS POLITICAL ACTION	1	25000	2026-07-27 07:52:14.750613+00	80
PARTIAL	financial_entity	f8f39c2e-38cd-4f10-843c-fe10b499e05f	GREENBERG TRAURIG P A	1	24800	2026-08-24 05:16:01.209265+00	431
PARTIAL	financial_entity	adaeb7f4-fe57-417d-8ac9-123bcf5c2f54	CRUSH MAGA	1	24400	2026-08-25 03:23:05.26048+00	953
PARTIAL	financial_entity	07f71036-f15c-4e02-8c09-9fdc187340b1	MACHINISTS NON PARTISAN POLITICAL LEAGUE OF THE INTERNATIONAL ASSOCIATION OF MACHINISTS AEROSPACE WORKERS	1	21600	2026-06-07 08:05:15.462504+00	1057
DROPPED-OUT	financial_entity	8eba7fd3-e2c5-4e8d-ad60-d626ae3dee75	BUCKHOUT NC VICTORY FUND 2026	1	20800	2026-06-28 08:16:28.112071+00	0
PARTIAL	financial_entity	fc8f2ad9-a3d9-4ecd-bce5-21668c6a1817	LET EXPERIENCED PILOTS FLY	1	20600	2026-06-07 07:55:38.157377+00	7
PARTIAL	financial_entity	48d4a907-eeff-43b3-9747-9ca1f5cac6cd	MAHA	1	20200	2026-08-24 05:10:51.190152+00	25
PARTIAL	financial_entity	6f39c212-bef8-4535-9f61-201da3b5ba4a	STOP REPUBLICANS 2026	1	20000	2026-07-13 07:29:58.030232+00	63
PARTIAL	financial_entity	53d9cd63-93d2-445f-8378-00bbf5e742c4	JUSTICE	1	20000	2026-06-07 08:09:14.735361+00	454
