========================================================================
FORCED-SUNDAY CRON RUN — PROD
========================================================================
Started: 2026-05-13T02:59:59.410Z
FEC_CYCLES:        2024,2026
FEC_INDIV_CYCLES:  2024,2026
NODE_OPTIONS:      --max-old-space-size=12288
Date.getDay stub:  0 (expect 0)
========================================================================

╔══════════════════════════════════════════╗
║          Nightly Sync Starting            ║
╚══════════════════════════════════════════╝
  Started: 2026-05-13T02:59:59.423Z
[pipeline] target: https://xsazcoxinpgttgquwvuf.supabase.co (REMOTE)
  Seeding jurisdictions...
  Error upserting jurisdiction for District of Columbia: {
  code: 'PGRST116',
  details: 'Results contain 2 rows, application/vnd.pgrst.object+json requires 1 row',
  hint: null,
  message: 'JSON object requested, multiple (or no) rows returned'
}
  Seeded 1 jurisdictions
  Seeding governing bodies...

=== Regulations.gov pipeline (public) ===
  Fetching open-for-comment documents...
  Got 256 open-for-comment documents
  Fetching documents posted since 2025-05-13...
  Got 1000 recent documents
  Processing 999 unique documents...
  Resolving 85 unique agency acronyms...
    85 agencies resolved (0 newly inserted)

  ──────────────────────────────────────────────────
  Regulations.gov pipeline report
  ──────────────────────────────────────────────────
  Documents fetched:               999
  Agencies resolved:               85 (0 new)
  Proposals inserted:              0
  Proposals updated:               999
  Proposals failed:                0
  Estimated storage:               ~2.25 MB
Starting Congress.gov officials pipeline...
  Fetching page 1 of members...
  Got 250 items (total: 250)
  Fetching page 2 of members...
  Got 250 items (total: 500)
  Fetching page 3 of members...
  Got 36 items (total: 536)
Fetched 536 members from Congress.gov
Found 538 existing officials with Congress.gov IDs
[wrapper-heartbeat] rss=117MB peak=117MB elapsed=30s
Inserted 0, Updated 536 officials
Starting Congress bills + XML member votes pipeline...

--- Step 1: Syncing bills from Congress.gov API ---

  Fetching recent House bills...
  Got 50 House bills
  Proposals upserted so far: 50

  Fetching recent Senate bills...
  Got 50 Senate bills
  Proposals upserted so far: 100

  Fetching recent House joint resolutions...
  Got 50 House joint resolutions
  Proposals upserted so far: 150

  Fetching recent Senate joint resolutions...
  Got 50 Senate joint resolutions
  Proposals upserted so far: 200
  Built bioguide map with 191 entries
  Built senator name:state map with 910 entries

--- Step 3: Fetching House Clerk XML votes ---
[wrapper-heartbeat] rss=139MB peak=139MB elapsed=60s
  Pre-loaded 512 existing House roll IDs

  House session 1 (2025) — collecting rolls...
    Roll 1: fetching...
    Roll 2: fetching...
    Roll 138: fetching...
    Roll 169: fetching...
    Roll 178: fetching...
    Roll 363: fetching...
    Roll 363: 404 — no more rolls for session 1

  House session 2 (2026) — collecting rolls...
    Roll 1: fetching...
    Roll 106: fetching...
    Roll 158: fetching...
    Roll 158: 404 — no more rolls for session 2

  Resolving 0 unique House bills in batch...
  Writing House vote records...
    2025-house-001: no proposal reference, skipping vote records
    2025-house-002: no proposal reference, skipping vote records
    2025-house-138: no proposal reference, skipping vote records
    2025-house-169: no proposal reference, skipping vote records
    2025-house-178: no proposal reference, skipping vote records
    2026-house-001: no proposal reference, skipping vote records
    2026-house-106: no proposal reference, skipping vote records

--- Step 4: Fetching Senate LIS XML votes ---
  Pre-loaded 492 existing Senate roll IDs

  Senate session 1 — collecting rolls...
    Roll 3: fetching...
    Roll 4: fetching...
    Roll 6: fetching...
    Roll 62: fetching...
    Roll 63: fetching...
    Roll 64: fetching...
    Roll 65: fetching...
    Roll 66: fetching...
    Roll 67: fetching...
    Roll 68: fetching...
    Roll 69: fetching...
[wrapper-heartbeat] rss=141MB peak=141MB elapsed=90s
    Roll 70: fetching...
    Roll 71: fetching...
    Roll 72: fetching...
    Roll 73: fetching...
    Roll 74: fetching...
    Roll 75: fetching...
    Roll 76: fetching...
    Roll 77: fetching...
    Roll 78: fetching...
    Roll 79: fetching...
    Roll 80: fetching...
    Roll 81: fetching...
    Roll 82: fetching...
    Roll 83: fetching...
    Roll 84: fetching...
    Roll 85: fetching...
    Roll 86: fetching...
    Roll 129: fetching...
    Roll 130: fetching...
    Roll 131: fetching...
    Roll 132: fetching...
    Roll 170: fetching...
    Roll 171: fetching...
    Roll 172: fetching...
    Roll 173: fetching...
    Roll 174: fetching...
    Roll 175: fetching...
    Roll 176: fetching...
    Roll 177: fetching...
    Roll 178: fetching...
    Roll 179: fetching...
    Roll 180: fetching...
    Roll 181: fetching...
    Roll 182: fetching...
    Roll 183: fetching...
    Roll 184: fetching...
    Roll 185: fetching...
    Roll 186: fetching...
    Roll 187: fetching...
    Roll 188: fetching...
    Roll 189: fetching...
    Roll 190: fetching...
    Roll 309: fetching...
    Roll 310: fetching...
    Roll 311: fetching...
    Roll 330: fetching...
    Roll 339: fetching...
    Roll 341: fetching...
    Roll 342: fetching...
    Roll 343: fetching...
    Roll 344: fetching...
    Roll 345: fetching...
    Roll 352: fetching...
    Roll 355: fetching...
    Roll 356: fetching...
    Roll 358: fetching...
    Roll 360: fetching...
    Roll 361: fetching...
    Roll 362: fetching...
    Roll 363: fetching...
    Roll 364: fetching...
    Roll 365: fetching...
    Roll 366: fetching...
    Roll 367: fetching...
    Roll 368: fetching...
    Roll 369: fetching...
    Roll 370: fetching...
    Roll 371: fetching...
    Roll 393: fetching...
    Roll 397: fetching...
    Roll 400: fetching...
    Roll 402: fetching...
    Roll 404: fetching...
    Roll 405: fetching...
    Roll 406: fetching...
    Roll 407: fetching...
    Roll 408: fetching...
    Roll 409: fetching...
    Roll 410: fetching...
    Roll 472: fetching...
    Roll 473: fetching...
    Roll 474: fetching...
    Roll 475: fetching...
    Roll 476: fetching...
    Roll 477: fetching...
    Roll 478: fetching...
    Roll 479: fetching...
    Roll 481: fetching...

  Senate session 2 — collecting rolls...
    Roll 14: fetching...
    Roll 15: fetching...
    Roll 16: fetching...
    Roll 17: fetching...
    Roll 18: fetching...
    Roll 19: fetching...
    Roll 50: fetching...
    Roll 51: fetching...
    Roll 60: fetching...
    Roll 73: fetching...
    Roll 89: fetching...
    Roll 90: fetching...
    Roll 91: fetching...
    Roll 92: fetching...
    Roll 93: fetching...
    Roll 94: fetching...
    Roll 95: fetching...
    Roll 96: fetching...
    Roll 97: fetching...
    Roll 98: fetching...
    Roll 99: fetching...
    Roll 100: fetching...
    Roll 101: fetching...
    Roll 102: fetching...
    Roll 103: fetching...
    Roll 104: fetching...
    Roll 118: fetching...
    Roll 118: unexpected XML structure, skipping
    Roll 119: fetching...
    Roll 119: unexpected XML structure, skipping
    Roll 120: fetching...
    Roll 120: unexpected XML structure, skipping
    Roll 121: fetching...
    Roll 121: unexpected XML structure, skipping
    Roll 122: fetching...
    Roll 122: unexpected XML structure, skipping
    Roll 123: fetching...
    Roll 123: unexpected XML structure, skipping
    Roll 124: fetching...
    Roll 124: unexpected XML structure, skipping
    Roll 125: fetching...
    Roll 125: unexpected XML structure, skipping
    Roll 126: fetching...
    Roll 126: unexpected XML structure, skipping
    Roll 127: fetching...
    Roll 127: unexpected XML structure, skipping
    Roll 128: fetching...
[wrapper-heartbeat] rss=166MB peak=166MB elapsed=120s
    Roll 128: unexpected XML structure, skipping
    Roll 129: fetching...
    Roll 129: unexpected XML structure, skipping
    Roll 130: fetching...
    Roll 130: unexpected XML structure, skipping
    Roll 131: fetching...
    Roll 131: unexpected XML structure, skipping
    Roll 132: fetching...
    Roll 132: unexpected XML structure, skipping
    Roll 133: fetching...
    Roll 133: unexpected XML structure, skipping
    Roll 134: fetching...
    Roll 134: unexpected XML structure, skipping
    Roll 135: fetching...
    Roll 135: unexpected XML structure, skipping
    Roll 136: fetching...
    Roll 136: unexpected XML structure, skipping
    Roll 137: fetching...
    Roll 137: unexpected XML structure, skipping
    Roll 138: fetching...
    Roll 138: unexpected XML structure, skipping
    Roll 139: fetching...
    Roll 139: unexpected XML structure, skipping
    Roll 140: fetching...
    Roll 140: unexpected XML structure, skipping
    Roll 141: fetching...
    Roll 141: unexpected XML structure, skipping
    Roll 142: fetching...
    Roll 142: unexpected XML structure, skipping
    Roll 143: fetching...
    Roll 143: unexpected XML structure, skipping
    Roll 144: fetching...
    Roll 144: unexpected XML structure, skipping
    Roll 145: fetching...
    Roll 145: unexpected XML structure, skipping
    Roll 146: fetching...
    Roll 146: unexpected XML structure, skipping
    Roll 147: fetching...
    Roll 147: unexpected XML structure, skipping
    Roll 148: fetching...
    Roll 148: unexpected XML structure, skipping
    Roll 149: fetching...
    Roll 149: unexpected XML structure, skipping
    Roll 150: fetching...
    Roll 150: unexpected XML structure, skipping
    Roll 151: fetching...
    Roll 151: unexpected XML structure, skipping
    Roll 152: fetching...
    Roll 152: unexpected XML structure, skipping
    Roll 153: fetching...
    Roll 153: unexpected XML structure, skipping
    Roll 154: fetching...
    Roll 154: unexpected XML structure, skipping
    Roll 155: fetching...
    Roll 155: unexpected XML structure, skipping
    Roll 156: fetching...
    Roll 156: unexpected XML structure, skipping
    Roll 157: fetching...
    Roll 157: unexpected XML structure, skipping
    Roll 158: fetching...
    Roll 158: unexpected XML structure, skipping
    Roll 159: fetching...
    Roll 159: unexpected XML structure, skipping
    Roll 160: fetching...
    Roll 160: unexpected XML structure, skipping
    Roll 161: fetching...
    Roll 161: unexpected XML structure, skipping
    Roll 162: fetching...
    Roll 162: unexpected XML structure, skipping
    Roll 163: fetching...
    Roll 163: unexpected XML structure, skipping
    Roll 164: fetching...
    Roll 164: unexpected XML structure, skipping
    Roll 165: fetching...
    Roll 165: unexpected XML structure, skipping
    Roll 166: fetching...
    Roll 166: unexpected XML structure, skipping
    Roll 167: fetching...
    Roll 167: unexpected XML structure, skipping
    Roll 168: fetching...
    Roll 168: unexpected XML structure, skipping
    Roll 169: fetching...
    Roll 169: unexpected XML structure, skipping
    Roll 170: fetching...
    Roll 170: unexpected XML structure, skipping
    Roll 171: fetching...
    Roll 171: unexpected XML structure, skipping
    Roll 172: fetching...
    Roll 172: unexpected XML structure, skipping
    Roll 173: fetching...
    Roll 173: unexpected XML structure, skipping
    Roll 174: fetching...
    Roll 174: unexpected XML structure, skipping
    Roll 175: fetching...
    Roll 175: unexpected XML structure, skipping
    Roll 176: fetching...
    Roll 176: unexpected XML structure, skipping
    Roll 177: fetching...
    Roll 177: unexpected XML structure, skipping
    Roll 178: fetching...
    Roll 178: unexpected XML structure, skipping
    Roll 179: fetching...
    Roll 179: unexpected XML structure, skipping
    Roll 180: fetching...
    Roll 180: unexpected XML structure, skipping
    Roll 181: fetching...
    Roll 181: unexpected XML structure, skipping
    Roll 182: fetching...
    Roll 182: unexpected XML structure, skipping
    Roll 183: fetching...
    Roll 183: unexpected XML structure, skipping
    Roll 184: fetching...
    Roll 184: unexpected XML structure, skipping
    Roll 185: fetching...
    Roll 185: unexpected XML structure, skipping
    Roll 186: fetching...
    Roll 186: unexpected XML structure, skipping
    Roll 187: fetching...
    Roll 187: unexpected XML structure, skipping
    Roll 188: fetching...
    Roll 188: unexpected XML structure, skipping
    Roll 189: fetching...
    Roll 189: unexpected XML structure, skipping
    Roll 190: fetching...
    Roll 190: unexpected XML structure, skipping
    Roll 191: fetching...
    Roll 191: unexpected XML structure, skipping
    Roll 192: fetching...
    Roll 192: unexpected XML structure, skipping
    Roll 193: fetching...
    Roll 193: unexpected XML structure, skipping
    Roll 194: fetching...
    Roll 194: unexpected XML structure, skipping
    Roll 195: fetching...
    Roll 195: unexpected XML structure, skipping
    Roll 196: fetching...
    Roll 196: unexpected XML structure, skipping
    Roll 197: fetching...
    Roll 197: unexpected XML structure, skipping
    Roll 198: fetching...
    Roll 198: unexpected XML structure, skipping
    Roll 199: fetching...
    Roll 199: unexpected XML structure, skipping
    Roll 200: fetching...
    Roll 200: unexpected XML structure, skipping
    Roll 201: fetching...
    Roll 201: unexpected XML structure, skipping
    Roll 202: fetching...
    Roll 202: unexpected XML structure, skipping
    Roll 203: fetching...
    Roll 203: unexpected XML structure, skipping
    Roll 204: fetching...
    Roll 204: unexpected XML structure, skipping
    Roll 205: fetching...
    Roll 205: unexpected XML structure, skipping
    Roll 206: fetching...
    Roll 206: unexpected XML structure, skipping
    Roll 207: fetching...
    Roll 207: unexpected XML structure, skipping
    Roll 208: fetching...
    Roll 208: unexpected XML structure, skipping
    Roll 209: fetching...
    Roll 209: unexpected XML structure, skipping
    Roll 210: fetching...
    Roll 210: unexpected XML structure, skipping
    Roll 211: fetching...
    Roll 211: unexpected XML structure, skipping
    Roll 212: fetching...
    Roll 212: unexpected XML structure, skipping
    Roll 213: fetching...
    Roll 213: unexpected XML structure, skipping
    Roll 214: fetching...
    Roll 214: unexpected XML structure, skipping
    Roll 215: fetching...
    Roll 215: unexpected XML structure, skipping
    Roll 216: fetching...
    Roll 216: unexpected XML structure, skipping
    Roll 217: fetching...
    Roll 217: unexpected XML structure, skipping
    Roll 218: fetching...
    Roll 218: unexpected XML structure, skipping
    Roll 219: fetching...
    Roll 219: unexpected XML structure, skipping
    Roll 220: fetching...
    Roll 220: unexpected XML structure, skipping
    Roll 221: fetching...
    Roll 221: unexpected XML structure, skipping
    Roll 222: fetching...
    Roll 222: unexpected XML structure, skipping
    Roll 223: fetching...
    Roll 223: unexpected XML structure, skipping
    Roll 224: fetching...
    Roll 224: unexpected XML structure, skipping
    Roll 225: fetching...
    Roll 225: unexpected XML structure, skipping
    Roll 226: fetching...
    Roll 226: unexpected XML structure, skipping
    Roll 227: fetching...
    Roll 227: unexpected XML structure, skipping
    Roll 228: fetching...
    Roll 228: unexpected XML structure, skipping
    Roll 229: fetching...
    Roll 229: unexpected XML structure, skipping
    Roll 230: fetching...
    Roll 230: unexpected XML structure, skipping
    Roll 231: fetching...
    Roll 231: unexpected XML structure, skipping
    Roll 232: fetching...
    Roll 232: unexpected XML structure, skipping
    Roll 233: fetching...
    Roll 233: unexpected XML structure, skipping
    Roll 234: fetching...
[wrapper-heartbeat] rss=169MB peak=169MB elapsed=150s
    Roll 234: unexpected XML structure, skipping
    Roll 235: fetching...
    Roll 235: unexpected XML structure, skipping
    Roll 236: fetching...
    Roll 236: unexpected XML structure, skipping
    Roll 237: fetching...
    Roll 237: unexpected XML structure, skipping
    Roll 238: fetching...
    Roll 238: unexpected XML structure, skipping
    Roll 239: fetching...
    Roll 239: unexpected XML structure, skipping
    Roll 240: fetching...
    Roll 240: unexpected XML structure, skipping
    Roll 241: fetching...
    Roll 241: unexpected XML structure, skipping
    Roll 242: fetching...
    Roll 242: unexpected XML structure, skipping
    Roll 243: fetching...
    Roll 243: unexpected XML structure, skipping
    Roll 244: fetching...
    Roll 244: unexpected XML structure, skipping
    Roll 245: fetching...
    Roll 245: unexpected XML structure, skipping
    Roll 246: fetching...
    Roll 246: unexpected XML structure, skipping
    Roll 247: fetching...
    Roll 247: unexpected XML structure, skipping
    Roll 248: fetching...
    Roll 248: unexpected XML structure, skipping
    Roll 249: fetching...
    Roll 249: unexpected XML structure, skipping
    Roll 250: fetching...
    Roll 250: unexpected XML structure, skipping
    Roll 251: fetching...
    Roll 251: unexpected XML structure, skipping
    Roll 252: fetching...
    Roll 252: unexpected XML structure, skipping
    Roll 253: fetching...
    Roll 253: unexpected XML structure, skipping
    Roll 254: fetching...
    Roll 254: unexpected XML structure, skipping
    Roll 255: fetching...
    Roll 255: unexpected XML structure, skipping
    Roll 256: fetching...
    Roll 256: unexpected XML structure, skipping
    Roll 257: fetching...
    Roll 257: unexpected XML structure, skipping
    Roll 258: fetching...
    Roll 258: unexpected XML structure, skipping
    Roll 259: fetching...
    Roll 259: unexpected XML structure, skipping
    Roll 260: fetching...
    Roll 260: unexpected XML structure, skipping
    Roll 261: fetching...
    Roll 261: unexpected XML structure, skipping
    Roll 262: fetching...
    Roll 262: unexpected XML structure, skipping
    Roll 263: fetching...
    Roll 263: unexpected XML structure, skipping
    Roll 264: fetching...
    Roll 264: unexpected XML structure, skipping
    Roll 265: fetching...
    Roll 265: unexpected XML structure, skipping
    Roll 266: fetching...
    Roll 266: unexpected XML structure, skipping
    Roll 267: fetching...
    Roll 267: unexpected XML structure, skipping
    Roll 268: fetching...
    Roll 268: unexpected XML structure, skipping
    Roll 269: fetching...
    Roll 269: unexpected XML structure, skipping
    Roll 270: fetching...
    Roll 270: unexpected XML structure, skipping
    Roll 271: fetching...
    Roll 271: unexpected XML structure, skipping
    Roll 272: fetching...
    Roll 272: unexpected XML structure, skipping
    Roll 273: fetching...
    Roll 273: unexpected XML structure, skipping
    Roll 274: fetching...
    Roll 274: unexpected XML structure, skipping
    Roll 275: fetching...
    Roll 275: unexpected XML structure, skipping
    Roll 276: fetching...
    Roll 276: unexpected XML structure, skipping
    Roll 277: fetching...
    Roll 277: unexpected XML structure, skipping
    Roll 278: fetching...
    Roll 278: unexpected XML structure, skipping
    Roll 279: fetching...
    Roll 279: unexpected XML structure, skipping
    Roll 280: fetching...
    Roll 280: unexpected XML structure, skipping
    Roll 281: fetching...
    Roll 281: unexpected XML structure, skipping
    Roll 282: fetching...
    Roll 282: unexpected XML structure, skipping
    Roll 283: fetching...
    Roll 283: unexpected XML structure, skipping
    Roll 284: fetching...
    Roll 284: unexpected XML structure, skipping
    Roll 285: fetching...
    Roll 285: unexpected XML structure, skipping
    Roll 286: fetching...
    Roll 286: unexpected XML structure, skipping
    Roll 287: fetching...
    Roll 287: unexpected XML structure, skipping
    Roll 288: fetching...
    Roll 288: unexpected XML structure, skipping
    Roll 289: fetching...
    Roll 289: unexpected XML structure, skipping
    Roll 290: fetching...
    Roll 290: unexpected XML structure, skipping
    Roll 291: fetching...
    Roll 291: unexpected XML structure, skipping
    Roll 292: fetching...
    Roll 292: unexpected XML structure, skipping
    Roll 293: fetching...
    Roll 293: unexpected XML structure, skipping
    Roll 294: fetching...
    Roll 294: unexpected XML structure, skipping
    Roll 295: fetching...
    Roll 295: unexpected XML structure, skipping
    Roll 296: fetching...
    Roll 296: unexpected XML structure, skipping
    Roll 297: fetching...
    Roll 297: unexpected XML structure, skipping
    Roll 298: fetching...
    Roll 298: unexpected XML structure, skipping
    Roll 299: fetching...
    Roll 299: unexpected XML structure, skipping
    Roll 300: fetching...
    Roll 300: unexpected XML structure, skipping
    Roll 301: fetching...
    Roll 301: unexpected XML structure, skipping
    Roll 302: fetching...
    Roll 302: unexpected XML structure, skipping
    Roll 303: fetching...
    Roll 303: unexpected XML structure, skipping
    Roll 304: fetching...
    Roll 304: unexpected XML structure, skipping
    Roll 305: fetching...
    Roll 305: unexpected XML structure, skipping
    Roll 306: fetching...
    Roll 306: unexpected XML structure, skipping
    Roll 307: fetching...
    Roll 307: unexpected XML structure, skipping
    Roll 308: fetching...
    Roll 308: unexpected XML structure, skipping
    Roll 309: fetching...
    Roll 309: unexpected XML structure, skipping
    Roll 310: fetching...
    Roll 310: unexpected XML structure, skipping
    Roll 311: fetching...
    Roll 311: unexpected XML structure, skipping
    Roll 312: fetching...
    Roll 312: unexpected XML structure, skipping
    Roll 313: fetching...
    Roll 313: unexpected XML structure, skipping
    Roll 314: fetching...
    Roll 314: unexpected XML structure, skipping
    Roll 315: fetching...
    Roll 315: unexpected XML structure, skipping
    Roll 316: fetching...
    Roll 316: unexpected XML structure, skipping
    Roll 317: fetching...
    Roll 317: unexpected XML structure, skipping
    Roll 318: fetching...
    Roll 318: unexpected XML structure, skipping
    Roll 319: fetching...
    Roll 319: unexpected XML structure, skipping
    Roll 320: fetching...
    Roll 320: unexpected XML structure, skipping
    Roll 321: fetching...
    Roll 321: unexpected XML structure, skipping
    Roll 322: fetching...
    Roll 322: unexpected XML structure, skipping
    Roll 323: fetching...
    Roll 323: unexpected XML structure, skipping
    Roll 324: fetching...
    Roll 324: unexpected XML structure, skipping
    Roll 325: fetching...
    Roll 325: unexpected XML structure, skipping
    Roll 326: fetching...
    Roll 326: unexpected XML structure, skipping
    Roll 327: fetching...
    Roll 327: unexpected XML structure, skipping
    Roll 328: fetching...
    Roll 328: unexpected XML structure, skipping
    Roll 329: fetching...
    Roll 329: unexpected XML structure, skipping
    Roll 330: fetching...
    Roll 330: unexpected XML structure, skipping
    Roll 331: fetching...
    Roll 331: unexpected XML structure, skipping
    Roll 332: fetching...
    Roll 332: unexpected XML structure, skipping
    Roll 333: fetching...
    Roll 333: unexpected XML structure, skipping
    Roll 334: fetching...
    Roll 334: unexpected XML structure, skipping
    Roll 335: fetching...
    Roll 335: unexpected XML structure, skipping
    Roll 336: fetching...
    Roll 336: unexpected XML structure, skipping
    Roll 337: fetching...
    Roll 337: unexpected XML structure, skipping
    Roll 338: fetching...
    Roll 338: unexpected XML structure, skipping
    Roll 339: fetching...
    Roll 339: unexpected XML structure, skipping
    Roll 340: fetching...
    Roll 340: unexpected XML structure, skipping
    Roll 341: fetching...
    Roll 341: unexpected XML structure, skipping
    Roll 342: fetching...
    Roll 342: unexpected XML structure, skipping
    Roll 343: fetching...
    Roll 343: unexpected XML structure, skipping
    Roll 344: fetching...
    Roll 344: unexpected XML structure, skipping
    Roll 345: fetching...
    Roll 345: unexpected XML structure, skipping
    Roll 346: fetching...
    Roll 346: unexpected XML structure, skipping
    Roll 347: fetching...
    Roll 347: unexpected XML structure, skipping
    Roll 348: fetching...
    Roll 348: unexpected XML structure, skipping
    Roll 349: fetching...
    Roll 349: unexpected XML structure, skipping
    Roll 350: fetching...
    Roll 350: unexpected XML structure, skipping
    Roll 351: fetching...
    Roll 351: unexpected XML structure, skipping
    Roll 352: fetching...
    Roll 352: unexpected XML structure, skipping
    Roll 353: fetching...
[wrapper-heartbeat] rss=170MB peak=170MB elapsed=180s
    Roll 353: unexpected XML structure, skipping
    Roll 354: fetching...
    Roll 354: unexpected XML structure, skipping
    Roll 355: fetching...
    Roll 355: unexpected XML structure, skipping
    Roll 356: fetching...
    Roll 356: unexpected XML structure, skipping
    Roll 357: fetching...
    Roll 357: unexpected XML structure, skipping
    Roll 358: fetching...
    Roll 358: unexpected XML structure, skipping
    Roll 359: fetching...
    Roll 359: unexpected XML structure, skipping
    Roll 360: fetching...
    Roll 360: unexpected XML structure, skipping
    Roll 361: fetching...
    Roll 361: unexpected XML structure, skipping
    Roll 362: fetching...
    Roll 362: unexpected XML structure, skipping
    Roll 363: fetching...
    Roll 363: unexpected XML structure, skipping
    Roll 364: fetching...
    Roll 364: unexpected XML structure, skipping
    Roll 365: fetching...
    Roll 365: unexpected XML structure, skipping
    Roll 366: fetching...
    Roll 366: unexpected XML structure, skipping
    Roll 367: fetching...
    Roll 367: unexpected XML structure, skipping
    Roll 368: fetching...
    Roll 368: unexpected XML structure, skipping
    Roll 369: fetching...
    Roll 369: unexpected XML structure, skipping
    Roll 370: fetching...
    Roll 370: unexpected XML structure, skipping
    Roll 371: fetching...
    Roll 371: unexpected XML structure, skipping
    Roll 372: fetching...
    Roll 372: unexpected XML structure, skipping
    Roll 373: fetching...
    Roll 373: unexpected XML structure, skipping
    Roll 374: fetching...
    Roll 374: unexpected XML structure, skipping
    Roll 375: fetching...
    Roll 375: unexpected XML structure, skipping
    Roll 376: fetching...
    Roll 376: unexpected XML structure, skipping
    Roll 377: fetching...
    Roll 377: unexpected XML structure, skipping
    Roll 378: fetching...
    Roll 378: unexpected XML structure, skipping
    Roll 379: fetching...
    Roll 379: unexpected XML structure, skipping
    Roll 380: fetching...
    Roll 380: unexpected XML structure, skipping
    Roll 381: fetching...
    Roll 381: unexpected XML structure, skipping
    Roll 382: fetching...
    Roll 382: unexpected XML structure, skipping
    Roll 383: fetching...
    Roll 383: unexpected XML structure, skipping
    Roll 384: fetching...
    Roll 384: unexpected XML structure, skipping
    Roll 385: fetching...
    Roll 385: unexpected XML structure, skipping
    Roll 386: fetching...
    Roll 386: unexpected XML structure, skipping
    Roll 387: fetching...
    Roll 387: unexpected XML structure, skipping
    Roll 388: fetching...
    Roll 388: unexpected XML structure, skipping
    Roll 389: fetching...
    Roll 389: unexpected XML structure, skipping
    Roll 390: fetching...
    Roll 390: unexpected XML structure, skipping
    Roll 391: fetching...
    Roll 391: unexpected XML structure, skipping
    Roll 392: fetching...
    Roll 392: unexpected XML structure, skipping
    Roll 393: fetching...
    Roll 393: unexpected XML structure, skipping
    Roll 394: fetching...
    Roll 394: unexpected XML structure, skipping
    Roll 395: fetching...
    Roll 395: unexpected XML structure, skipping
    Roll 396: fetching...
    Roll 396: unexpected XML structure, skipping
    Roll 397: fetching...
    Roll 397: unexpected XML structure, skipping
    Roll 398: fetching...
    Roll 398: unexpected XML structure, skipping
    Roll 399: fetching...
    Roll 399: unexpected XML structure, skipping
    Roll 400: fetching...
    Roll 400: unexpected XML structure, skipping
    Roll 401: fetching...
    Roll 401: unexpected XML structure, skipping
    Roll 402: fetching...
    Roll 402: unexpected XML structure, skipping
    Roll 403: fetching...
    Roll 403: unexpected XML structure, skipping
    Roll 404: fetching...
    Roll 404: unexpected XML structure, skipping
    Roll 405: fetching...
    Roll 405: unexpected XML structure, skipping
    Roll 406: fetching...
    Roll 406: unexpected XML structure, skipping
    Roll 407: fetching...
    Roll 407: unexpected XML structure, skipping
    Roll 408: fetching...
    Roll 408: unexpected XML structure, skipping
    Roll 409: fetching...
    Roll 409: unexpected XML structure, skipping
    Roll 410: fetching...
    Roll 410: unexpected XML structure, skipping
    Roll 411: fetching...
    Roll 411: unexpected XML structure, skipping
    Roll 412: fetching...
    Roll 412: unexpected XML structure, skipping
    Roll 413: fetching...
    Roll 413: unexpected XML structure, skipping
    Roll 414: fetching...
    Roll 414: unexpected XML structure, skipping
    Roll 415: fetching...
    Roll 415: unexpected XML structure, skipping
    Roll 416: fetching...
    Roll 416: unexpected XML structure, skipping
    Roll 417: fetching...
    Roll 417: unexpected XML structure, skipping
    Roll 418: fetching...
    Roll 418: unexpected XML structure, skipping
    Roll 419: fetching...
    Roll 419: unexpected XML structure, skipping
    Roll 420: fetching...
    Roll 420: unexpected XML structure, skipping
    Roll 421: fetching...
    Roll 421: unexpected XML structure, skipping
    Roll 422: fetching...
    Roll 422: unexpected XML structure, skipping
    Roll 423: fetching...
    Roll 423: unexpected XML structure, skipping
    Roll 424: fetching...
    Roll 424: unexpected XML structure, skipping
    Roll 425: fetching...
    Roll 425: unexpected XML structure, skipping
    Roll 426: fetching...
    Roll 426: unexpected XML structure, skipping
    Roll 427: fetching...
    Roll 427: unexpected XML structure, skipping
    Roll 428: fetching...
    Roll 428: unexpected XML structure, skipping
    Roll 429: fetching...
    Roll 429: unexpected XML structure, skipping
    Roll 430: fetching...
    Roll 430: unexpected XML structure, skipping
    Roll 431: fetching...
    Roll 431: unexpected XML structure, skipping
    Roll 432: fetching...
    Roll 432: unexpected XML structure, skipping
    Roll 433: fetching...
    Roll 433: fetch error — HTTP 403 Forbidden — https://www.senate.gov/legislative/LIS/roll_call_votes/vote1192/vote_119_2_00433.xml
  Body: <!DOCTYPE HTML PUBLIC "-//W3C//DTD HTML 4.0 Transitional//EN">
<!-- Akamaizer will replace all instances of the token "AKAMWAFREFID", -->
<!-- in meta/CONTENT or within <span>, -->
<!-- with the refer
    Roll 434: fetching...
    Roll 434: fetch error — HTTP 403 Forbidden — https://www.senate.gov/legislative/LIS/roll_call_votes/vote1192/vote_119_2_00434.xml
  Body: <!DOCTYPE HTML PUBLIC "-//W3C//DTD HTML 4.0 Transitional//EN">
<!-- Akamaizer will replace all instances of the token "AKAMWAFREFID", -->
<!-- in meta/CONTENT or within <span>, -->
<!-- with the refer
    Roll 435: fetching...
    Roll 435: fetch error — HTTP 403 Forbidden — https://www.senate.gov/legislative/LIS/roll_call_votes/vote1192/vote_119_2_00435.xml
  Body: <!DOCTYPE HTML PUBLIC "-//W3C//DTD HTML 4.0 Transitional//EN">
<!-- Akamaizer will replace all instances of the token "AKAMWAFREFID", -->
<!-- in meta/CONTENT or within <span>, -->
<!-- with the refer
    Roll 436: fetching...
    Roll 436: fetch error — HTTP 403 Forbidden — https://www.senate.gov/legislative/LIS/roll_call_votes/vote1192/vote_119_2_00436.xml
  Body: <!DOCTYPE HTML PUBLIC "-//W3C//DTD HTML 4.0 Transitional//EN">
<!-- Akamaizer will replace all instances of the token "AKAMWAFREFID", -->
<!-- in meta/CONTENT or within <span>, -->
<!-- with the refer
    Roll 437: fetching...
    Roll 437: unexpected XML structure, skipping
    Roll 438: fetching...
    Roll 438: unexpected XML structure, skipping
    Roll 439: fetching...
    Roll 439: unexpected XML structure, skipping
    Roll 440: fetching...
    Roll 440: unexpected XML structure, skipping
    Roll 441: fetching...
    Roll 441: unexpected XML structure, skipping
    Roll 442: fetching...
    Roll 442: unexpected XML structure, skipping
    Roll 443: fetching...
    Roll 443: unexpected XML structure, skipping
    Roll 444: fetching...
    Roll 444: unexpected XML structure, skipping
    Roll 445: fetching...
    Roll 445: unexpected XML structure, skipping
    Roll 446: fetching...
    Roll 446: unexpected XML structure, skipping
    Roll 447: fetching...
    Roll 447: unexpected XML structure, skipping
    Roll 448: fetching...
    Roll 448: unexpected XML structure, skipping
    Roll 449: fetching...
    Roll 449: unexpected XML structure, skipping
    Roll 450: fetching...
    Roll 450: unexpected XML structure, skipping
    Roll 451: fetching...
    Roll 451: unexpected XML structure, skipping
    Roll 452: fetching...
    Roll 452: unexpected XML structure, skipping
    Roll 453: fetching...
    Roll 453: unexpected XML structure, skipping
    Roll 454: fetching...
    Roll 454: unexpected XML structure, skipping
    Roll 455: fetching...
    Roll 455: unexpected XML structure, skipping
    Roll 456: fetching...
    Roll 456: unexpected XML structure, skipping
    Roll 457: fetching...
    Roll 457: unexpected XML structure, skipping
    Roll 458: fetching...
    Roll 458: unexpected XML structure, skipping
    Roll 459: fetching...
    Roll 459: unexpected XML structure, skipping
    Roll 460: fetching...
    Roll 460: unexpected XML structure, skipping
    Roll 461: fetching...
    Roll 461: unexpected XML structure, skipping
    Roll 462: fetching...
    Roll 462: unexpected XML structure, skipping
    Roll 463: fetching...
    Roll 463: unexpected XML structure, skipping
    Roll 464: fetching...
    Roll 464: unexpected XML structure, skipping
    Roll 465: fetching...
    Roll 465: unexpected XML structure, skipping
    Roll 466: fetching...
    Roll 466: unexpected XML structure, skipping
    Roll 467: fetching...
    Roll 467: unexpected XML structure, skipping
    Roll 468: fetching...
    Roll 468: unexpected XML structure, skipping
    Roll 469: fetching...
    Roll 469: unexpected XML structure, skipping
    Roll 470: fetching...
    Roll 470: unexpected XML structure, skipping
    Roll 471: fetching...
    Roll 471: unexpected XML structure, skipping
    Roll 472: fetching...
    Roll 472: unexpected XML structure, skipping
    Roll 473: fetching...
    Roll 473: unexpected XML structure, skipping
    Roll 474: fetching...
    Roll 474: unexpected XML structure, skipping
    Roll 475: fetching...
    Roll 475: unexpected XML structure, skipping
    Roll 476: fetching...
[wrapper-heartbeat] rss=170MB peak=170MB elapsed=210s
    Roll 476: unexpected XML structure, skipping
    Roll 477: fetching...
    Roll 477: unexpected XML structure, skipping
    Roll 478: fetching...
    Roll 478: unexpected XML structure, skipping
    Roll 479: fetching...
    Roll 479: unexpected XML structure, skipping
    Roll 480: fetching...
    Roll 480: unexpected XML structure, skipping
    Roll 481: fetching...
    Roll 481: unexpected XML structure, skipping
    Roll 482: fetching...
    Roll 482: unexpected XML structure, skipping
    Roll 483: fetching...
    Roll 483: unexpected XML structure, skipping
    Roll 484: fetching...
    Roll 484: unexpected XML structure, skipping
    Roll 485: fetching...
    Roll 485: unexpected XML structure, skipping
    Roll 486: fetching...
    Roll 486: unexpected XML structure, skipping
    Roll 487: fetching...
    Roll 487: unexpected XML structure, skipping
    Roll 488: fetching...
    Roll 488: unexpected XML structure, skipping
    Roll 489: fetching...
    Roll 489: unexpected XML structure, skipping
    Roll 490: fetching...
    Roll 490: unexpected XML structure, skipping
    Roll 491: fetching...
    Roll 491: unexpected XML structure, skipping
    Roll 492: fetching...
    Roll 492: unexpected XML structure, skipping
    Roll 493: fetching...
    Roll 493: unexpected XML structure, skipping
    Roll 494: fetching...
    Roll 494: unexpected XML structure, skipping
    Roll 495: fetching...
    Roll 495: unexpected XML structure, skipping
    Roll 496: fetching...
    Roll 496: unexpected XML structure, skipping
    Roll 497: fetching...
    Roll 497: unexpected XML structure, skipping
    Roll 498: fetching...
    Roll 498: unexpected XML structure, skipping
    Roll 499: fetching...
    Roll 499: unexpected XML structure, skipping
    Roll 500: fetching...
    Roll 500: unexpected XML structure, skipping

  Resolving 0 unique Senate bills in batch...
  Writing Senate vote records...
    senate-119-1-00003: no proposal reference, skipping vote records
    senate-119-1-00004: no proposal reference, skipping vote records
    senate-119-1-00006: no proposal reference, skipping vote records
    senate-119-1-00062: no proposal reference, skipping vote records
    senate-119-1-00063: no proposal reference, skipping vote records
    senate-119-1-00064: no proposal reference, skipping vote records
    senate-119-1-00065: no proposal reference, skipping vote records
    senate-119-1-00066: no proposal reference, skipping vote records
    senate-119-1-00067: no proposal reference, skipping vote records
    senate-119-1-00068: no proposal reference, skipping vote records
    senate-119-1-00069: no proposal reference, skipping vote records
    senate-119-1-00070: no proposal reference, skipping vote records
    senate-119-1-00071: no proposal reference, skipping vote records
    senate-119-1-00072: no proposal reference, skipping vote records
    senate-119-1-00073: no proposal reference, skipping vote records
    senate-119-1-00074: no proposal reference, skipping vote records
    senate-119-1-00075: no proposal reference, skipping vote records
    senate-119-1-00076: no proposal reference, skipping vote records
    senate-119-1-00077: no proposal reference, skipping vote records
    senate-119-1-00078: no proposal reference, skipping vote records
    senate-119-1-00079: no proposal reference, skipping vote records
    senate-119-1-00080: no proposal reference, skipping vote records
    senate-119-1-00081: no proposal reference, skipping vote records
    senate-119-1-00082: no proposal reference, skipping vote records
    senate-119-1-00083: no proposal reference, skipping vote records
    senate-119-1-00084: no proposal reference, skipping vote records
    senate-119-1-00085: no proposal reference, skipping vote records
    senate-119-1-00086: no proposal reference, skipping vote records
    senate-119-1-00129: no proposal reference, skipping vote records
    senate-119-1-00130: no proposal reference, skipping vote records
    senate-119-1-00131: no proposal reference, skipping vote records
    senate-119-1-00132: no proposal reference, skipping vote records
    senate-119-1-00170: no proposal reference, skipping vote records
    senate-119-1-00171: no proposal reference, skipping vote records
    senate-119-1-00172: no proposal reference, skipping vote records
    senate-119-1-00173: no proposal reference, skipping vote records
    senate-119-1-00174: no proposal reference, skipping vote records
    senate-119-1-00175: no proposal reference, skipping vote records
    senate-119-1-00176: no proposal reference, skipping vote records
    senate-119-1-00177: no proposal reference, skipping vote records
    senate-119-1-00178: no proposal reference, skipping vote records
    senate-119-1-00179: no proposal reference, skipping vote records
    senate-119-1-00180: no proposal reference, skipping vote records
    senate-119-1-00181: no proposal reference, skipping vote records
    senate-119-1-00182: no proposal reference, skipping vote records
    senate-119-1-00183: no proposal reference, skipping vote records
    senate-119-1-00184: no proposal reference, skipping vote records
    senate-119-1-00185: no proposal reference, skipping vote records
    senate-119-1-00186: no proposal reference, skipping vote records
    senate-119-1-00187: no proposal reference, skipping vote records
    senate-119-1-00188: no proposal reference, skipping vote records
    senate-119-1-00189: no proposal reference, skipping vote records
    senate-119-1-00190: no proposal reference, skipping vote records
    senate-119-1-00309: no proposal reference, skipping vote records
    senate-119-1-00310: no proposal reference, skipping vote records
    senate-119-1-00311: no proposal reference, skipping vote records
    senate-119-1-00330: no proposal reference, skipping vote records
    senate-119-1-00339: no proposal reference, skipping vote records
    senate-119-1-00341: no proposal reference, skipping vote records
    senate-119-1-00342: no proposal reference, skipping vote records
    senate-119-1-00343: no proposal reference, skipping vote records
    senate-119-1-00344: no proposal reference, skipping vote records
    senate-119-1-00345: no proposal reference, skipping vote records
    senate-119-1-00352: no proposal reference, skipping vote records
    senate-119-1-00355: no proposal reference, skipping vote records
    senate-119-1-00356: no proposal reference, skipping vote records
    senate-119-1-00358: no proposal reference, skipping vote records
    senate-119-1-00360: no proposal reference, skipping vote records
    senate-119-1-00361: no proposal reference, skipping vote records
    senate-119-1-00362: no proposal reference, skipping vote records
    senate-119-1-00363: no proposal reference, skipping vote records
    senate-119-1-00364: no proposal reference, skipping vote records
    senate-119-1-00365: no proposal reference, skipping vote records
    senate-119-1-00366: no proposal reference, skipping vote records
    senate-119-1-00367: no proposal reference, skipping vote records
    senate-119-1-00368: no proposal reference, skipping vote records
    senate-119-1-00369: no proposal reference, skipping vote records
    senate-119-1-00370: no proposal reference, skipping vote records
    senate-119-1-00371: no proposal reference, skipping vote records
    senate-119-1-00393: no proposal reference, skipping vote records
    senate-119-1-00397: no proposal reference, skipping vote records
    senate-119-1-00400: no proposal reference, skipping vote records
    senate-119-1-00402: no proposal reference, skipping vote records
    senate-119-1-00404: no proposal reference, skipping vote records
    senate-119-1-00405: no proposal reference, skipping vote records
    senate-119-1-00406: no proposal reference, skipping vote records
    senate-119-1-00407: no proposal reference, skipping vote records
    senate-119-1-00408: no proposal reference, skipping vote records
    senate-119-1-00409: no proposal reference, skipping vote records
    senate-119-1-00410: no proposal reference, skipping vote records
    senate-119-1-00472: no proposal reference, skipping vote records
    senate-119-1-00473: no proposal reference, skipping vote records
    senate-119-1-00474: no proposal reference, skipping vote records
    senate-119-1-00475: no proposal reference, skipping vote records
    senate-119-1-00476: no proposal reference, skipping vote records
    senate-119-1-00477: no proposal reference, skipping vote records
    senate-119-1-00478: no proposal reference, skipping vote records
    senate-119-1-00479: no proposal reference, skipping vote records
    senate-119-1-00481: no proposal reference, skipping vote records
    senate-119-2-00014: no proposal reference, skipping vote records
    senate-119-2-00015: no proposal reference, skipping vote records
    senate-119-2-00016: no proposal reference, skipping vote records
    senate-119-2-00017: no proposal reference, skipping vote records
    senate-119-2-00018: no proposal reference, skipping vote records
    senate-119-2-00019: no proposal reference, skipping vote records
    senate-119-2-00050: no proposal reference, skipping vote records
    senate-119-2-00051: no proposal reference, skipping vote records
    senate-119-2-00060: no proposal reference, skipping vote records
    senate-119-2-00073: no proposal reference, skipping vote records
    senate-119-2-00089: no proposal reference, skipping vote records
    senate-119-2-00090: no proposal reference, skipping vote records
    senate-119-2-00091: no proposal reference, skipping vote records
    senate-119-2-00092: no proposal reference, skipping vote records
    senate-119-2-00093: no proposal reference, skipping vote records
    senate-119-2-00094: no proposal reference, skipping vote records
    senate-119-2-00095: no proposal reference, skipping vote records
    senate-119-2-00096: no proposal reference, skipping vote records
    senate-119-2-00097: no proposal reference, skipping vote records
    senate-119-2-00098: no proposal reference, skipping vote records
    senate-119-2-00099: no proposal reference, skipping vote records
    senate-119-2-00100: no proposal reference, skipping vote records
    senate-119-2-00101: no proposal reference, skipping vote records
    senate-119-2-00102: no proposal reference, skipping vote records
    senate-119-2-00103: no proposal reference, skipping vote records
    senate-119-2-00104: no proposal reference, skipping vote records

Votes pipeline complete: 200 proposals upserted, 0 votes inserted

=== OpenStates bulk people pipeline ===
  Resolved 100 governing bodies
  AL: 140 rows · +140 valid
  AK: 60 rows · +60 valid
  AZ: 89 rows · +89 valid
  AR: 134 rows · +134 valid
  CA: 120 rows · +120 valid
  CO: 100 rows · +100 valid
  CT: 187 rows · +187 valid
  DE: 62 rows · +62 valid
  DC: no jurisdiction id, skipping
  FL: 159 rows · +159 valid
  GA: 233 rows · +233 valid
  HI: 76 rows · +76 valid
  ID: 105 rows · +105 valid
  IL: 177 rows · +177 valid
  IN: 150 rows · +150 valid
  IA: 150 rows · +150 valid
  KS: 165 rows · +165 valid
  KY: 138 rows · +138 valid
  LA: 144 rows · +144 valid
  ME: 187 rows · +187 valid
  MD: 188 rows · +188 valid
  MA: 198 rows · +198 valid
  MI: 147 rows · +147 valid
  MN: 201 rows · +201 valid
  MS: 174 rows · +174 valid
  MO: 192 rows · +192 valid
  MT: 150 rows · +150 valid
  NE: 49 rows · +49 valid
  NV: 63 rows · +63 valid
  NH: 414 rows · +414 valid
  NJ: 120 rows · +120 valid
  NM: 112 rows · +112 valid
  NY: 213 rows · +213 valid
  NC: 170 rows · +170 valid
  ND: 140 rows · +140 valid
  OH: 132 rows · +132 valid
  OK: 147 rows · +147 valid
  OR: 90 rows · +90 valid
  PA: 251 rows · +251 valid
  RI: 113 rows · +113 valid
  SC: 170 rows · +170 valid
  SD: 105 rows · +105 valid
  TN: 132 rows · +132 valid
  TX: 180 rows · +180 valid
  UT: 102 rows · +102 valid
  VT: 180 rows · +180 valid
  VA: 140 rows · +140 valid
  WA: 147 rows · +147 valid
  WV: 134 rows · +134 valid
  WI: 132 rows · +132 valid
  WY: 93 rows · +93 valid

  ──────────────────────────────────────────────────
  OpenStates bulk people report
  ──────────────────────────────────────────────────
  States processed: 50 · skipped: 1
  Inserted:         0
  Updated:          7355
  Failed:           0
  District-linked:  6515
  Downloaded:       5.72 MB
  [edgar/shareholders] daily index HTTP 403
  [edgar:daily] no 13D/G filings for tracked CIKs today

=== FEC bulk data pipeline (public, multi-cycle) ===
  Cycles to process: 2024, 2026
  Indiv cycles:      2024, 2026

  Seeding jurisdictions + governing bodies (idempotent)...
  Seeding jurisdictions...
  Error upserting jurisdiction for District of Columbia: {
  code: 'PGRST116',
  details: 'Results contain 2 rows, application/vnd.pgrst.object+json requires 1 row',
  hint: null,
  message: 'JSON object requested, multiple (or no) rows returned'
}
  Seeded 1 jurisdictions
  Seeding governing bodies...
    Officials indexed by FEC ID: 13009

  Loading officials and building match index...
[wrapper-heartbeat] rss=221MB peak=221MB elapsed=240s
    Loaded 26871 active officials
    Initial FEC ID index size: 13007

────────── Cycle 2024 ──────────
  [2024 1/5] Downloading FEC bulk files...
    Downloading weball24.zip...
    ✓ weball24.zip (0.2 MB, source=r2)
    Downloading cm24.zip...
    ✓ cm24.zip (0.8 MB, source=r2)
    Downloading pas224.zip...
    ✓ pas224.zip (23.5 MB, source=r2)
  [2024 1b/5] Ingesting FEC candidate master (cn24.zip)...
    ✓ cn24.zip (0.34 MB, source=r2)
    cn24: extracted 0.9 MB — streaming line by line...
    cn24: lines=9804 new=0 existing=9804 name_updated=0 no_office=0 failed=0
  [2024 2/5] Extracting and parsing candidate summary...
    Parsed 3857 candidate rows (0.5 MB)
    Matched by fec_id: 3852  by name: 2  not matched: 3
    Name fallback matched: 451 additional officials
  [2024 3/5] Building PAC committee index and streaming contributions...
    Committee master: 20,941 committees indexed
    Streaming pas2 (filtering to 13009 known fec_ids)...
    Extracted pas224.txt (117 MB) — streaming line by line...
    Lines read: 703,597
    Passed 24K/24Z filter:    623,850
    Passed candidateSet filter: 613,771
    Passed $200+ filter:       243,747
    PAC pairs matched (committee × candidate): 136,077
  [2024 4/5] Upserting entities + relationships...
    Entities — upserted: 4460  failed: 0
[wrapper-heartbeat] rss=398MB peak=398MB elapsed=270s
[wrapper-heartbeat] rss=440MB peak=440MB elapsed=300s
[wrapper-heartbeat] rss=482MB peak=482MB elapsed=330s
    Relationships — upserted: 136077  failed: 0
  [2024 5/6] Individual contributions stage (FIX-181)...
    Downloading ccl24.zip...
    ✓ ccl24.zip (0.09 MB, source=r2)
    Downloading indiv24.zip (~2 GB)...
[wrapper-heartbeat] rss=390MB peak=482MB elapsed=360s
[wrapper-heartbeat] rss=439MB peak=482MB elapsed=390s
[wrapper-heartbeat] rss=409MB peak=482MB elapsed=420s
[wrapper-heartbeat] rss=392MB peak=482MB elapsed=450s
[wrapper-heartbeat] rss=445MB peak=482MB elapsed=480s
[wrapper-heartbeat] rss=422MB peak=482MB elapsed=510s
[wrapper-heartbeat] rss=444MB peak=482MB elapsed=540s
    ✓ indiv24.zip (4048 MB, source=r2)
    ccl: 8,004 all committees, 7,911 mapped to our candidates
    Non-candidate committees to capture (super PAC + party + other PAC): 10,886
[wrapper-heartbeat] rss=452MB peak=482MB elapsed=570s
[wrapper-heartbeat] rss=455MB peak=482MB elapsed=600s
    Extracted indiv text (10529 MB) — streaming line by line...
    ... 1,000,000 lines | 48,430 cand pairs | 55,806 cmte pairs | 92,690 donors
    ... 2,000,000 lines | 81,393 cand pairs | 108,980 cmte pairs | 162,286 donors
    ... 3,000,000 lines | 116,899 cand pairs | 156,225 cmte pairs | 225,703 donors
    ... 4,000,000 lines | 151,649 cand pairs | 191,726 cmte pairs | 278,108 donors
    ... 5,000,000 lines | 182,644 cand pairs | 215,094 cmte pairs | 319,656 donors
    ... 6,000,000 lines | 207,966 cand pairs | 239,164 cmte pairs | 356,479 donors
    ... 7,000,000 lines | 230,282 cand pairs | 255,372 cmte pairs | 383,765 donors
    ... 8,000,000 lines | 253,419 cand pairs | 323,261 cmte pairs | 459,774 donors
[wrapper-heartbeat] rss=2108MB peak=2108MB elapsed=630s
    ... 9,000,000 lines | 285,874 cand pairs | 373,866 cmte pairs | 520,035 donors
    ... 10,000,000 lines | 313,860 cand pairs | 404,591 cmte pairs | 559,465 donors
    ... 11,000,000 lines | 331,948 cand pairs | 426,587 cmte pairs | 587,593 donors
    ... 12,000,000 lines | 351,006 cand pairs | 444,923 cmte pairs | 612,903 donors
    ... 13,000,000 lines | 381,246 cand pairs | 466,445 cmte pairs | 646,110 donors
    ... 14,000,000 lines | 397,147 cand pairs | 484,858 cmte pairs | 669,002 donors
    ... 15,000,000 lines | 400,623 cand pairs | 497,292 cmte pairs | 679,951 donors
    ... 16,000,000 lines | 420,081 cand pairs | 524,572 cmte pairs | 714,466 donors
    ... 17,000,000 lines | 467,004 cand pairs | 564,530 cmte pairs | 769,942 donors
[wrapper-heartbeat] rss=2774MB peak=2774MB elapsed=660s
    ... 18,000,000 lines | 499,346 cand pairs | 599,586 cmte pairs | 812,071 donors
    ... 19,000,000 lines | 526,557 cand pairs | 635,660 cmte pairs | 851,773 donors
    ... 20,000,000 lines | 559,407 cand pairs | 672,405 cmte pairs | 895,111 donors
    ... 21,000,000 lines | 595,479 cand pairs | 727,794 cmte pairs | 957,386 donors
[wrapper-heartbeat] rss=2847MB peak=2847MB elapsed=690s
    ... 22,000,000 lines | 628,142 cand pairs | 765,338 cmte pairs | 999,267 donors
    ... 23,000,000 lines | 662,683 cand pairs | 801,288 cmte pairs | 1,038,146 donors
    ... 24,000,000 lines | 687,736 cand pairs | 826,323 cmte pairs | 1,066,817 donors
[wrapper-heartbeat] rss=2753MB peak=2847MB elapsed=720s
    ... 25,000,000 lines | 720,993 cand pairs | 851,305 cmte pairs | 1,102,732 donors
[wrapper-heartbeat] rss=2804MB peak=2847MB elapsed=804s
[wrapper-heartbeat] rss=2900MB peak=2900MB elapsed=835s
    ... 26,000,000 lines | 752,726 cand pairs | 880,660 cmte pairs | 1,138,228 donors
[wrapper-heartbeat] rss=2952MB peak=2952MB elapsed=866s
    ... 27,000,000 lines | 779,256 cand pairs | 911,966 cmte pairs | 1,171,047 donors
    ... 28,000,000 lines | 816,173 cand pairs | 963,764 cmte pairs | 1,229,706 donors
[wrapper-heartbeat] rss=3003MB peak=3003MB elapsed=896s
    ... 29,000,000 lines | 845,901 cand pairs | 1,002,278 cmte pairs | 1,271,833 donors
    ... 30,000,000 lines | 866,133 cand pairs | 1,031,743 cmte pairs | 1,304,596 donors
    ... 31,000,000 lines | 898,497 cand pairs | 1,066,981 cmte pairs | 1,343,641 donors
    ... 32,000,000 lines | 925,229 cand pairs | 1,098,308 cmte pairs | 1,374,462 donors
    ... 33,000,000 lines | 958,211 cand pairs | 1,127,107 cmte pairs | 1,408,887 donors
    ... 34,000,000 lines | 981,932 cand pairs | 1,151,383 cmte pairs | 1,434,353 donors
    ... 35,000,000 lines | 1,008,929 cand pairs | 1,176,700 cmte pairs | 1,461,337 donors
    ... 36,000,000 lines | 1,025,220 cand pairs | 1,191,036 cmte pairs | 1,477,786 donors
    ... 37,000,000 lines | 1,037,728 cand pairs | 1,203,799 cmte pairs | 1,491,501 donors
[wrapper-heartbeat] rss=4019MB peak=4019MB elapsed=926s
    ... 38,000,000 lines | 1,052,881 cand pairs | 1,217,551 cmte pairs | 1,506,859 donors
    ... 39,000,000 lines | 1,065,719 cand pairs | 1,231,766 cmte pairs | 1,521,583 donors
    ... 40,000,000 lines | 1,086,179 cand pairs | 1,252,418 cmte pairs | 1,542,862 donors
    ... 41,000,000 lines | 1,111,506 cand pairs | 1,273,285 cmte pairs | 1,567,027 donors
    ... 42,000,000 lines | 1,146,719 cand pairs | 1,299,400 cmte pairs | 1,599,176 donors
    ... 43,000,000 lines | 1,183,914 cand pairs | 1,337,100 cmte pairs | 1,638,121 donors
    ... 44,000,000 lines | 1,188,610 cand pairs | 1,344,318 cmte pairs | 1,645,133 donors
    ... 45,000,000 lines | 1,190,135 cand pairs | 1,351,518 cmte pairs | 1,651,042 donors
    ... 46,000,000 lines | 1,217,257 cand pairs | 1,375,673 cmte pairs | 1,674,740 donors
    ... 47,000,000 lines | 1,235,131 cand pairs | 1,399,134 cmte pairs | 1,695,288 donors
    ... 48,000,000 lines | 1,258,876 cand pairs | 1,422,967 cmte pairs | 1,719,533 donors
[wrapper-heartbeat] rss=4771MB peak=4771MB elapsed=956s
    ... 49,000,000 lines | 1,283,054 cand pairs | 1,447,941 cmte pairs | 1,743,841 donors
    ... 50,000,000 lines | 1,301,721 cand pairs | 1,468,291 cmte pairs | 1,764,343 donors
[wrapper-heartbeat] rss=5026MB peak=5026MB elapsed=986s
    ... 51,000,000 lines | 1,320,457 cand pairs | 1,487,998 cmte pairs | 1,783,599 donors
[wrapper-heartbeat] rss=5126MB peak=5126MB elapsed=1068s
    ... 52,000,000 lines | 1,336,929 cand pairs | 1,501,713 cmte pairs | 1,798,923 donors
[wrapper-heartbeat] rss=5265MB peak=5265MB elapsed=1098s
    ... 53,000,000 lines | 1,351,482 cand pairs | 1,516,703 cmte pairs | 1,813,740 donors
    ... 54,000,000 lines | 1,364,822 cand pairs | 1,547,321 cmte pairs | 1,839,848 donors
    ... 55,000,000 lines | 1,404,776 cand pairs | 1,597,689 cmte pairs | 1,889,696 donors
    ... 56,000,000 lines | 1,429,422 cand pairs | 1,622,419 cmte pairs | 1,913,026 donors
[wrapper-heartbeat] rss=5579MB peak=5579MB elapsed=1128s
    ... 57,000,000 lines | 1,443,897 cand pairs | 1,637,166 cmte pairs | 1,927,485 donors
    ... 58,000,000 lines | 1,463,093 cand pairs | 1,655,442 cmte pairs | 1,945,193 donors
    Lines read:                58,208,756
    Passed 15/15E filter:      48,658,604
    Passed cmte lookup:        48,641,079
      → candidate path:        14,174,199
      → committee path:        34,466,880
    Passed $200+ filter:       4,975,065
    Unique donors:             1,949,146
    Donor × candidate pairs:   1,467,384
    Donor × committee pairs:   1,658,534
    Upserting 1,949,146 individual donor entities...
[wrapper-heartbeat] rss=4739MB peak=5579MB elapsed=2918s
[wrapper-heartbeat] rss=4759MB peak=5579MB elapsed=2948s
[wrapper-heartbeat] rss=4868MB peak=5579MB elapsed=2978s
[wrapper-heartbeat] rss=4948MB peak=5579MB elapsed=3008s
[wrapper-heartbeat] rss=5034MB peak=5579MB elapsed=3038s
[wrapper-heartbeat] rss=4997MB peak=5579MB elapsed=3069s
[wrapper-heartbeat] rss=4957MB peak=5579MB elapsed=3099s
[wrapper-heartbeat] rss=5074MB peak=5579MB elapsed=3129s
[wrapper-heartbeat] rss=5140MB peak=5579MB elapsed=3159s
[wrapper-heartbeat] rss=5132MB peak=5579MB elapsed=3189s
[wrapper-heartbeat] rss=5180MB peak=5579MB elapsed=3219s
[wrapper-heartbeat] rss=5235MB peak=5579MB elapsed=3249s
[wrapper-heartbeat] rss=5068MB peak=5579MB elapsed=3279s
[wrapper-heartbeat] rss=5051MB peak=5579MB elapsed=3309s
[wrapper-heartbeat] rss=5208MB peak=5579MB elapsed=3339s
[wrapper-heartbeat] rss=5195MB peak=5579MB elapsed=3369s
[wrapper-heartbeat] rss=5113MB peak=5579MB elapsed=3399s
[wrapper-heartbeat] rss=5208MB peak=5579MB elapsed=3429s
[wrapper-heartbeat] rss=5327MB peak=5579MB elapsed=3459s
[wrapper-heartbeat] rss=5147MB peak=5579MB elapsed=3489s
[wrapper-heartbeat] rss=5198MB peak=5579MB elapsed=3519s
[wrapper-heartbeat] rss=5051MB peak=5579MB elapsed=3549s
[wrapper-heartbeat] rss=5161MB peak=5579MB elapsed=3579s
[wrapper-heartbeat] rss=5294MB peak=5579MB elapsed=3609s
[wrapper-heartbeat] rss=5370MB peak=5579MB elapsed=3639s
[wrapper-heartbeat] rss=5236MB peak=5579MB elapsed=3669s
[wrapper-heartbeat] rss=5321MB peak=5579MB elapsed=3699s
[wrapper-heartbeat] rss=5298MB peak=5579MB elapsed=3729s
[wrapper-heartbeat] rss=5413MB peak=5579MB elapsed=3759s
[wrapper-heartbeat] rss=4707MB peak=5579MB elapsed=3789s
[wrapper-heartbeat] rss=4782MB peak=5579MB elapsed=3819s
[wrapper-heartbeat] rss=4663MB peak=5579MB elapsed=3849s
[wrapper-heartbeat] rss=4701MB peak=5579MB elapsed=3879s
[wrapper-heartbeat] rss=4822MB peak=5579MB elapsed=3909s
[wrapper-heartbeat] rss=4861MB peak=5579MB elapsed=3939s
[wrapper-heartbeat] rss=4857MB peak=5579MB elapsed=3969s
[wrapper-heartbeat] rss=4931MB peak=5579MB elapsed=4000s
[wrapper-heartbeat] rss=4781MB peak=5579MB elapsed=4030s
[wrapper-heartbeat] rss=4885MB peak=5579MB elapsed=4060s
[wrapper-heartbeat] rss=4674MB peak=5579MB elapsed=4090s
[wrapper-heartbeat] rss=4803MB peak=5579MB elapsed=4120s
[wrapper-heartbeat] rss=4876MB peak=5579MB elapsed=4150s
[wrapper-heartbeat] rss=4774MB peak=5579MB elapsed=4180s
[wrapper-heartbeat] rss=4851MB peak=5579MB elapsed=4210s
[wrapper-heartbeat] rss=4934MB peak=5579MB elapsed=4240s
[wrapper-heartbeat] rss=4990MB peak=5579MB elapsed=4270s
[wrapper-heartbeat] rss=4963MB peak=5579MB elapsed=4300s
[wrapper-heartbeat] rss=4995MB peak=5579MB elapsed=4330s
[wrapper-heartbeat] rss=5021MB peak=5579MB elapsed=4360s
[wrapper-heartbeat] rss=4723MB peak=5579MB elapsed=4391s
[wrapper-heartbeat] rss=4747MB peak=5579MB elapsed=4421s
[wrapper-heartbeat] rss=4774MB peak=5579MB elapsed=4451s
[wrapper-heartbeat] rss=4579MB peak=5579MB elapsed=4481s
[wrapper-heartbeat] rss=4618MB peak=5579MB elapsed=4511s
[wrapper-heartbeat] rss=4673MB peak=5579MB elapsed=4541s
[wrapper-heartbeat] rss=4738MB peak=5579MB elapsed=4571s
[wrapper-heartbeat] rss=4777MB peak=5579MB elapsed=4602s
[wrapper-heartbeat] rss=4810MB peak=5579MB elapsed=4632s
[wrapper-heartbeat] rss=4839MB peak=5579MB elapsed=4662s
[wrapper-heartbeat] rss=4608MB peak=5579MB elapsed=4692s
[wrapper-heartbeat] rss=4645MB peak=5579MB elapsed=4722s
[wrapper-heartbeat] rss=4680MB peak=5579MB elapsed=4753s
[wrapper-heartbeat] rss=4719MB peak=5579MB elapsed=4783s
[wrapper-heartbeat] rss=4761MB peak=5579MB elapsed=4813s
[wrapper-heartbeat] rss=4614MB peak=5579MB elapsed=4843s
[wrapper-heartbeat] rss=4668MB peak=5579MB elapsed=4874s
[wrapper-heartbeat] rss=4697MB peak=5579MB elapsed=4904s
[wrapper-heartbeat] rss=4755MB peak=5579MB elapsed=4934s
[wrapper-heartbeat] rss=4781MB peak=5579MB elapsed=4964s
[wrapper-heartbeat] rss=4460MB peak=5579MB elapsed=4995s
[wrapper-heartbeat] rss=4502MB peak=5579MB elapsed=5025s
[wrapper-heartbeat] rss=4574MB peak=5579MB elapsed=5055s
[wrapper-heartbeat] rss=4615MB peak=5579MB elapsed=5085s
[wrapper-heartbeat] rss=4666MB peak=5579MB elapsed=5115s
[wrapper-heartbeat] rss=4604MB peak=5579MB elapsed=5145s
[wrapper-heartbeat] rss=4458MB peak=5579MB elapsed=5175s
    individual-donor chunk 1862500-1863000 failed: canceling statement due to statement timeout
[wrapper-heartbeat] rss=4527MB peak=5579MB elapsed=5205s
[wrapper-heartbeat] rss=4592MB peak=5579MB elapsed=5235s
[wrapper-heartbeat] rss=4628MB peak=5579MB elapsed=5265s
[wrapper-heartbeat] rss=4489MB peak=5579MB elapsed=5295s
[wrapper-heartbeat] rss=4521MB peak=5579MB elapsed=5325s
[wrapper-heartbeat] rss=4617MB peak=5579MB elapsed=5355s
    Donors — upserted: 1948646  failed: 500
    Upserting 1,466,880 individual → candidate donation relationships...
[wrapper-heartbeat] rss=4995MB peak=5579MB elapsed=5385s
[wrapper-heartbeat] rss=4640MB peak=5579MB elapsed=5415s
[wrapper-heartbeat] rss=4413MB peak=5579MB elapsed=5445s
[wrapper-heartbeat] rss=3818MB peak=5579MB elapsed=5475s
[wrapper-heartbeat] rss=296MB peak=5579MB elapsed=5505s
[wrapper-heartbeat] rss=291MB peak=5579MB elapsed=5535s
[wrapper-heartbeat] rss=325MB peak=5579MB elapsed=5565s
[wrapper-heartbeat] rss=419MB peak=5579MB elapsed=5595s
[wrapper-heartbeat] rss=481MB peak=5579MB elapsed=5625s
[wrapper-heartbeat] rss=371MB peak=5579MB elapsed=6373s
    indiv-donation chunk 142000-142500 failed: TypeError: fetch failed
[wrapper-heartbeat] rss=600MB peak=5579MB elapsed=6403s
[wrapper-heartbeat] rss=1185MB peak=5579MB elapsed=6433s
[wrapper-heartbeat] rss=1794MB peak=5579MB elapsed=6465s
[wrapper-heartbeat] rss=2241MB peak=5579MB elapsed=6497s
[wrapper-heartbeat] rss=2507MB peak=5579MB elapsed=6529s
[wrapper-heartbeat] rss=2748MB peak=5579MB elapsed=6560s
[wrapper-heartbeat] rss=3462MB peak=5579MB elapsed=6590s
[wrapper-heartbeat] rss=3778MB peak=5579MB elapsed=6626s
[wrapper-heartbeat] rss=3818MB peak=5579MB elapsed=6656s
[wrapper-heartbeat] rss=3852MB peak=5579MB elapsed=6686s
[wrapper-heartbeat] rss=3890MB peak=5579MB elapsed=6716s
[wrapper-heartbeat] rss=3904MB peak=5579MB elapsed=6746s
[wrapper-heartbeat] rss=3919MB peak=5579MB elapsed=6776s
[wrapper-heartbeat] rss=3934MB peak=5579MB elapsed=6806s
[wrapper-heartbeat] rss=4013MB peak=5579MB elapsed=6836s
[wrapper-heartbeat] rss=4027MB peak=5579MB elapsed=6866s
[wrapper-heartbeat] rss=3819MB peak=5579MB elapsed=6896s
[wrapper-heartbeat] rss=3850MB peak=5579MB elapsed=6926s
[wrapper-heartbeat] rss=3857MB peak=5579MB elapsed=6956s
[wrapper-heartbeat] rss=3895MB peak=5579MB elapsed=6986s
[wrapper-heartbeat] rss=3903MB peak=5579MB elapsed=7016s
[wrapper-heartbeat] rss=3910MB peak=5579MB elapsed=7046s
[wrapper-heartbeat] rss=3915MB peak=5579MB elapsed=7076s
[wrapper-heartbeat] rss=3987MB peak=5579MB elapsed=7106s
[wrapper-heartbeat] rss=4002MB peak=5579MB elapsed=7137s
[wrapper-heartbeat] rss=3833MB peak=5579MB elapsed=7167s
[wrapper-heartbeat] rss=3847MB peak=5579MB elapsed=7197s
[wrapper-heartbeat] rss=3871MB peak=5579MB elapsed=7227s
[wrapper-heartbeat] rss=3909MB peak=5579MB elapsed=7257s
[wrapper-heartbeat] rss=3917MB peak=5579MB elapsed=7287s
[wrapper-heartbeat] rss=3925MB peak=5579MB elapsed=7317s
[wrapper-heartbeat] rss=3932MB peak=5579MB elapsed=7347s
[wrapper-heartbeat] rss=4003MB peak=5579MB elapsed=7377s
[wrapper-heartbeat] rss=4019MB peak=5579MB elapsed=7407s
[wrapper-heartbeat] rss=3843MB peak=5579MB elapsed=7437s
[wrapper-heartbeat] rss=3867MB peak=5579MB elapsed=7467s
[wrapper-heartbeat] rss=3885MB peak=5579MB elapsed=7497s
[wrapper-heartbeat] rss=3914MB peak=5579MB elapsed=7527s
[wrapper-heartbeat] rss=3923MB peak=5579MB elapsed=7557s
[wrapper-heartbeat] rss=3930MB peak=5579MB elapsed=7587s
[wrapper-heartbeat] rss=3999MB peak=5579MB elapsed=7617s
[wrapper-heartbeat] rss=4013MB peak=5579MB elapsed=7647s
[wrapper-heartbeat] rss=3784MB peak=5579MB elapsed=7677s
[wrapper-heartbeat] rss=3805MB peak=5579MB elapsed=7707s
[wrapper-heartbeat] rss=3834MB peak=5579MB elapsed=7737s
[wrapper-heartbeat] rss=3864MB peak=5579MB elapsed=7767s
[wrapper-heartbeat] rss=3886MB peak=5579MB elapsed=7797s
[wrapper-heartbeat] rss=3870MB peak=5579MB elapsed=7827s
[wrapper-heartbeat] rss=3885MB peak=5579MB elapsed=7857s
[wrapper-heartbeat] rss=3953MB peak=5579MB elapsed=7887s
[wrapper-heartbeat] rss=3977MB peak=5579MB elapsed=7917s
[wrapper-heartbeat] rss=3797MB peak=5579MB elapsed=7947s
[wrapper-heartbeat] rss=3818MB peak=5579MB elapsed=7977s
[wrapper-heartbeat] rss=3788MB peak=5579MB elapsed=8007s
[wrapper-heartbeat] rss=3828MB peak=5579MB elapsed=8037s
[wrapper-heartbeat] rss=3836MB peak=5579MB elapsed=8067s
[wrapper-heartbeat] rss=3844MB peak=5579MB elapsed=8097s
[wrapper-heartbeat] rss=3852MB peak=5579MB elapsed=8127s
[wrapper-heartbeat] rss=3918MB peak=5579MB elapsed=8157s
[wrapper-heartbeat] rss=3929MB peak=5579MB elapsed=8187s
[wrapper-heartbeat] rss=3749MB peak=5579MB elapsed=8217s
[wrapper-heartbeat] rss=3767MB peak=5579MB elapsed=8247s
[wrapper-heartbeat] rss=3789MB peak=5579MB elapsed=8277s
[wrapper-heartbeat] rss=3774MB peak=5579MB elapsed=8307s
[wrapper-heartbeat] rss=3811MB peak=5579MB elapsed=8337s
[wrapper-heartbeat] rss=3817MB peak=5579MB elapsed=8367s
[wrapper-heartbeat] rss=3824MB peak=5579MB elapsed=8397s
[wrapper-heartbeat] rss=3831MB peak=5579MB elapsed=8427s
[wrapper-heartbeat] rss=3899MB peak=5579MB elapsed=8457s
[wrapper-heartbeat] rss=3910MB peak=5579MB elapsed=8487s
[wrapper-heartbeat] rss=3919MB peak=5579MB elapsed=8517s
[wrapper-heartbeat] rss=3738MB peak=5579MB elapsed=8547s
[wrapper-heartbeat] rss=3752MB peak=5579MB elapsed=8577s
[wrapper-heartbeat] rss=3767MB peak=5579MB elapsed=8607s
[wrapper-heartbeat] rss=3773MB peak=5579MB elapsed=8637s
[wrapper-heartbeat] rss=3811MB peak=5579MB elapsed=8667s
[wrapper-heartbeat] rss=3818MB peak=5579MB elapsed=8697s
[wrapper-heartbeat] rss=3824MB peak=5579MB elapsed=8727s
[wrapper-heartbeat] rss=3831MB peak=5579MB elapsed=8757s
[wrapper-heartbeat] rss=3901MB peak=5579MB elapsed=8787s
[wrapper-heartbeat] rss=3914MB peak=5579MB elapsed=8817s
[wrapper-heartbeat] rss=3740MB peak=5579MB elapsed=8847s
[wrapper-heartbeat] rss=3763MB peak=5579MB elapsed=8877s
[wrapper-heartbeat] rss=3769MB peak=5579MB elapsed=8907s
[wrapper-heartbeat] rss=3808MB peak=5579MB elapsed=8937s
[wrapper-heartbeat] rss=3815MB peak=5579MB elapsed=8968s
[wrapper-heartbeat] rss=3822MB peak=5579MB elapsed=8998s
[wrapper-heartbeat] rss=3829MB peak=5579MB elapsed=9028s
[wrapper-heartbeat] rss=3896MB peak=5579MB elapsed=9058s
[wrapper-heartbeat] rss=3907MB peak=5579MB elapsed=9088s
[wrapper-heartbeat] rss=3677MB peak=5579MB elapsed=9118s
[wrapper-heartbeat] rss=3563MB peak=5579MB elapsed=9148s
    Donations (→ candidate) — upserted: 1466380  failed: 500
    Pre-upserting 5,135 non-candidate-committee recipient entities...
    Recipient committees — upserted: 5135  failed: 0
    Upserting 1,658,501 individual → committee donation relationships...
[wrapper-heartbeat] rss=3169MB peak=5579MB elapsed=9197s
[wrapper-heartbeat] rss=3206MB peak=5579MB elapsed=9227s
[wrapper-heartbeat] rss=3212MB peak=5579MB elapsed=9257s
[wrapper-heartbeat] rss=3216MB peak=5579MB elapsed=9287s
[wrapper-heartbeat] rss=3266MB peak=5579MB elapsed=9317s
[wrapper-heartbeat] rss=3271MB peak=5579MB elapsed=9347s
[wrapper-heartbeat] rss=3278MB peak=5579MB elapsed=9377s
[wrapper-heartbeat] rss=3285MB peak=5579MB elapsed=9407s
[wrapper-heartbeat] rss=3293MB peak=5579MB elapsed=9437s
[wrapper-heartbeat] rss=3306MB peak=5579MB elapsed=9467s
[wrapper-heartbeat] rss=3317MB peak=5579MB elapsed=9497s
[wrapper-heartbeat] rss=3236MB peak=5579MB elapsed=9527s
[wrapper-heartbeat] rss=3243MB peak=5579MB elapsed=9557s
[wrapper-heartbeat] rss=3249MB peak=5579MB elapsed=9587s
[wrapper-heartbeat] rss=3256MB peak=5579MB elapsed=9617s
[wrapper-heartbeat] rss=3263MB peak=5579MB elapsed=9647s
[wrapper-heartbeat] rss=3270MB peak=5579MB elapsed=9677s
[wrapper-heartbeat] rss=3277MB peak=5579MB elapsed=9707s
[wrapper-heartbeat] rss=3287MB peak=5579MB elapsed=9737s
[wrapper-heartbeat] rss=3299MB peak=5579MB elapsed=9767s
[wrapper-heartbeat] rss=3233MB peak=5579MB elapsed=9797s
[wrapper-heartbeat] rss=3239MB peak=5579MB elapsed=9827s
[wrapper-heartbeat] rss=3246MB peak=5579MB elapsed=9857s
[wrapper-heartbeat] rss=3252MB peak=5579MB elapsed=9887s
[wrapper-heartbeat] rss=3248MB peak=5579MB elapsed=9917s
[wrapper-heartbeat] rss=3255MB peak=5579MB elapsed=9947s
[wrapper-heartbeat] rss=3261MB peak=5579MB elapsed=9977s
[wrapper-heartbeat] rss=3266MB peak=5579MB elapsed=10007s
[wrapper-heartbeat] rss=3277MB peak=5579MB elapsed=10037s
[wrapper-heartbeat] rss=3291MB peak=5579MB elapsed=10067s
[wrapper-heartbeat] rss=2954MB peak=5579MB elapsed=10097s
[wrapper-heartbeat] rss=2959MB peak=5579MB elapsed=10127s
[wrapper-heartbeat] rss=2965MB peak=5579MB elapsed=10157s
[wrapper-heartbeat] rss=2971MB peak=5579MB elapsed=10187s
[wrapper-heartbeat] rss=2977MB peak=5579MB elapsed=10217s
[wrapper-heartbeat] rss=2981MB peak=5579MB elapsed=10247s
[wrapper-heartbeat] rss=2986MB peak=5579MB elapsed=10277s
[wrapper-heartbeat] rss=2991MB peak=5579MB elapsed=10307s
[wrapper-heartbeat] rss=2995MB peak=5579MB elapsed=10337s
[wrapper-heartbeat] rss=3004MB peak=5579MB elapsed=10367s
[wrapper-heartbeat] rss=2937MB peak=5579MB elapsed=10397s
[wrapper-heartbeat] rss=2948MB peak=5579MB elapsed=10427s
    indiv-to-committee chunk 500500-501000 failed: canceling statement due to statement timeout
[wrapper-heartbeat] rss=2830MB peak=5579MB elapsed=10457s
    indiv-to-committee chunk 501500-502000 failed: canceling statement due to statement timeout
    indiv-to-committee chunk 502000-502500 failed: canceling statement due to statement timeout
[wrapper-heartbeat] rss=2833MB peak=5579MB elapsed=10487s
    indiv-to-committee chunk 504000-504500 failed: canceling statement due to statement timeout
[wrapper-heartbeat] rss=2839MB peak=5579MB elapsed=10518s
[wrapper-heartbeat] rss=2848MB peak=5579MB elapsed=10548s
[wrapper-heartbeat] rss=2857MB peak=5579MB elapsed=10578s
[wrapper-heartbeat] rss=2866MB peak=5579MB elapsed=10608s
[wrapper-heartbeat] rss=2875MB peak=5579MB elapsed=10638s
[wrapper-heartbeat] rss=2803MB peak=5579MB elapsed=10668s
[wrapper-heartbeat] rss=2809MB peak=5579MB elapsed=10698s
[wrapper-heartbeat] rss=2814MB peak=5579MB elapsed=10728s
[wrapper-heartbeat] rss=2821MB peak=5579MB elapsed=10758s
[wrapper-heartbeat] rss=2827MB peak=5579MB elapsed=10788s
[wrapper-heartbeat] rss=2829MB peak=5579MB elapsed=10818s
[wrapper-heartbeat] rss=2833MB peak=5579MB elapsed=10848s
[wrapper-heartbeat] rss=2837MB peak=5579MB elapsed=10878s
[wrapper-heartbeat] rss=2841MB peak=5579MB elapsed=10908s
[wrapper-heartbeat] rss=2848MB peak=5579MB elapsed=10938s
[wrapper-heartbeat] rss=2854MB peak=5579MB elapsed=10968s
[wrapper-heartbeat] rss=2802MB peak=5579MB elapsed=10998s
[wrapper-heartbeat] rss=2805MB peak=5579MB elapsed=11028s
[wrapper-heartbeat] rss=2808MB peak=5579MB elapsed=11058s
[wrapper-heartbeat] rss=2812MB peak=5579MB elapsed=11088s
[wrapper-heartbeat] rss=2815MB peak=5579MB elapsed=11118s
[wrapper-heartbeat] rss=2819MB peak=5579MB elapsed=11148s
[wrapper-heartbeat] rss=2822MB peak=5579MB elapsed=11178s
[wrapper-heartbeat] rss=2826MB peak=5579MB elapsed=11208s
[wrapper-heartbeat] rss=2829MB peak=5579MB elapsed=11238s
[wrapper-heartbeat] rss=2785MB peak=5579MB elapsed=11268s
[wrapper-heartbeat] rss=2788MB peak=5579MB elapsed=11298s
[wrapper-heartbeat] rss=2792MB peak=5579MB elapsed=11328s
[wrapper-heartbeat] rss=2795MB peak=5579MB elapsed=11358s
[wrapper-heartbeat] rss=2799MB peak=5579MB elapsed=11388s
[wrapper-heartbeat] rss=2772MB peak=5579MB elapsed=11418s
[wrapper-heartbeat] rss=2775MB peak=5579MB elapsed=11448s
[wrapper-heartbeat] rss=2764MB peak=5579MB elapsed=11478s
[wrapper-heartbeat] rss=2770MB peak=5579MB elapsed=11508s
[wrapper-heartbeat] rss=2706MB peak=5579MB elapsed=11538s
[wrapper-heartbeat] rss=2709MB peak=5579MB elapsed=11568s
[wrapper-heartbeat] rss=2713MB peak=5579MB elapsed=11598s
    indiv-to-committee chunk 753500-754000 failed: canceling statement due to statement timeout
[wrapper-heartbeat] rss=2716MB peak=5579MB elapsed=11628s
[wrapper-heartbeat] rss=2719MB peak=5579MB elapsed=11658s
[wrapper-heartbeat] rss=2725MB peak=5579MB elapsed=11688s
[wrapper-heartbeat] rss=2721MB peak=5579MB elapsed=11718s
[wrapper-heartbeat] rss=2728MB peak=5579MB elapsed=11748s
[wrapper-heartbeat] rss=2734MB peak=5579MB elapsed=11778s
[wrapper-heartbeat] rss=2740MB peak=5579MB elapsed=11808s
[wrapper-heartbeat] rss=2747MB peak=5579MB elapsed=11838s
[wrapper-heartbeat] rss=2754MB peak=5579MB elapsed=11868s
[wrapper-heartbeat] rss=2704MB peak=5579MB elapsed=11898s
[wrapper-heartbeat] rss=2707MB peak=5579MB elapsed=11928s
[wrapper-heartbeat] rss=2709MB peak=5579MB elapsed=11958s
[wrapper-heartbeat] rss=2711MB peak=5579MB elapsed=11988s
[wrapper-heartbeat] rss=2716MB peak=5579MB elapsed=12018s
[wrapper-heartbeat] rss=2722MB peak=5579MB elapsed=12048s
[wrapper-heartbeat] rss=2727MB peak=5579MB elapsed=12078s
[wrapper-heartbeat] rss=2729MB peak=5579MB elapsed=12108s
[wrapper-heartbeat] rss=2699MB peak=5579MB elapsed=12138s
[wrapper-heartbeat] rss=2706MB peak=5579MB elapsed=12168s
[wrapper-heartbeat] rss=2698MB peak=5579MB elapsed=12198s
[wrapper-heartbeat] rss=2322MB peak=5579MB elapsed=12228s
[wrapper-heartbeat] rss=509MB peak=5579MB elapsed=12258s
[wrapper-heartbeat] rss=427MB peak=5579MB elapsed=12291s
[wrapper-heartbeat] rss=683MB peak=5579MB elapsed=12321s
[wrapper-heartbeat] rss=2575MB peak=5579MB elapsed=12353s
[wrapper-heartbeat] rss=2537MB peak=5579MB elapsed=12383s
[wrapper-heartbeat] rss=2427MB peak=5579MB elapsed=12413s
[wrapper-heartbeat] rss=2410MB peak=5579MB elapsed=12443s
[wrapper-heartbeat] rss=1942MB peak=5579MB elapsed=12473s
[wrapper-heartbeat] rss=378MB peak=5579MB elapsed=12503s
[wrapper-heartbeat] rss=279MB peak=5579MB elapsed=12533s
[wrapper-heartbeat] rss=333MB peak=5579MB elapsed=12563s
[wrapper-heartbeat] rss=382MB peak=5579MB elapsed=12593s
[wrapper-heartbeat] rss=365MB peak=5579MB elapsed=12623s
[wrapper-heartbeat] rss=415MB peak=5579MB elapsed=12653s
[wrapper-heartbeat] rss=293MB peak=5579MB elapsed=12683s
[wrapper-heartbeat] rss=273MB peak=5579MB elapsed=12716s
[wrapper-heartbeat] rss=807MB peak=5579MB elapsed=12748s
[wrapper-heartbeat] rss=342MB peak=5579MB elapsed=12787s
[wrapper-heartbeat] rss=1591MB peak=5579MB elapsed=12817s
[wrapper-heartbeat] rss=1547MB peak=5579MB elapsed=12847s
    indiv-to-committee chunk 1130000-1130500 failed: TypeError: fetch failed
    indiv-to-committee chunk 1130500-1131000 failed: TypeError: fetch failed
    indiv-to-committee chunk 1131000-1131500 failed: TypeError: fetch failed
[wrapper-heartbeat] rss=146MB peak=5579MB elapsed=12877s
[wrapper-heartbeat] rss=215MB peak=5579MB elapsed=12907s
[wrapper-heartbeat] rss=273MB peak=5579MB elapsed=12937s
[wrapper-heartbeat] rss=183MB peak=5579MB elapsed=12967s
[wrapper-heartbeat] rss=188MB peak=5579MB elapsed=12997s
[wrapper-heartbeat] rss=241MB peak=5579MB elapsed=13027s
[wrapper-heartbeat] rss=287MB peak=5579MB elapsed=13057s
[wrapper-heartbeat] rss=334MB peak=5579MB elapsed=13087s
[wrapper-heartbeat] rss=374MB peak=5579MB elapsed=13117s
[wrapper-heartbeat] rss=515MB peak=5579MB elapsed=13156s
[wrapper-heartbeat] rss=2153MB peak=5579MB elapsed=13188s
[wrapper-heartbeat] rss=2630MB peak=5579MB elapsed=13222s
[wrapper-heartbeat] rss=2682MB peak=5579MB elapsed=13252s
[wrapper-heartbeat] rss=2696MB peak=5579MB elapsed=13282s
[wrapper-heartbeat] rss=2707MB peak=5579MB elapsed=13312s
[wrapper-heartbeat] rss=2718MB peak=5579MB elapsed=13342s
[wrapper-heartbeat] rss=2730MB peak=5579MB elapsed=13372s
[wrapper-heartbeat] rss=2738MB peak=5579MB elapsed=13402s
[wrapper-heartbeat] rss=2744MB peak=5579MB elapsed=13432s
[wrapper-heartbeat] rss=2750MB peak=5579MB elapsed=13462s
[wrapper-heartbeat] rss=2755MB peak=5579MB elapsed=13492s
[wrapper-heartbeat] rss=2760MB peak=5579MB elapsed=13522s
[wrapper-heartbeat] rss=2770MB peak=5579MB elapsed=13552s
[wrapper-heartbeat] rss=2782MB peak=5579MB elapsed=13582s
    indiv-to-committee chunk 1353000-1353500 failed: canceling statement due to statement timeout
    indiv-to-committee chunk 1353500-1354000 failed: canceling statement due to statement timeout
[wrapper-heartbeat] rss=2712MB peak=5579MB elapsed=13612s
[wrapper-heartbeat] rss=2719MB peak=5579MB elapsed=13642s
[wrapper-heartbeat] rss=2724MB peak=5579MB elapsed=13672s
[wrapper-heartbeat] rss=2727MB peak=5579MB elapsed=13702s
[wrapper-heartbeat] rss=2734MB peak=5579MB elapsed=13732s
[wrapper-heartbeat] rss=2740MB peak=5579MB elapsed=13762s
[wrapper-heartbeat] rss=2728MB peak=5579MB elapsed=13792s
[wrapper-heartbeat] rss=2734MB peak=5579MB elapsed=13823s
[wrapper-heartbeat] rss=2741MB peak=5579MB elapsed=13853s
[wrapper-heartbeat] rss=2738MB peak=5579MB elapsed=13883s
[wrapper-heartbeat] rss=2749MB peak=5579MB elapsed=13913s
[wrapper-heartbeat] rss=2696MB peak=5579MB elapsed=13943s
[wrapper-heartbeat] rss=2700MB peak=5579MB elapsed=13973s
[wrapper-heartbeat] rss=2705MB peak=5579MB elapsed=14003s
    indiv-to-committee chunk 1506000-1506500 failed: canceling statement due to statement timeout
[wrapper-heartbeat] rss=2709MB peak=5579MB elapsed=14033s
    indiv-to-committee chunk 1506500-1507000 failed: canceling statement due to statement timeout
[wrapper-heartbeat] rss=2709MB peak=5579MB elapsed=14063s
[wrapper-heartbeat] rss=2710MB peak=5579MB elapsed=14093s
    indiv-to-committee chunk 1510500-1511000 failed: canceling statement due to statement timeout
[wrapper-heartbeat] rss=2711MB peak=5579MB elapsed=14123s
    indiv-to-committee chunk 1513500-1514000 failed: canceling statement due to statement timeout
[wrapper-heartbeat] rss=2712MB peak=5579MB elapsed=14153s
[wrapper-heartbeat] rss=2712MB peak=5579MB elapsed=14183s
[wrapper-heartbeat] rss=2713MB peak=5579MB elapsed=14213s
    indiv-to-committee chunk 1520000-1520500 failed: canceling statement due to statement timeout
[wrapper-heartbeat] rss=2715MB peak=5579MB elapsed=14243s
    indiv-to-committee chunk 1520500-1521000 failed: canceling statement due to statement timeout
    indiv-to-committee chunk 1521000-1521500 failed: canceling statement due to statement timeout
    indiv-to-committee chunk 1521500-1522000 failed: canceling statement due to statement timeout
    indiv-to-committee chunk 1522000-1522500 failed: canceling statement due to statement timeout
[wrapper-heartbeat] rss=1915MB peak=5579MB elapsed=14273s
[wrapper-heartbeat] rss=1918MB peak=5579MB elapsed=14303s
[wrapper-heartbeat] rss=1924MB peak=5579MB elapsed=14333s
[wrapper-heartbeat] rss=1928MB peak=5579MB elapsed=14363s
[wrapper-heartbeat] rss=1933MB peak=5579MB elapsed=14393s
[wrapper-heartbeat] rss=1936MB peak=5579MB elapsed=14423s
[wrapper-heartbeat] rss=1936MB peak=5579MB elapsed=14453s
    indiv-to-committee chunk 1534500-1535000 failed: canceling statement due to statement timeout
    indiv-to-committee chunk 1535000-1535500 failed: canceling statement due to statement timeout
[wrapper-heartbeat] rss=1939MB peak=5579MB elapsed=14483s
    indiv-to-committee chunk 1535500-1536000 failed: canceling statement due to statement timeout
    indiv-to-committee chunk 1536000-1536500 failed: canceling statement due to statement timeout
    indiv-to-committee chunk 1536500-1537000 failed: canceling statement due to statement timeout
[wrapper-heartbeat] rss=1942MB peak=5579MB elapsed=14513s
    indiv-to-committee chunk 1537000-1537500 failed: canceling statement due to statement timeout
    indiv-to-committee chunk 1537500-1538000 failed: canceling statement due to statement timeout
    indiv-to-committee chunk 1538000-1538500 failed: canceling statement due to statement timeout
[wrapper-heartbeat] rss=1817MB peak=5579MB elapsed=14543s
    indiv-to-committee chunk 1538500-1539000 failed: canceling statement due to statement timeout
    indiv-to-committee chunk 1539000-1539500 failed: canceling statement due to statement timeout
    indiv-to-committee chunk 1539500-1540000 failed: canceling statement due to statement timeout
[wrapper-heartbeat] rss=1820MB peak=5579MB elapsed=14573s
    indiv-to-committee chunk 1540000-1540500 failed: canceling statement due to statement timeout
    indiv-to-committee chunk 1540500-1541000 failed: canceling statement due to statement timeout
    indiv-to-committee chunk 1541000-1541500 failed: canceling statement due to statement timeout
    indiv-to-committee chunk 1541500-1542000 failed: canceling statement due to statement timeout
[wrapper-heartbeat] rss=1697MB peak=5579MB elapsed=14603s
    indiv-to-committee chunk 1542000-1542500 failed: canceling statement due to statement timeout
[wrapper-heartbeat] rss=1698MB peak=5579MB elapsed=14633s
    indiv-to-committee chunk 1542500-1543000 failed: canceling statement due to statement timeout
    indiv-to-committee chunk 1543000-1543500 failed: canceling statement due to statement timeout
[wrapper-heartbeat] rss=1573MB peak=5579MB elapsed=14663s
    indiv-to-committee chunk 1543500-1544000 failed: canceling statement due to statement timeout
    indiv-to-committee chunk 1544000-1544500 failed: canceling statement due to statement timeout
    indiv-to-committee chunk 1544500-1545000 failed: canceling statement due to statement timeout
[wrapper-heartbeat] rss=1576MB peak=5579MB elapsed=14693s
    indiv-to-committee chunk 1545000-1545500 failed: canceling statement due to statement timeout
    indiv-to-committee chunk 1545500-1546000 failed: canceling statement due to statement timeout
    indiv-to-committee chunk 1546000-1546500 failed: canceling statement due to statement timeout
[wrapper-heartbeat] rss=1451MB peak=5579MB elapsed=14723s
    indiv-to-committee chunk 1546500-1547000 failed: canceling statement due to statement timeout
    indiv-to-committee chunk 1547000-1547500 failed: canceling statement due to statement timeout
    indiv-to-committee chunk 1547500-1548000 failed: canceling statement due to statement timeout
    indiv-to-committee chunk 1548000-1548500 failed: canceling statement due to statement timeout
[wrapper-heartbeat] rss=1456MB peak=5579MB elapsed=14753s
    indiv-to-committee chunk 1548500-1549000 failed: canceling statement due to statement timeout
[wrapper-heartbeat] rss=1461MB peak=5579MB elapsed=14783s
[wrapper-heartbeat] rss=1341MB peak=5579MB elapsed=14813s
    indiv-to-committee chunk 1554000-1554500 failed: canceling statement due to statement timeout
[wrapper-heartbeat] rss=1347MB peak=5579MB elapsed=14843s
[wrapper-heartbeat] rss=1224MB peak=5579MB elapsed=14873s
[wrapper-heartbeat] rss=1229MB peak=5579MB elapsed=14903s
[wrapper-heartbeat] rss=1106MB peak=5579MB elapsed=14933s
    indiv-to-committee chunk 1561000-1561500 failed: canceling statement due to statement timeout
    indiv-to-committee chunk 1561500-1562000 failed: canceling statement due to statement timeout
    indiv-to-committee chunk 1562000-1562500 failed: canceling statement due to statement timeout
    indiv-to-committee chunk 1562500-1563000 failed: canceling statement due to statement timeout
[wrapper-heartbeat] rss=1112MB peak=5579MB elapsed=14963s
    indiv-to-committee chunk 1563000-1563500 failed: canceling statement due to statement timeout
    indiv-to-committee chunk 1564000-1564500 failed: canceling statement due to statement timeout
[wrapper-heartbeat] rss=1118MB peak=5579MB elapsed=14993s
    indiv-to-committee chunk 1565000-1565500 failed: canceling statement due to statement timeout
    indiv-to-committee chunk 1566000-1566500 failed: canceling statement due to statement timeout
[wrapper-heartbeat] rss=994MB peak=5579MB elapsed=15023s
    indiv-to-committee chunk 1566500-1567000 failed: canceling statement due to statement timeout
    indiv-to-committee chunk 1567000-1567500 failed: canceling statement due to statement timeout
    indiv-to-committee chunk 1567500-1568000 failed: canceling statement due to statement timeout
[wrapper-heartbeat] rss=1000MB peak=5579MB elapsed=15053s
    indiv-to-committee chunk 1568500-1569000 failed: canceling statement due to statement timeout
[wrapper-heartbeat] rss=1006MB peak=5579MB elapsed=15083s
[wrapper-heartbeat] rss=1013MB peak=5579MB elapsed=15113s
[wrapper-heartbeat] rss=892MB peak=5579MB elapsed=15143s
    indiv-to-committee chunk 1576500-1577000 failed: canceling statement due to statement timeout
[wrapper-heartbeat] rss=896MB peak=5579MB elapsed=15173s
    indiv-to-committee chunk 1577000-1577500 failed: canceling statement due to statement timeout
    indiv-to-committee chunk 1577500-1578000 failed: canceling statement due to statement timeout
    indiv-to-committee chunk 1578000-1578500 failed: canceling statement due to statement timeout
[wrapper-heartbeat] rss=900MB peak=5579MB elapsed=15203s
    indiv-to-committee chunk 1578500-1579000 failed: canceling statement due to statement timeout
    indiv-to-committee chunk 1579000-1579500 failed: canceling statement due to statement timeout
[wrapper-heartbeat] rss=775MB peak=5579MB elapsed=15233s
    indiv-to-committee chunk 1579500-1580000 failed: canceling statement due to statement timeout
    indiv-to-committee chunk 1580000-1580500 failed: canceling statement due to statement timeout
    indiv-to-committee chunk 1580500-1581000 failed: canceling statement due to statement timeout
[wrapper-heartbeat] rss=779MB peak=5579MB elapsed=15263s
    indiv-to-committee chunk 1581000-1581500 failed: canceling statement due to statement timeout
[wrapper-heartbeat] rss=781MB peak=5579MB elapsed=15293s
    indiv-to-committee chunk 1581500-1582000 failed: canceling statement due to statement timeout
    indiv-to-committee chunk 1582000-1582500 failed: canceling statement due to statement timeout
    indiv-to-committee chunk 1582500-1583000 failed: canceling statement due to statement timeout
[wrapper-heartbeat] rss=787MB peak=5579MB elapsed=15323s
    indiv-to-committee chunk 1583000-1583500 failed: canceling statement due to statement timeout
    indiv-to-committee chunk 1583500-1584000 failed: canceling statement due to statement timeout
[wrapper-heartbeat] rss=790MB peak=5579MB elapsed=15353s
    indiv-to-committee chunk 1584000-1584500 failed: canceling statement due to statement timeout
    indiv-to-committee chunk 1584500-1585000 failed: canceling statement due to statement timeout
    indiv-to-committee chunk 1585000-1585500 failed: canceling statement due to statement timeout
    indiv-to-committee chunk 1585500-1586000 failed: canceling statement due to statement timeout
[wrapper-heartbeat] rss=798MB peak=5579MB elapsed=15383s
    indiv-to-committee chunk 1586000-1586500 failed: canceling statement due to statement timeout
    indiv-to-committee chunk 1586500-1587000 failed: canceling statement due to statement timeout
    indiv-to-committee chunk 1587000-1587500 failed: canceling statement due to statement timeout
[wrapper-heartbeat] rss=804MB peak=5579MB elapsed=15413s
    indiv-to-committee chunk 1587500-1588000 failed: canceling statement due to statement timeout
    indiv-to-committee chunk 1588000-1588500 failed: canceling statement due to statement timeout
    indiv-to-committee chunk 1588500-1589000 failed: canceling statement due to statement timeout
    indiv-to-committee chunk 1589000-1589500 failed: canceling statement due to statement timeout
[wrapper-heartbeat] rss=811MB peak=5579MB elapsed=15443s
    indiv-to-committee chunk 1589500-1590000 failed: canceling statement due to statement timeout
    indiv-to-committee chunk 1590000-1590500 failed: canceling statement due to statement timeout
[wrapper-heartbeat] rss=2546MB peak=5579MB elapsed=15473s
[wrapper-heartbeat] rss=2549MB peak=5579MB elapsed=15503s
[wrapper-heartbeat] rss=2551MB peak=5579MB elapsed=15533s
[wrapper-heartbeat] rss=2544MB peak=5579MB elapsed=15563s
[wrapper-heartbeat] rss=2546MB peak=5579MB elapsed=15593s
[wrapper-heartbeat] rss=2549MB peak=5579MB elapsed=15623s
    indiv-to-committee chunk 1602000-1602500 failed: canceling statement due to statement timeout
    indiv-to-committee chunk 1602500-1603000 failed: canceling statement due to statement timeout
    indiv-to-committee chunk 1603000-1603500 failed: canceling statement due to statement timeout
[wrapper-heartbeat] rss=2550MB peak=5579MB elapsed=15653s
[wrapper-heartbeat] rss=2552MB peak=5579MB elapsed=15683s
[wrapper-heartbeat] rss=2555MB peak=5579MB elapsed=15713s
[wrapper-heartbeat] rss=2557MB peak=5579MB elapsed=15743s
[wrapper-heartbeat] rss=2559MB peak=5579MB elapsed=15773s
    indiv-to-committee chunk 1613000-1613500 failed: canceling statement due to statement timeout
[wrapper-heartbeat] rss=2561MB peak=5579MB elapsed=15803s
[wrapper-heartbeat] rss=2563MB peak=5579MB elapsed=15833s
    indiv-to-committee chunk 1617000-1617500 failed: canceling statement due to statement timeout
    indiv-to-committee chunk 1617500-1618000 failed: canceling statement due to statement timeout
    indiv-to-committee chunk 1618000-1618500 failed: canceling statement due to statement timeout
[wrapper-heartbeat] rss=2565MB peak=5579MB elapsed=15863s
    indiv-to-committee chunk 1618500-1619000 failed: canceling statement due to statement timeout
    indiv-to-committee chunk 1619000-1619500 failed: canceling statement due to statement timeout
[wrapper-heartbeat] rss=2566MB peak=5579MB elapsed=15893s
    indiv-to-committee chunk 1619500-1620000 failed: canceling statement due to statement timeout
    indiv-to-committee chunk 1620000-1620500 failed: canceling statement due to statement timeout
    indiv-to-committee chunk 1620500-1621000 failed: canceling statement due to statement timeout
[wrapper-heartbeat] rss=2567MB peak=5579MB elapsed=15923s
    indiv-to-committee chunk 1621000-1621500 failed: canceling statement due to statement timeout
[wrapper-heartbeat] rss=2568MB peak=5579MB elapsed=15953s
    indiv-to-committee chunk 1621500-1622000 failed: canceling statement due to statement timeout
    indiv-to-committee chunk 1622000-1622500 failed: canceling statement due to statement timeout
[wrapper-heartbeat] rss=2569MB peak=5579MB elapsed=15983s
    indiv-to-committee chunk 1622500-1623000 failed: canceling statement due to statement timeout
    indiv-to-committee chunk 1623000-1623500 failed: canceling statement due to statement timeout
    indiv-to-committee chunk 1623500-1624000 failed: canceling statement due to statement timeout
[wrapper-heartbeat] rss=2570MB peak=5579MB elapsed=16013s
    indiv-to-committee chunk 1624000-1624500 failed: canceling statement due to statement timeout
    indiv-to-committee chunk 1624500-1625000 failed: canceling statement due to statement timeout
    indiv-to-committee chunk 1625000-1625500 failed: canceling statement due to statement timeout
[wrapper-heartbeat] rss=2572MB peak=5579MB elapsed=16043s
    indiv-to-committee chunk 1625500-1626000 failed: canceling statement due to statement timeout
    indiv-to-committee chunk 1626000-1626500 failed: canceling statement due to statement timeout
    indiv-to-committee chunk 1626500-1627000 failed: canceling statement due to statement timeout
    indiv-to-committee chunk 1627000-1627500 failed: canceling statement due to statement timeout
[wrapper-heartbeat] rss=2574MB peak=5579MB elapsed=16073s
    indiv-to-committee chunk 1627500-1628000 failed: canceling statement due to statement timeout
[wrapper-heartbeat] rss=2576MB peak=5579MB elapsed=16103s
    indiv-to-committee chunk 1630000-1630500 failed: canceling statement due to statement timeout
[wrapper-heartbeat] rss=2578MB peak=5579MB elapsed=16133s
[wrapper-heartbeat] rss=2580MB peak=5579MB elapsed=16163s
[wrapper-heartbeat] rss=2582MB peak=5579MB elapsed=16193s
    indiv-to-committee chunk 1636500-1637000 failed: canceling statement due to statement timeout
    indiv-to-committee chunk 1637000-1637500 failed: canceling statement due to statement timeout
[wrapper-heartbeat] rss=2566MB peak=5579MB elapsed=16223s
    indiv-to-committee chunk 1637500-1638000 failed: canceling statement due to statement timeout
    indiv-to-committee chunk 1638000-1638500 failed: canceling statement due to statement timeout
[wrapper-heartbeat] rss=2565MB peak=5579MB elapsed=16253s
[wrapper-heartbeat] rss=2568MB peak=5579MB elapsed=16283s
    indiv-to-committee chunk 1642500-1643000 failed: canceling statement due to statement timeout
    indiv-to-committee chunk 1643000-1643500 failed: canceling statement due to statement timeout
[wrapper-heartbeat] rss=2569MB peak=5579MB elapsed=16313s
    indiv-to-committee chunk 1643500-1644000 failed: canceling statement due to statement timeout
[wrapper-heartbeat] rss=2570MB peak=5579MB elapsed=16343s
    indiv-to-committee chunk 1644000-1644500 failed: canceling statement due to statement timeout
    indiv-to-committee chunk 1644500-1645000 failed: canceling statement due to statement timeout
[wrapper-heartbeat] rss=2571MB peak=5579MB elapsed=16373s
    indiv-to-committee chunk 1645000-1645500 failed: canceling statement due to statement timeout
[wrapper-heartbeat] rss=2571MB peak=5579MB elapsed=16403s
    indiv-to-committee chunk 1645500-1646000 failed: canceling statement due to statement timeout
    indiv-to-committee chunk 1646000-1646500 failed: canceling statement due to statement timeout
    indiv-to-committee chunk 1646500-1647000 failed: canceling statement due to statement timeout
    indiv-to-committee chunk 1647000-1647500 failed: canceling statement due to statement timeout
[wrapper-heartbeat] rss=2573MB peak=5579MB elapsed=16433s
    indiv-to-committee chunk 1647500-1648000 failed: canceling statement due to statement timeout
    indiv-to-committee chunk 1648000-1648500 failed: canceling statement due to statement timeout
    indiv-to-committee chunk 1648500-1649000 failed: canceling statement due to statement timeout
[wrapper-heartbeat] rss=2574MB peak=5579MB elapsed=16463s
    indiv-to-committee chunk 1649000-1649500 failed: canceling statement due to statement timeout
    indiv-to-committee chunk 1649500-1650000 failed: canceling statement due to statement timeout
    indiv-to-committee chunk 1650000-1650500 failed: canceling statement due to statement timeout
[wrapper-heartbeat] rss=2576MB peak=5579MB elapsed=16493s
    indiv-to-committee chunk 1650500-1651000 failed: canceling statement due to statement timeout
    indiv-to-committee chunk 1651000-1651500 failed: canceling statement due to statement timeout
    indiv-to-committee chunk 1651500-1652000 failed: canceling statement due to statement timeout
    indiv-to-committee chunk 1652000-1652500 failed: canceling statement due to statement timeout
[wrapper-heartbeat] rss=2578MB peak=5579MB elapsed=16523s
    indiv-to-committee chunk 1652500-1653000 failed: canceling statement due to statement timeout
    indiv-to-committee chunk 1653000-1653500 failed: canceling statement due to statement timeout
    indiv-to-committee chunk 1653500-1654000 failed: canceling statement due to statement timeout
[wrapper-heartbeat] rss=2579MB peak=5579MB elapsed=16553s
    indiv-to-committee chunk 1654000-1654500 failed: canceling statement due to statement timeout
    indiv-to-committee chunk 1654500-1655000 failed: canceling statement due to statement timeout
[wrapper-heartbeat] rss=2581MB peak=5579MB elapsed=16583s
    Donations (→ committee) — upserted: 1586001  failed: 72500
  [2024 6/7] Independent expenditures (Schedule E) stage...
[wrapper-heartbeat] rss=2584MB peak=5579MB elapsed=16613s
    ✓ independent_expenditure_2024.csv (18.6 MB, source=fec)
    ... 50,000 rows | 2,967 (cmte×cand×S/O) keys
    Rows read:                 73,449
    Passed sup_opp filter:     73,332
    Passed cmte+cand filter:   63,868
    Passed amount > 0 filter:  63,841
    Passed candidateSet:       62,386
    Unique (cmte × cand × S/O): 3,901
    New IE spenders to pre-upsert: 651 (5 orphan spe_id(s) missing from cm — skipped)
    Upserting 3,895 IE relationships (S: 2696, O: 1199)...
[wrapper-heartbeat] rss=2530MB peak=5579MB elapsed=16643s
    IE relationships — upserted: 3895  failed: 0
    Awaiting 1 R2 cache upload(s) for cycle 2024...
    R2 uploads: 1/1 ok
  [2024 7/7] Cleaning up cycle 2024 temp files...

────────── Cycle 2026 ──────────
  [2026 1/5] Downloading FEC bulk files...
    Downloading weball26.zip...
    ✓ weball26.zip (0.2 MB, source=fec)
    Downloading cm26.zip...
    ✓ cm26.zip (0.8 MB, source=fec)
    Downloading pas226.zip...
    ✓ pas226.zip (5.2 MB, source=r2)
  [2026 1b/5] Ingesting FEC candidate master (cn26.zip)...
    ✓ cn26.zip (0.28 MB, source=fec)
    cn26: extracted 0.7 MB — streaming line by line...
    cn26: lines=7915 new=82 existing=7832 name_updated=15 no_office=0 failed=0
  [2026 2/5] Extracting and parsing candidate summary...
    Parsed 4033 candidate rows (0.5 MB)
    Matched by fec_id: 4031  by name: 0  not matched: 2
    Name fallback matched: 15 additional officials
  [2026 3/5] Building PAC committee index and streaming contributions...
    Committee master: 19,632 committees indexed
    Streaming pas2 (filtering to 13091 known fec_ids)...
    Extracted pas224.txt (23 MB) — streaming line by line...
[wrapper-heartbeat] rss=2592MB peak=5579MB elapsed=16673s
    Lines read: 140,104
    Passed 24K/24Z filter:    132,547
    Passed candidateSet filter: 130,313
    Passed $200+ filter:       122,882
    PAC pairs matched (committee × candidate): 85,174
  [2026 4/5] Upserting entities + relationships...
    financial_entities chunk 1500-2000 failed: canceling statement due to statement timeout
    financial_entities chunk 2000-2500 failed: canceling statement due to statement timeout
    Entities — upserted: 2631  failed: 1000
[wrapper-heartbeat] rss=2620MB peak=5579MB elapsed=16704s
    financial_relationships chunk 0-500 failed: canceling statement due to statement timeout
    financial_relationships chunk 500-1000 failed: canceling statement due to statement timeout
[wrapper-heartbeat] rss=2629MB peak=5579MB elapsed=16734s
    financial_relationships chunk 1500-2000 failed: canceling statement due to statement timeout
[wrapper-heartbeat] rss=2634MB peak=5579MB elapsed=16764s
    financial_relationships chunk 5500-6000 failed: canceling statement due to statement timeout
    financial_relationships chunk 6000-6500 failed: canceling statement due to statement timeout
[wrapper-heartbeat] rss=2639MB peak=5579MB elapsed=16794s
    financial_relationships chunk 6500-7000 failed: canceling statement due to statement timeout
    financial_relationships chunk 7000-7500 failed: canceling statement due to statement timeout
[wrapper-heartbeat] rss=2640MB peak=5579MB elapsed=16824s
[wrapper-heartbeat] rss=2642MB peak=5579MB elapsed=16854s
[wrapper-heartbeat] rss=2645MB peak=5579MB elapsed=16884s
[wrapper-heartbeat] rss=2648MB peak=5579MB elapsed=16914s
[wrapper-heartbeat] rss=2650MB peak=5579MB elapsed=16944s
[wrapper-heartbeat] rss=2653MB peak=5579MB elapsed=16974s
[wrapper-heartbeat] rss=2010MB peak=5579MB elapsed=17004s
[wrapper-heartbeat] rss=2013MB peak=5579MB elapsed=17034s
[wrapper-heartbeat] rss=2015MB peak=5579MB elapsed=17064s
    financial_relationships chunk 57500-58000 failed: canceling statement due to statement timeout
[wrapper-heartbeat] rss=2016MB peak=5579MB elapsed=17094s
[wrapper-heartbeat] rss=2017MB peak=5579MB elapsed=17124s
    financial_relationships chunk 60500-61000 failed: canceling statement due to statement timeout
[wrapper-heartbeat] rss=2017MB peak=5579MB elapsed=17154s
    financial_relationships chunk 62500-63000 failed: canceling statement due to statement timeout
    financial_relationships chunk 63000-63500 failed: canceling statement due to statement timeout
[wrapper-heartbeat] rss=2018MB peak=5579MB elapsed=17184s
    financial_relationships chunk 63500-64000 failed: canceling statement due to statement timeout
[wrapper-heartbeat] rss=2019MB peak=5579MB elapsed=17214s
[wrapper-heartbeat] rss=2020MB peak=5579MB elapsed=17244s
    financial_relationships chunk 70000-70500 failed: canceling statement due to statement timeout
[wrapper-heartbeat] rss=2021MB peak=5579MB elapsed=17274s
    financial_relationships chunk 70500-71000 failed: canceling statement due to statement timeout
    financial_relationships chunk 71000-71500 failed: canceling statement due to statement timeout
[wrapper-heartbeat] rss=1989MB peak=5579MB elapsed=17304s
[wrapper-heartbeat] rss=1991MB peak=5579MB elapsed=17334s
    Relationships — upserted: 77430  failed: 7500
  [2026 5/6] Individual contributions stage (FIX-181)...
    Downloading ccl26.zip...
    ✓ ccl26.zip (0.08 MB, source=fec)
    Downloading indiv26.zip (~2 GB)...
[wrapper-heartbeat] rss=1844MB peak=5579MB elapsed=17364s
[wrapper-heartbeat] rss=1875MB peak=5579MB elapsed=17394s
    ✓ indiv26.zip (1591 MB, source=fec)
    ccl: 6,788 all committees, 6,755 mapped to our candidates
    Non-candidate committees to capture (super PAC + party + other PAC): 10,562
[wrapper-heartbeat] rss=2007MB peak=5579MB elapsed=17424s
    Extracted indiv text (4283 MB) — streaming line by line...
    ... 1,000,000 lines | 47,301 cand pairs | 45,984 cmte pairs | 80,780 donors
[wrapper-heartbeat] rss=2107MB peak=5579MB elapsed=17454s
    ... 2,000,000 lines | 87,078 cand pairs | 97,208 cmte pairs | 154,152 donors
[wrapper-heartbeat] rss=2302MB peak=5579MB elapsed=17484s
    ... 3,000,000 lines | 117,528 cand pairs | 128,646 cmte pairs | 200,646 donors
[wrapper-heartbeat] rss=2474MB peak=5579MB elapsed=17515s
    ... 4,000,000 lines | 134,164 cand pairs | 147,802 cmte pairs | 227,787 donors
[wrapper-heartbeat] rss=2600MB peak=5579MB elapsed=17545s
    ... 5,000,000 lines | 155,861 cand pairs | 164,289 cmte pairs | 255,027 donors
    ... 6,000,000 lines | 173,207 cand pairs | 176,659 cmte pairs | 275,711 donors
[wrapper-heartbeat] rss=2796MB peak=5579MB elapsed=17575s
    ... 7,000,000 lines | 196,318 cand pairs | 191,471 cmte pairs | 302,288 donors
[wrapper-heartbeat] rss=2866MB peak=5579MB elapsed=17605s
    ... 8,000,000 lines | 220,732 cand pairs | 210,224 cmte pairs | 332,749 donors
[wrapper-heartbeat] rss=3054MB peak=5579MB elapsed=17635s
    ... 9,000,000 lines | 247,127 cand pairs | 242,767 cmte pairs | 375,746 donors
    ... 10,000,000 lines | 263,720 cand pairs | 259,855 cmte pairs | 399,256 donors
[wrapper-heartbeat] rss=3217MB peak=5579MB elapsed=17665s
    ... 11,000,000 lines | 281,215 cand pairs | 279,744 cmte pairs | 425,711 donors
[wrapper-heartbeat] rss=3360MB peak=5579MB elapsed=17695s
    ... 12,000,000 lines | 302,137 cand pairs | 300,860 cmte pairs | 453,532 donors
[wrapper-heartbeat] rss=3505MB peak=5579MB elapsed=17725s
    ... 13,000,000 lines | 326,166 cand pairs | 324,013 cmte pairs | 482,909 donors
    ... 14,000,000 lines | 351,281 cand pairs | 352,919 cmte pairs | 514,673 donors
[wrapper-heartbeat] rss=3713MB peak=5579MB elapsed=17755s
    ... 15,000,000 lines | 371,290 cand pairs | 376,580 cmte pairs | 542,351 donors
[wrapper-heartbeat] rss=3829MB peak=5579MB elapsed=17785s
    ... 16,000,000 lines | 386,553 cand pairs | 394,809 cmte pairs | 563,489 donors
[wrapper-heartbeat] rss=3966MB peak=5579MB elapsed=17815s
    ... 17,000,000 lines | 402,737 cand pairs | 411,507 cmte pairs | 584,243 donors
    ... 18,000,000 lines | 424,852 cand pairs | 426,108 cmte pairs | 606,523 donors
[wrapper-heartbeat] rss=4141MB peak=5579MB elapsed=17845s
    ... 19,000,000 lines | 447,173 cand pairs | 441,879 cmte pairs | 629,670 donors
[wrapper-heartbeat] rss=4303MB peak=5579MB elapsed=17876s
    ... 20,000,000 lines | 459,624 cand pairs | 454,126 cmte pairs | 644,703 donors
    ... 21,000,000 lines | 469,361 cand pairs | 468,689 cmte pairs | 660,661 donors
[wrapper-heartbeat] rss=4347MB peak=5579MB elapsed=17906s
    ... 22,000,000 lines | 480,839 cand pairs | 491,241 cmte pairs | 680,761 donors
[wrapper-heartbeat] rss=4480MB peak=5579MB elapsed=17936s
    ... 23,000,000 lines | 508,077 cand pairs | 509,884 cmte pairs | 707,123 donors
[wrapper-heartbeat] rss=4590MB peak=5579MB elapsed=17967s
    ... 24,000,000 lines | 521,442 cand pairs | 523,300 cmte pairs | 723,193 donors
    Lines read:                24,343,958
    Passed 15/15E filter:      22,575,568
    Passed cmte lookup:        22,571,066
      → candidate path:        4,675,041
      → committee path:        17,896,025
    Passed $200+ filter:       1,603,105
    Unique donors:             729,141
    Donor × candidate pairs:   526,783
    Donor × committee pairs:   527,779
    Upserting 729,141 individual donor entities...
[wrapper-heartbeat] rss=4879MB peak=5579MB elapsed=17997s
[wrapper-heartbeat] rss=4887MB peak=5579MB elapsed=18027s
[wrapper-heartbeat] rss=4897MB peak=5579MB elapsed=18057s
[wrapper-heartbeat] rss=4909MB peak=5579MB elapsed=18087s
[wrapper-heartbeat] rss=4916MB peak=5579MB elapsed=18117s
    individual-donor chunk 55500-56000 failed: canceling statement due to statement timeout
    individual-donor chunk 56000-56500 failed: canceling statement due to statement timeout
[wrapper-heartbeat] rss=4917MB peak=5579MB elapsed=18147s
[wrapper-heartbeat] rss=4917MB peak=5579MB elapsed=18177s
    individual-donor chunk 56500-57000 failed: canceling statement due to statement timeout
[wrapper-heartbeat] rss=4520MB peak=5579MB elapsed=18207s
[wrapper-heartbeat] rss=4520MB peak=5579MB elapsed=18237s
    individual-donor chunk 57000-57500 failed: canceling statement due to statement timeout
    individual-donor chunk 57500-58000 failed: canceling statement due to statement timeout
[wrapper-heartbeat] rss=4520MB peak=5579MB elapsed=18267s
    individual-donor chunk 58000-58500 failed: canceling statement due to statement timeout
    individual-donor chunk 58500-59000 failed: canceling statement due to statement timeout
    individual-donor chunk 59000-59500 failed: canceling statement due to statement timeout
[wrapper-heartbeat] rss=4391MB peak=5579MB elapsed=18297s
    individual-donor chunk 59500-60000 failed: canceling statement due to statement timeout
    individual-donor chunk 60000-60500 failed: canceling statement due to statement timeout
[wrapper-heartbeat] rss=4391MB peak=5579MB elapsed=18327s
    individual-donor chunk 60500-61000 failed: canceling statement due to statement timeout
    individual-donor chunk 61000-61500 failed: canceling statement due to statement timeout
    individual-donor chunk 61500-62000 failed: canceling statement due to statement timeout
[wrapper-heartbeat] rss=4392MB peak=5579MB elapsed=18357s
    individual-donor chunk 62000-62500 failed: canceling statement due to statement timeout
    individual-donor chunk 62500-63000 failed: canceling statement due to statement timeout
[wrapper-heartbeat] rss=4392MB peak=5579MB elapsed=18387s
    individual-donor chunk 63000-63500 failed: canceling statement due to statement timeout
    individual-donor chunk 63500-64000 failed: canceling statement due to statement timeout
    individual-donor chunk 64000-64500 failed: canceling statement due to statement timeout
[wrapper-heartbeat] rss=4393MB peak=5579MB elapsed=18417s
    individual-donor chunk 64500-65000 failed: canceling statement due to statement timeout
    individual-donor chunk 65000-65500 failed: canceling statement due to statement timeout
    individual-donor chunk 65500-66000 failed: canceling statement due to statement timeout
[wrapper-heartbeat] rss=4393MB peak=5579MB elapsed=18447s
    individual-donor chunk 66000-66500 failed: canceling statement due to statement timeout
    individual-donor chunk 66500-67000 failed: canceling statement due to statement timeout
[wrapper-heartbeat] rss=4394MB peak=5579MB elapsed=18477s
    individual-donor chunk 67000-67500 failed: canceling statement due to statement timeout
    individual-donor chunk 67500-68000 failed: canceling statement due to statement timeout
[wrapper-heartbeat] rss=4383MB peak=5579MB elapsed=18507s
    individual-donor chunk 68000-68500 failed: canceling statement due to statement timeout
    individual-donor chunk 68500-69000 failed: canceling statement due to statement timeout
    individual-donor chunk 69000-69500 failed: canceling statement due to statement timeout
    individual-donor chunk 69500-70000 failed: canceling statement due to statement timeout
[wrapper-heartbeat] rss=4383MB peak=5579MB elapsed=18537s
    individual-donor chunk 70000-70500 failed: canceling statement due to statement timeout
    individual-donor chunk 70500-71000 failed: canceling statement due to statement timeout
    individual-donor chunk 71000-71500 failed: canceling statement due to statement timeout
[wrapper-heartbeat] rss=4384MB peak=5579MB elapsed=18567s
    individual-donor chunk 71500-72000 failed: canceling statement due to statement timeout
    individual-donor chunk 72000-72500 failed: canceling statement due to statement timeout
    individual-donor chunk 72500-73000 failed: canceling statement due to statement timeout
    individual-donor chunk 73000-73500 failed: canceling statement due to statement timeout
[wrapper-heartbeat] rss=4385MB peak=5579MB elapsed=18597s
    individual-donor chunk 73500-74000 failed: canceling statement due to statement timeout
    individual-donor chunk 74000-74500 failed: canceling statement due to statement timeout
[wrapper-heartbeat] rss=4385MB peak=5579MB elapsed=18627s
    individual-donor chunk 74500-75000 failed: canceling statement due to statement timeout
    individual-donor chunk 75500-76000 failed: canceling statement due to statement timeout
[wrapper-heartbeat] rss=4385MB peak=5579MB elapsed=18657s
    individual-donor chunk 76000-76500 failed: canceling statement due to statement timeout
    individual-donor chunk 76500-77000 failed: canceling statement due to statement timeout
[wrapper-heartbeat] rss=4386MB peak=5579MB elapsed=18687s
[wrapper-heartbeat] rss=4387MB peak=5579MB elapsed=18717s
[wrapper-heartbeat] rss=4388MB peak=5579MB elapsed=18747s
[wrapper-heartbeat] rss=4389MB peak=5579MB elapsed=18777s
    individual-donor chunk 86000-86500 failed: canceling statement due to statement timeout
    individual-donor chunk 86500-87000 failed: canceling statement due to statement timeout
    individual-donor chunk 87000-87500 failed: canceling statement due to statement timeout
[wrapper-heartbeat] rss=4389MB peak=5579MB elapsed=18807s
    individual-donor chunk 87500-88000 failed: canceling statement due to statement timeout
    individual-donor chunk 88000-88500 failed: canceling statement due to statement timeout
[wrapper-heartbeat] rss=4390MB peak=5579MB elapsed=18837s
    individual-donor chunk 88500-89000 failed: canceling statement due to statement timeout
[wrapper-heartbeat] rss=4390MB peak=5579MB elapsed=18867s
    individual-donor chunk 89000-89500 failed: canceling statement due to statement timeout
    individual-donor chunk 89500-90000 failed: canceling statement due to statement timeout
    individual-donor chunk 90000-90500 failed: canceling statement due to statement timeout
[wrapper-heartbeat] rss=4388MB peak=5579MB elapsed=18897s
    individual-donor chunk 90500-91000 failed: canceling statement due to statement timeout
    individual-donor chunk 91000-91500 failed: canceling statement due to statement timeout
    individual-donor chunk 91500-92000 failed: canceling statement due to statement timeout
[wrapper-heartbeat] rss=4388MB peak=5579MB elapsed=18927s
    individual-donor chunk 92000-92500 failed: canceling statement due to statement timeout
    individual-donor chunk 92500-93000 failed: canceling statement due to statement timeout
[wrapper-heartbeat] rss=4389MB peak=5579MB elapsed=18957s
    individual-donor chunk 93000-93500 failed: canceling statement due to statement timeout
    individual-donor chunk 93500-94000 failed: canceling statement due to statement timeout
    individual-donor chunk 94000-94500 failed: canceling statement due to statement timeout
[wrapper-heartbeat] rss=4389MB peak=5579MB elapsed=18987s
    individual-donor chunk 94500-95000 failed: canceling statement due to statement timeout
    individual-donor chunk 95000-95500 failed: canceling statement due to statement timeout
[wrapper-heartbeat] rss=4390MB peak=5579MB elapsed=19017s
    individual-donor chunk 95500-96000 failed: canceling statement due to statement timeout
    individual-donor chunk 96000-96500 failed: canceling statement due to statement timeout
    individual-donor chunk 96500-97000 failed: canceling statement due to statement timeout
[wrapper-heartbeat] rss=4390MB peak=5579MB elapsed=19047s
    individual-donor chunk 97000-97500 failed: canceling statement due to statement timeout
    individual-donor chunk 97500-98000 failed: canceling statement due to statement timeout
    individual-donor chunk 98000-98500 failed: canceling statement due to statement timeout
[wrapper-heartbeat] rss=4391MB peak=5579MB elapsed=19077s
    individual-donor chunk 98500-99000 failed: canceling statement due to statement timeout
    individual-donor chunk 99000-99500 failed: canceling statement due to statement timeout
    individual-donor chunk 99500-100000 failed: canceling statement due to statement timeout
[wrapper-heartbeat] rss=4391MB peak=5579MB elapsed=19107s
    individual-donor chunk 100000-100500 failed: canceling statement due to statement timeout
    individual-donor chunk 100500-101000 failed: canceling statement due to statement timeout
[wrapper-heartbeat] rss=4392MB peak=5579MB elapsed=19137s
[wrapper-heartbeat] rss=4396MB peak=5579MB elapsed=19167s
[wrapper-heartbeat] rss=4397MB peak=5579MB elapsed=19197s
[wrapper-heartbeat] rss=4399MB peak=5579MB elapsed=19227s
    individual-donor chunk 111500-112000 failed: canceling statement due to statement timeout
    individual-donor chunk 112000-112500 failed: canceling statement due to statement timeout
[wrapper-heartbeat] rss=4399MB peak=5579MB elapsed=19257s
    individual-donor chunk 112500-113000 failed: canceling statement due to statement timeout
    individual-donor chunk 113000-113500 failed: canceling statement due to statement timeout
[wrapper-heartbeat] rss=4400MB peak=5579MB elapsed=19287s
    individual-donor chunk 114500-115000 failed: canceling statement due to statement timeout
    individual-donor chunk 115000-115500 failed: canceling statement due to statement timeout
[wrapper-heartbeat] rss=4401MB peak=5579MB elapsed=19317s
    individual-donor chunk 116000-116500 failed: canceling statement due to statement timeout
    individual-donor chunk 116500-117000 failed: canceling statement due to statement timeout
[wrapper-heartbeat] rss=4401MB peak=5579MB elapsed=19347s
    individual-donor chunk 118000-118500 failed: canceling statement due to statement timeout
    individual-donor chunk 118500-119000 failed: canceling statement due to statement timeout
    individual-donor chunk 119000-119500 failed: canceling statement due to statement timeout
[wrapper-heartbeat] rss=4402MB peak=5579MB elapsed=19377s
    individual-donor chunk 119500-120000 failed: canceling statement due to statement timeout
[wrapper-heartbeat] rss=4402MB peak=5579MB elapsed=19407s
    individual-donor chunk 120000-120500 failed: canceling statement due to statement timeout
[wrapper-heartbeat] rss=4402MB peak=5579MB elapsed=19437s
    individual-donor chunk 120500-121000 failed: canceling statement due to statement timeout
    individual-donor chunk 121000-121500 failed: canceling statement due to statement timeout
    individual-donor chunk 121500-122000 failed: canceling statement due to statement timeout
[wrapper-heartbeat] rss=4403MB peak=5579MB elapsed=19467s
    individual-donor chunk 122000-122500 failed: canceling statement due to statement timeout
    individual-donor chunk 122500-123000 failed: canceling statement due to statement timeout
    individual-donor chunk 123000-123500 failed: canceling statement due to statement timeout
[wrapper-heartbeat] rss=4403MB peak=5579MB elapsed=19497s
    individual-donor chunk 123500-124000 failed: canceling statement due to statement timeout
    individual-donor chunk 124000-124500 failed: canceling statement due to statement timeout
    individual-donor chunk 124500-125000 failed: canceling statement due to statement timeout
[wrapper-heartbeat] rss=4276MB peak=5579MB elapsed=19527s
    individual-donor chunk 125000-125500 failed: canceling statement due to statement timeout
    individual-donor chunk 125500-126000 failed: canceling statement due to statement timeout
    individual-donor chunk 126000-126500 failed: canceling statement due to statement timeout
[wrapper-heartbeat] rss=4277MB peak=5579MB elapsed=19557s
    individual-donor chunk 126500-127000 failed: canceling statement due to statement timeout
    individual-donor chunk 127500-128000 failed: canceling statement due to statement timeout
    individual-donor chunk 128000-128500 failed: canceling statement due to statement timeout
[wrapper-heartbeat] rss=4278MB peak=5579MB elapsed=19587s
    individual-donor chunk 129500-130000 failed: canceling statement due to statement timeout
    individual-donor chunk 130000-130500 failed: canceling statement due to statement timeout
[wrapper-heartbeat] rss=4152MB peak=5579MB elapsed=19617s
    individual-donor chunk 130500-131000 failed: canceling statement due to statement timeout
[wrapper-heartbeat] rss=4025MB peak=5579MB elapsed=19647s
    individual-donor chunk 133500-134000 failed: canceling statement due to statement timeout
[wrapper-heartbeat] rss=4026MB peak=5579MB elapsed=19677s
    individual-donor chunk 134000-134500 failed: canceling statement due to statement timeout
    individual-donor chunk 134500-135000 failed: canceling statement due to statement timeout
    individual-donor chunk 135000-135500 failed: canceling statement due to statement timeout
[wrapper-heartbeat] rss=4027MB peak=5579MB elapsed=19707s
    individual-donor chunk 135500-136000 failed: canceling statement due to statement timeout
    individual-donor chunk 136000-136500 failed: canceling statement due to statement timeout
[wrapper-heartbeat] rss=3900MB peak=5579MB elapsed=19737s
    individual-donor chunk 136500-137000 failed: canceling statement due to statement timeout
    individual-donor chunk 137000-137500 failed: canceling statement due to statement timeout
    individual-donor chunk 137500-138000 failed: canceling statement due to statement timeout
[wrapper-heartbeat] rss=3901MB peak=5579MB elapsed=19767s
    individual-donor chunk 138000-138500 failed: canceling statement due to statement timeout
    individual-donor chunk 138500-139000 failed: canceling statement due to statement timeout
    individual-donor chunk 139000-139500 failed: canceling statement due to statement timeout
[wrapper-heartbeat] rss=3902MB peak=5579MB elapsed=19797s
    individual-donor chunk 139500-140000 failed: canceling statement due to statement timeout
    individual-donor chunk 140000-140500 failed: canceling statement due to statement timeout
[wrapper-heartbeat] rss=3903MB peak=5579MB elapsed=19827s
[wrapper-heartbeat] rss=3905MB peak=5579MB elapsed=19857s
    individual-donor chunk 145000-145500 failed: canceling statement due to statement timeout
    individual-donor chunk 145500-146000 failed: canceling statement due to statement timeout
[wrapper-heartbeat] rss=3906MB peak=5579MB elapsed=19887s
    individual-donor chunk 146000-146500 failed: canceling statement due to statement timeout
    individual-donor chunk 146500-147000 failed: canceling statement due to statement timeout
[wrapper-heartbeat] rss=3907MB peak=5579MB elapsed=19917s
    individual-donor chunk 147000-147500 failed: canceling statement due to statement timeout
    individual-donor chunk 147500-148000 failed: canceling statement due to statement timeout
[wrapper-heartbeat] rss=3908MB peak=5579MB elapsed=19947s
    individual-donor chunk 148000-148500 failed: canceling statement due to statement timeout
    individual-donor chunk 148500-149000 failed: canceling statement due to statement timeout
    individual-donor chunk 149000-149500 failed: canceling statement due to statement timeout
    individual-donor chunk 149500-150000 failed: canceling statement due to statement timeout
[wrapper-heartbeat] rss=3909MB peak=5579MB elapsed=19977s
    individual-donor chunk 150000-150500 failed: canceling statement due to statement timeout
    individual-donor chunk 150500-151000 failed: canceling statement due to statement timeout
[wrapper-heartbeat] rss=3911MB peak=5579MB elapsed=20007s
[wrapper-heartbeat] rss=3913MB peak=5579MB elapsed=20037s
    individual-donor chunk 155000-155500 failed: canceling statement due to statement timeout
    individual-donor chunk 155500-156000 failed: canceling statement due to statement timeout
[wrapper-heartbeat] rss=3914MB peak=5579MB elapsed=20067s
    individual-donor chunk 156000-156500 failed: canceling statement due to statement timeout
    individual-donor chunk 156500-157000 failed: canceling statement due to statement timeout
[wrapper-heartbeat] rss=3916MB peak=5579MB elapsed=20097s
    individual-donor chunk 158000-158500 failed: canceling statement due to statement timeout
    individual-donor chunk 158500-159000 failed: canceling statement due to statement timeout
[wrapper-heartbeat] rss=3917MB peak=5579MB elapsed=20127s
    individual-donor chunk 159500-160000 failed: canceling statement due to statement timeout
    individual-donor chunk 160000-160500 failed: canceling statement due to statement timeout
[wrapper-heartbeat] rss=3919MB peak=5579MB elapsed=20157s
[wrapper-heartbeat] rss=3921MB peak=5579MB elapsed=20187s
[wrapper-heartbeat] rss=3923MB peak=5579MB elapsed=20217s
    individual-donor chunk 167500-168000 failed: canceling statement due to statement timeout
    individual-donor chunk 168000-168500 failed: canceling statement due to statement timeout
[wrapper-heartbeat] rss=3924MB peak=5579MB elapsed=20247s
    individual-donor chunk 168500-169000 failed: canceling statement due to statement timeout
[wrapper-heartbeat] rss=3926MB peak=5579MB elapsed=20277s
    individual-donor chunk 172000-172500 failed: canceling statement due to statement timeout
    individual-donor chunk 172500-173000 failed: canceling statement due to statement timeout
[wrapper-heartbeat] rss=3928MB peak=5579MB elapsed=20308s
    individual-donor chunk 173500-174000 failed: canceling statement due to statement timeout
    individual-donor chunk 174000-174500 failed: canceling statement due to statement timeout
[wrapper-heartbeat] rss=3929MB peak=5579MB elapsed=20338s
    individual-donor chunk 174500-175000 failed: canceling statement due to statement timeout
    individual-donor chunk 175000-175500 failed: canceling statement due to statement timeout
    individual-donor chunk 175500-176000 failed: canceling statement due to statement timeout
[wrapper-heartbeat] rss=3930MB peak=5579MB elapsed=20368s
    individual-donor chunk 176000-176500 failed: canceling statement due to statement timeout
    individual-donor chunk 176500-177000 failed: canceling statement due to statement timeout
[wrapper-heartbeat] rss=3932MB peak=5579MB elapsed=20398s
    individual-donor chunk 178000-178500 failed: canceling statement due to statement timeout
[wrapper-heartbeat] rss=3933MB peak=5579MB elapsed=20428s
    individual-donor chunk 180500-181000 failed: canceling statement due to statement timeout
    individual-donor chunk 182000-182500 failed: canceling statement due to statement timeout
[wrapper-heartbeat] rss=3935MB peak=5579MB elapsed=20458s
[wrapper-heartbeat] rss=3938MB peak=5579MB elapsed=20488s
[wrapper-heartbeat] rss=3940MB peak=5579MB elapsed=20518s
[wrapper-heartbeat] rss=3943MB peak=5579MB elapsed=20548s
    individual-donor chunk 192500-193000 failed: canceling statement due to statement timeout
    individual-donor chunk 193000-193500 failed: canceling statement due to statement timeout
[wrapper-heartbeat] rss=3944MB peak=5579MB elapsed=20578s
    individual-donor chunk 193500-194000 failed: canceling statement due to statement timeout
    individual-donor chunk 194000-194500 failed: canceling statement due to statement timeout
    individual-donor chunk 194500-195000 failed: canceling statement due to statement timeout
    individual-donor chunk 195000-195500 failed: canceling statement due to statement timeout
[wrapper-heartbeat] rss=3946MB peak=5579MB elapsed=20608s
    individual-donor chunk 195500-196000 failed: canceling statement due to statement timeout
    individual-donor chunk 196000-196500 failed: canceling statement due to statement timeout
[wrapper-heartbeat] rss=3947MB peak=5579MB elapsed=20638s
    individual-donor chunk 196500-197000 failed: canceling statement due to statement timeout
    individual-donor chunk 197000-197500 failed: canceling statement due to statement timeout
[wrapper-heartbeat] rss=3947MB peak=5579MB elapsed=20668s
[wrapper-heartbeat] rss=3947MB peak=5579MB elapsed=20698s
    individual-donor chunk 197500-198000 failed: canceling statement due to statement timeout
    individual-donor chunk 198000-198500 failed: canceling statement due to statement timeout
    individual-donor chunk 198500-199000 failed: canceling statement due to statement timeout
[wrapper-heartbeat] rss=3949MB peak=5579MB elapsed=20728s
    individual-donor chunk 199000-199500 failed: canceling statement due to statement timeout
    individual-donor chunk 199500-200000 failed: canceling statement due to statement timeout
    individual-donor chunk 200000-200500 failed: canceling statement due to statement timeout
[wrapper-heartbeat] rss=3950MB peak=5579MB elapsed=20758s
    individual-donor chunk 200500-201000 failed: canceling statement due to statement timeout
    individual-donor chunk 201000-201500 failed: canceling statement due to statement timeout
    individual-donor chunk 201500-202000 failed: canceling statement due to statement timeout
    individual-donor chunk 202000-202500 failed: canceling statement due to statement timeout
[wrapper-heartbeat] rss=3951MB peak=5579MB elapsed=20788s
    individual-donor chunk 202500-203000 failed: canceling statement due to statement timeout
    individual-donor chunk 203000-203500 failed: canceling statement due to statement timeout
    individual-donor chunk 203500-204000 failed: canceling statement due to statement timeout
[wrapper-heartbeat] rss=3953MB peak=5579MB elapsed=20818s
    individual-donor chunk 204000-204500 failed: canceling statement due to statement timeout
    individual-donor chunk 204500-205000 failed: canceling statement due to statement timeout
[wrapper-heartbeat] rss=3953MB peak=5579MB elapsed=20848s
    individual-donor chunk 205000-205500 failed: canceling statement due to statement timeout
    individual-donor chunk 205500-206000 failed: canceling statement due to statement timeout
    individual-donor chunk 206500-207000 failed: canceling statement due to statement timeout
[wrapper-heartbeat] rss=3955MB peak=5579MB elapsed=20878s
    individual-donor chunk 207000-207500 failed: canceling statement due to statement timeout
    individual-donor chunk 207500-208000 failed: canceling statement due to statement timeout
[wrapper-heartbeat] rss=3956MB peak=5579MB elapsed=20908s
    individual-donor chunk 208500-209000 failed: canceling statement due to statement timeout
    individual-donor chunk 209000-209500 failed: canceling statement due to statement timeout
    individual-donor chunk 209500-210000 failed: canceling statement due to statement timeout
    individual-donor chunk 210000-210500 failed: canceling statement due to statement timeout
[wrapper-heartbeat] rss=3958MB peak=5579MB elapsed=20938s
[wrapper-heartbeat] rss=3959MB peak=5579MB elapsed=20968s
    individual-donor chunk 214000-214500 failed: canceling statement due to statement timeout
[wrapper-heartbeat] rss=3961MB peak=5579MB elapsed=20998s
    individual-donor chunk 214500-215000 failed: canceling statement due to statement timeout
    individual-donor chunk 215000-215500 failed: canceling statement due to statement timeout
    individual-donor chunk 215500-216000 failed: canceling statement due to statement timeout
[wrapper-heartbeat] rss=3962MB peak=5579MB elapsed=21028s
    individual-donor chunk 216000-216500 failed: canceling statement due to statement timeout
    individual-donor chunk 216500-217000 failed: canceling statement due to statement timeout
    individual-donor chunk 217000-217500 failed: canceling statement due to statement timeout
[wrapper-heartbeat] rss=3963MB peak=5579MB elapsed=21058s
    individual-donor chunk 217500-218000 failed: canceling statement due to statement timeout
    individual-donor chunk 218000-218500 failed: canceling statement due to statement timeout
    individual-donor chunk 218500-219000 failed: canceling statement due to statement timeout
[wrapper-heartbeat] rss=3965MB peak=5579MB elapsed=21088s
    individual-donor chunk 219000-219500 failed: canceling statement due to statement timeout
[wrapper-heartbeat] rss=3965MB peak=5579MB elapsed=21118s
    individual-donor chunk 219500-220000 failed: canceling statement due to statement timeout
    individual-donor chunk 220000-220500 failed: canceling statement due to statement timeout
    individual-donor chunk 220500-221000 failed: canceling statement due to statement timeout
[wrapper-heartbeat] rss=3966MB peak=5579MB elapsed=21148s
    individual-donor chunk 221000-221500 failed: canceling statement due to statement timeout
    individual-donor chunk 221500-222000 failed: canceling statement due to statement timeout
    individual-donor chunk 222000-222500 failed: canceling statement due to statement timeout
    individual-donor chunk 222500-223000 failed: canceling statement due to statement timeout
[wrapper-heartbeat] rss=3968MB peak=5579MB elapsed=21178s
    individual-donor chunk 223000-223500 failed: canceling statement due to statement timeout
    individual-donor chunk 223500-224000 failed: canceling statement due to statement timeout
    individual-donor chunk 224000-224500 failed: canceling statement due to statement timeout
[wrapper-heartbeat] rss=3969MB peak=5579MB elapsed=21208s
    individual-donor chunk 224500-225000 failed: canceling statement due to statement timeout
[wrapper-heartbeat] rss=3906MB peak=5579MB elapsed=21238s
[wrapper-heartbeat] rss=3907MB peak=5579MB elapsed=21268s
    individual-donor chunk 229500-230000 failed: canceling statement due to statement timeout
    individual-donor chunk 230500-231000 failed: canceling statement due to statement timeout
[wrapper-heartbeat] rss=3908MB peak=5579MB elapsed=21298s
    individual-donor chunk 231500-232000 failed: canceling statement due to statement timeout
    individual-donor chunk 232000-232500 failed: canceling statement due to statement timeout
[wrapper-heartbeat] rss=3908MB peak=5579MB elapsed=21328s
    individual-donor chunk 232500-233000 failed: canceling statement due to statement timeout
    individual-donor chunk 233000-233500 failed: canceling statement due to statement timeout
[wrapper-heartbeat] rss=3909MB peak=5579MB elapsed=21358s
    individual-donor chunk 234500-235000 failed: canceling statement due to statement timeout
    individual-donor chunk 235000-235500 failed: canceling statement due to statement timeout
    individual-donor chunk 235500-236000 failed: canceling statement due to statement timeout
[wrapper-heartbeat] rss=3910MB peak=5579MB elapsed=21388s
    individual-donor chunk 236000-236500 failed: canceling statement due to statement timeout
    individual-donor chunk 236500-237000 failed: canceling statement due to statement timeout
[wrapper-heartbeat] rss=3910MB peak=5579MB elapsed=21418s
    individual-donor chunk 237000-237500 failed: canceling statement due to statement timeout
    individual-donor chunk 237500-238000 failed: canceling statement due to statement timeout
    individual-donor chunk 238000-238500 failed: canceling statement due to statement timeout
[wrapper-heartbeat] rss=3911MB peak=5579MB elapsed=21448s
    individual-donor chunk 238500-239000 failed: canceling statement due to statement timeout
    individual-donor chunk 240500-241000 failed: canceling statement due to statement timeout
[wrapper-heartbeat] rss=3912MB peak=5579MB elapsed=21478s
    individual-donor chunk 241500-242000 failed: canceling statement due to statement timeout
    individual-donor chunk 242000-242500 failed: canceling statement due to statement timeout
    individual-donor chunk 242500-243000 failed: canceling statement due to statement timeout
[wrapper-heartbeat] rss=3912MB peak=5579MB elapsed=21508s
    individual-donor chunk 243000-243500 failed: canceling statement due to statement timeout
[wrapper-heartbeat] rss=3913MB peak=5579MB elapsed=21538s
[wrapper-heartbeat] rss=3921MB peak=5579MB elapsed=21568s
[wrapper-heartbeat] rss=3922MB peak=5579MB elapsed=21598s
[wrapper-heartbeat] rss=3921MB peak=5579MB elapsed=21628s
[wrapper-heartbeat] rss=3922MB peak=5579MB elapsed=21658s
    individual-donor chunk 257500-258000 failed: TypeError: fetch failed
[wrapper-heartbeat] rss=3924MB peak=5579MB elapsed=21688s
    individual-donor chunk 261000-261500 failed: canceling statement due to statement timeout
    individual-donor chunk 261500-262000 failed: canceling statement due to statement timeout
[wrapper-heartbeat] rss=3925MB peak=5579MB elapsed=21718s
    individual-donor chunk 262000-262500 failed: canceling statement due to statement timeout
    individual-donor chunk 262500-263000 failed: canceling statement due to statement timeout
    individual-donor chunk 263000-263500 failed: canceling statement due to statement timeout
[wrapper-heartbeat] rss=3926MB peak=5579MB elapsed=21748s
[wrapper-heartbeat] rss=3926MB peak=5579MB elapsed=21778s
    individual-donor chunk 266000-266500 failed: canceling statement due to statement timeout
[wrapper-heartbeat] rss=3927MB peak=5579MB elapsed=21808s
    individual-donor chunk 266500-267000 failed: canceling statement due to statement timeout
    individual-donor chunk 267000-267500 failed: canceling statement due to statement timeout
[wrapper-heartbeat] rss=3927MB peak=5579MB elapsed=21838s
    individual-donor chunk 267500-268000 failed: canceling statement due to statement timeout
    individual-donor chunk 268000-268500 failed: canceling statement due to statement timeout
[wrapper-heartbeat] rss=3928MB peak=5579MB elapsed=21868s
    individual-donor chunk 268500-269000 failed: canceling statement due to statement timeout
    individual-donor chunk 269000-269500 failed: canceling statement due to statement timeout
    individual-donor chunk 269500-270000 failed: canceling statement due to statement timeout
[wrapper-heartbeat] rss=3928MB peak=5579MB elapsed=21898s
    individual-donor chunk 270000-270500 failed: canceling statement due to statement timeout
    individual-donor chunk 270500-271000 failed: canceling statement due to statement timeout
    individual-donor chunk 271000-271500 failed: canceling statement due to statement timeout
[wrapper-heartbeat] rss=3929MB peak=5579MB elapsed=21928s
    individual-donor chunk 271500-272000 failed: canceling statement due to statement timeout
    individual-donor chunk 272000-272500 failed: canceling statement due to statement timeout
[wrapper-heartbeat] rss=3929MB peak=5579MB elapsed=21958s
    individual-donor chunk 272500-273000 failed: canceling statement due to statement timeout
    individual-donor chunk 273000-273500 failed: canceling statement due to statement timeout
[wrapper-heartbeat] rss=3930MB peak=5579MB elapsed=21988s
    individual-donor chunk 273500-274000 failed: canceling statement due to statement timeout
    individual-donor chunk 274000-274500 failed: canceling statement due to statement timeout
    individual-donor chunk 274500-275000 failed: canceling statement due to statement timeout
[wrapper-heartbeat] rss=3930MB peak=5579MB elapsed=22018s
    individual-donor chunk 275000-275500 failed: canceling statement due to statement timeout
    individual-donor chunk 275500-276000 failed: canceling statement due to statement timeout
    individual-donor chunk 276000-276500 failed: canceling statement due to statement timeout
[wrapper-heartbeat] rss=3931MB peak=5579MB elapsed=22048s
    individual-donor chunk 276500-277000 failed: canceling statement due to statement timeout
    individual-donor chunk 277000-277500 failed: canceling statement due to statement timeout
    individual-donor chunk 277500-278000 failed: canceling statement due to statement timeout
[wrapper-heartbeat] rss=3931MB peak=5579MB elapsed=22078s
    individual-donor chunk 278000-278500 failed: canceling statement due to statement timeout
    individual-donor chunk 278500-279000 failed: canceling statement due to statement timeout
[wrapper-heartbeat] rss=3932MB peak=5579MB elapsed=22108s
[wrapper-heartbeat] rss=3934MB peak=5579MB elapsed=22138s
[wrapper-heartbeat] rss=3935MB peak=5579MB elapsed=22168s
    individual-donor chunk 287500-288000 failed: canceling statement due to statement timeout
    individual-donor chunk 288000-288500 failed: canceling statement due to statement timeout
    individual-donor chunk 288500-289000 failed: canceling statement due to statement timeout
[wrapper-heartbeat] rss=3936MB peak=5579MB elapsed=22198s
    individual-donor chunk 289000-289500 failed: canceling statement due to statement timeout
    individual-donor chunk 289500-290000 failed: canceling statement due to statement timeout
[wrapper-heartbeat] rss=3936MB peak=5579MB elapsed=22228s
    individual-donor chunk 292500-293000 failed: canceling statement due to statement timeout
[wrapper-heartbeat] rss=3937MB peak=5579MB elapsed=22258s
    individual-donor chunk 293000-293500 failed: canceling statement due to statement timeout
[wrapper-heartbeat] rss=3938MB peak=5579MB elapsed=22288s
    individual-donor chunk 296500-297000 failed: canceling statement due to statement timeout
    individual-donor chunk 297000-297500 failed: canceling statement due to statement timeout
[wrapper-heartbeat] rss=3939MB peak=5579MB elapsed=22318s
    individual-donor chunk 297500-298000 failed: canceling statement due to statement timeout
    individual-donor chunk 298000-298500 failed: canceling statement due to statement timeout
    individual-donor chunk 298500-299000 failed: canceling statement due to statement timeout
[wrapper-heartbeat] rss=3939MB peak=5579MB elapsed=22348s
    individual-donor chunk 299000-299500 failed: canceling statement due to statement timeout
    individual-donor chunk 299500-300000 failed: canceling statement due to statement timeout
    individual-donor chunk 300000-300500 failed: canceling statement due to statement timeout
[wrapper-heartbeat] rss=3940MB peak=5579MB elapsed=22378s
    individual-donor chunk 300500-301000 failed: canceling statement due to statement timeout
    individual-donor chunk 301000-301500 failed: canceling statement due to statement timeout
    individual-donor chunk 301500-302000 failed: canceling statement due to statement timeout
[wrapper-heartbeat] rss=3941MB peak=5579MB elapsed=22408s
    individual-donor chunk 302000-302500 failed: canceling statement due to statement timeout
    individual-donor chunk 302500-303000 failed: canceling statement due to statement timeout
    individual-donor chunk 303000-303500 failed: canceling statement due to statement timeout
[wrapper-heartbeat] rss=3941MB peak=5579MB elapsed=22438s
    individual-donor chunk 303500-304000 failed: canceling statement due to statement timeout
    individual-donor chunk 304000-304500 failed: canceling statement due to statement timeout
[wrapper-heartbeat] rss=3941MB peak=5579MB elapsed=22468s
[wrapper-heartbeat] rss=3942MB peak=5579MB elapsed=22498s
    individual-donor chunk 306500-307000 failed: canceling statement due to statement timeout
    individual-donor chunk 307000-307500 failed: canceling statement due to statement timeout
[wrapper-heartbeat] rss=3943MB peak=5579MB elapsed=22528s
    individual-donor chunk 307500-308000 failed: canceling statement due to statement timeout
[wrapper-heartbeat] rss=3943MB peak=5579MB elapsed=22558s
    individual-donor chunk 311500-312000 failed: canceling statement due to statement timeout
[wrapper-heartbeat] rss=3945MB peak=5579MB elapsed=22588s
    individual-donor chunk 312000-312500 failed: canceling statement due to statement timeout
    individual-donor chunk 312500-313000 failed: canceling statement due to statement timeout
    individual-donor chunk 313000-313500 failed: canceling statement due to statement timeout
[wrapper-heartbeat] rss=3945MB peak=5579MB elapsed=22618s
    individual-donor chunk 315500-316000 failed: canceling statement due to statement timeout
[wrapper-heartbeat] rss=3946MB peak=5579MB elapsed=22648s
    individual-donor chunk 316000-316500 failed: canceling statement due to statement timeout
    individual-donor chunk 316500-317000 failed: canceling statement due to statement timeout
    individual-donor chunk 317000-317500 failed: canceling statement due to statement timeout
[wrapper-heartbeat] rss=3947MB peak=5579MB elapsed=22678s
[wrapper-heartbeat] rss=3947MB peak=5579MB elapsed=22708s
[wrapper-heartbeat] rss=3949MB peak=5579MB elapsed=22738s
[wrapper-heartbeat] rss=3950MB peak=5579MB elapsed=22768s
[wrapper-heartbeat] rss=3952MB peak=5579MB elapsed=22798s
    individual-donor chunk 331000-331500 failed: canceling statement due to statement timeout
    individual-donor chunk 331500-332000 failed: canceling statement due to statement timeout
[wrapper-heartbeat] rss=3952MB peak=5579MB elapsed=22828s
    individual-donor chunk 332000-332500 failed: canceling statement due to statement timeout
    individual-donor chunk 332500-333000 failed: canceling statement due to statement timeout
[wrapper-heartbeat] rss=3953MB peak=5579MB elapsed=22858s
    individual-donor chunk 333000-333500 failed: canceling statement due to statement timeout
[wrapper-heartbeat] rss=3953MB peak=5579MB elapsed=22888s
[wrapper-heartbeat] rss=3955MB peak=5579MB elapsed=22918s
[wrapper-heartbeat] rss=3956MB peak=5579MB elapsed=22948s
[wrapper-heartbeat] rss=3957MB peak=5579MB elapsed=22978s
[wrapper-heartbeat] rss=3959MB peak=5579MB elapsed=23008s
    individual-donor chunk 350500-351000 failed: canceling statement due to statement timeout
    individual-donor chunk 351000-351500 failed: canceling statement due to statement timeout
[wrapper-heartbeat] rss=3960MB peak=5579MB elapsed=23038s
    individual-donor chunk 351500-352000 failed: canceling statement due to statement timeout
    individual-donor chunk 352000-352500 failed: canceling statement due to statement timeout
    individual-donor chunk 352500-353000 failed: canceling statement due to statement timeout
[wrapper-heartbeat] rss=3960MB peak=5579MB elapsed=23068s
    individual-donor chunk 354000-354500 failed: canceling statement due to statement timeout
[wrapper-heartbeat] rss=3961MB peak=5579MB elapsed=23098s
    individual-donor chunk 354500-355000 failed: canceling statement due to statement timeout
    individual-donor chunk 355000-355500 failed: canceling statement due to statement timeout
[wrapper-heartbeat] rss=3961MB peak=5579MB elapsed=23128s
    individual-donor chunk 355500-356000 failed: canceling statement due to statement timeout
    individual-donor chunk 356000-356500 failed: canceling statement due to statement timeout
    individual-donor chunk 356500-357000 failed: canceling statement due to statement timeout
[wrapper-heartbeat] rss=3962MB peak=5579MB elapsed=23158s
    individual-donor chunk 357000-357500 failed: canceling statement due to statement timeout
    individual-donor chunk 357500-358000 failed: canceling statement due to statement timeout
[wrapper-heartbeat] rss=3962MB peak=5579MB elapsed=23188s
    individual-donor chunk 358000-358500 failed: canceling statement due to statement timeout
    individual-donor chunk 358500-359000 failed: canceling statement due to statement timeout
    individual-donor chunk 359000-359500 failed: canceling statement due to statement timeout
[wrapper-heartbeat] rss=3963MB peak=5579MB elapsed=23218s
    individual-donor chunk 359500-360000 failed: canceling statement due to statement timeout
    individual-donor chunk 360000-360500 failed: canceling statement due to statement timeout
    individual-donor chunk 360500-361000 failed: canceling statement due to statement timeout
[wrapper-heartbeat] rss=3963MB peak=5579MB elapsed=23248s
    individual-donor chunk 361000-361500 failed: canceling statement due to statement timeout
    individual-donor chunk 362500-363000 failed: canceling statement due to statement timeout
[wrapper-heartbeat] rss=3964MB peak=5579MB elapsed=23278s
    individual-donor chunk 363000-363500 failed: canceling statement due to statement timeout
    individual-donor chunk 363500-364000 failed: canceling statement due to statement timeout
[wrapper-heartbeat] rss=3965MB peak=5579MB elapsed=23308s
[wrapper-heartbeat] rss=3966MB peak=5579MB elapsed=23338s
[wrapper-heartbeat] rss=3969MB peak=5579MB elapsed=23368s
[wrapper-heartbeat] rss=3972MB peak=5579MB elapsed=23398s
    individual-donor chunk 374000-374500 failed: canceling statement due to statement timeout
    individual-donor chunk 374500-375000 failed: canceling statement due to statement timeout
    individual-donor chunk 375000-375500 failed: canceling statement due to statement timeout
[wrapper-heartbeat] rss=3973MB peak=5579MB elapsed=23428s
    individual-donor chunk 375500-376000 failed: canceling statement due to statement timeout
    individual-donor chunk 376000-376500 failed: canceling statement due to statement timeout
    individual-donor chunk 376500-377000 failed: canceling statement due to statement timeout
[wrapper-heartbeat] rss=3974MB peak=5579MB elapsed=23458s
    individual-donor chunk 377000-377500 failed: canceling statement due to statement timeout
    individual-donor chunk 377500-378000 failed: canceling statement due to statement timeout
[wrapper-heartbeat] rss=3975MB peak=5579MB elapsed=23488s
    individual-donor chunk 378000-378500 failed: canceling statement due to statement timeout
    individual-donor chunk 378500-379000 failed: canceling statement due to statement timeout
    individual-donor chunk 379000-379500 failed: canceling statement due to statement timeout
[wrapper-heartbeat] rss=3976MB peak=5579MB elapsed=23518s
    individual-donor chunk 379500-380000 failed: canceling statement due to statement timeout
    individual-donor chunk 380000-380500 failed: canceling statement due to statement timeout
[wrapper-heartbeat] rss=3976MB peak=5579MB elapsed=23548s
    individual-donor chunk 380500-381000 failed: canceling statement due to statement timeout
    individual-donor chunk 381000-381500 failed: canceling statement due to statement timeout
    individual-donor chunk 381500-382000 failed: canceling statement due to statement timeout
[wrapper-heartbeat] rss=3978MB peak=5579MB elapsed=23578s
    individual-donor chunk 382000-382500 failed: canceling statement due to statement timeout
    individual-donor chunk 382500-383000 failed: canceling statement due to statement timeout
    individual-donor chunk 383000-383500 failed: canceling statement due to statement timeout
[wrapper-heartbeat] rss=3979MB peak=5579MB elapsed=23608s
    individual-donor chunk 383500-384000 failed: canceling statement due to statement timeout
    individual-donor chunk 384000-384500 failed: canceling statement due to statement timeout
[wrapper-heartbeat] rss=3979MB peak=5579MB elapsed=23638s
    individual-donor chunk 384500-385000 failed: canceling statement due to statement timeout
    individual-donor chunk 385000-385500 failed: canceling statement due to statement timeout
[wrapper-heartbeat] rss=3981MB peak=5579MB elapsed=23668s
[wrapper-heartbeat] rss=3982MB peak=5579MB elapsed=23698s
    individual-donor chunk 388000-388500 failed: canceling statement due to statement timeout
[wrapper-heartbeat] rss=3918MB peak=5579MB elapsed=23728s
[wrapper-heartbeat] rss=3918MB peak=5579MB elapsed=23758s
[wrapper-heartbeat] rss=3920MB peak=5579MB elapsed=23788s
[wrapper-heartbeat] rss=3920MB peak=5579MB elapsed=23818s
[wrapper-heartbeat] rss=3922MB peak=5579MB elapsed=23848s
    individual-donor chunk 402000-402500 failed: canceling statement due to statement timeout
    individual-donor chunk 402500-403000 failed: canceling statement due to statement timeout
    individual-donor chunk 403000-403500 failed: canceling statement due to statement timeout
[wrapper-heartbeat] rss=3922MB peak=5579MB elapsed=23879s
    individual-donor chunk 403500-404000 failed: canceling statement due to statement timeout
    individual-donor chunk 404000-404500 failed: canceling statement due to statement timeout
[wrapper-heartbeat] rss=3923MB peak=5579MB elapsed=23909s
[wrapper-heartbeat] rss=3924MB peak=5579MB elapsed=23939s
[wrapper-heartbeat] rss=3925MB peak=5579MB elapsed=23969s
[wrapper-heartbeat] rss=3925MB peak=5579MB elapsed=23999s
[wrapper-heartbeat] rss=3926MB peak=5579MB elapsed=24029s
    individual-donor chunk 417500-418000 failed: canceling statement due to statement timeout
[wrapper-heartbeat] rss=3927MB peak=5579MB elapsed=24059s
    individual-donor chunk 418000-418500 failed: canceling statement due to statement timeout
    individual-donor chunk 418500-419000 failed: canceling statement due to statement timeout
    individual-donor chunk 419000-419500 failed: canceling statement due to statement timeout
[wrapper-heartbeat] rss=3928MB peak=5579MB elapsed=24089s
    individual-donor chunk 419500-420000 failed: canceling statement due to statement timeout
    individual-donor chunk 420000-420500 failed: canceling statement due to statement timeout
    individual-donor chunk 420500-421000 failed: canceling statement due to statement timeout
[wrapper-heartbeat] rss=3928MB peak=5579MB elapsed=24119s
    individual-donor chunk 421000-421500 failed: canceling statement due to statement timeout
    individual-donor chunk 421500-422000 failed: canceling statement due to statement timeout
[wrapper-heartbeat] rss=3929MB peak=5579MB elapsed=24149s
    individual-donor chunk 422000-422500 failed: canceling statement due to statement timeout
    individual-donor chunk 422500-423000 failed: canceling statement due to statement timeout
    individual-donor chunk 423000-423500 failed: canceling statement due to statement timeout
[wrapper-heartbeat] rss=3929MB peak=5579MB elapsed=24179s
    individual-donor chunk 423500-424000 failed: canceling statement due to statement timeout
    individual-donor chunk 425000-425500 failed: canceling statement due to statement timeout
[wrapper-heartbeat] rss=3930MB peak=5579MB elapsed=24209s
    individual-donor chunk 425500-426000 failed: canceling statement due to statement timeout
    individual-donor chunk 426000-426500 failed: canceling statement due to statement timeout
    individual-donor chunk 426500-427000 failed: canceling statement due to statement timeout
    individual-donor chunk 427000-427500 failed: canceling statement due to statement timeout
[wrapper-heartbeat] rss=3930MB peak=5579MB elapsed=24239s
    individual-donor chunk 427500-428000 failed: canceling statement due to statement timeout
[wrapper-heartbeat] rss=3931MB peak=5579MB elapsed=24269s
[wrapper-heartbeat] rss=3932MB peak=5579MB elapsed=24299s
[wrapper-heartbeat] rss=3931MB peak=5579MB elapsed=24329s
[wrapper-heartbeat] rss=3932MB peak=5579MB elapsed=24359s
[wrapper-heartbeat] rss=3932MB peak=5579MB elapsed=24389s
[wrapper-heartbeat] rss=3933MB peak=5579MB elapsed=24419s
[wrapper-heartbeat] rss=3935MB peak=5579MB elapsed=24449s
    individual-donor chunk 447000-447500 failed: canceling statement due to statement timeout
    individual-donor chunk 447500-448000 failed: canceling statement due to statement timeout
    individual-donor chunk 448000-448500 failed: canceling statement due to statement timeout
[wrapper-heartbeat] rss=3935MB peak=5579MB elapsed=24479s
    individual-donor chunk 448500-449000 failed: canceling statement due to statement timeout
    individual-donor chunk 449000-449500 failed: canceling statement due to statement timeout
[wrapper-heartbeat] rss=3950MB peak=5579MB elapsed=24509s
[wrapper-heartbeat] rss=3951MB peak=5579MB elapsed=24539s
[wrapper-heartbeat] rss=3951MB peak=5579MB elapsed=24569s
[wrapper-heartbeat] rss=3952MB peak=5579MB elapsed=24599s
[wrapper-heartbeat] rss=3953MB peak=5579MB elapsed=24629s
[wrapper-heartbeat] rss=3954MB peak=5579MB elapsed=24659s
[wrapper-heartbeat] rss=3956MB peak=5579MB elapsed=24689s
[wrapper-heartbeat] rss=3957MB peak=5579MB elapsed=24719s
    individual-donor chunk 469000-469500 failed: canceling statement due to statement timeout
    individual-donor chunk 469500-470000 failed: canceling statement due to statement timeout
    individual-donor chunk 470000-470500 failed: canceling statement due to statement timeout
    individual-donor chunk 470500-471000 failed: canceling statement due to statement timeout
[wrapper-heartbeat] rss=3957MB peak=5579MB elapsed=24749s
    individual-donor chunk 471000-471500 failed: canceling statement due to statement timeout
[wrapper-heartbeat] rss=3958MB peak=5579MB elapsed=24779s
[wrapper-heartbeat] rss=3959MB peak=5579MB elapsed=24809s
    individual-donor chunk 475500-476000 failed: canceling statement due to statement timeout
    individual-donor chunk 476000-476500 failed: canceling statement due to statement timeout
    individual-donor chunk 476500-477000 failed: canceling statement due to statement timeout
[wrapper-heartbeat] rss=3960MB peak=5579MB elapsed=24839s
    individual-donor chunk 477000-477500 failed: canceling statement due to statement timeout
    individual-donor chunk 477500-478000 failed: canceling statement due to statement timeout
[wrapper-heartbeat] rss=3960MB peak=5579MB elapsed=24869s
    individual-donor chunk 478000-478500 failed: canceling statement due to statement timeout
    individual-donor chunk 478500-479000 failed: canceling statement due to statement timeout
[wrapper-heartbeat] rss=3961MB peak=5579MB elapsed=24899s
    individual-donor chunk 479000-479500 failed: canceling statement due to statement timeout
    individual-donor chunk 479500-480000 failed: canceling statement due to statement timeout
[wrapper-heartbeat] rss=3961MB peak=5579MB elapsed=24929s
    individual-donor chunk 480000-480500 failed: canceling statement due to statement timeout
    individual-donor chunk 480500-481000 failed: canceling statement due to statement timeout
    individual-donor chunk 481000-481500 failed: canceling statement due to statement timeout
[wrapper-heartbeat] rss=3961MB peak=5579MB elapsed=24959s
    individual-donor chunk 481500-482000 failed: canceling statement due to statement timeout
    individual-donor chunk 482000-482500 failed: canceling statement due to statement timeout
    individual-donor chunk 482500-483000 failed: canceling statement due to statement timeout
    individual-donor chunk 483000-483500 failed: canceling statement due to statement timeout
[wrapper-heartbeat] rss=3962MB peak=5579MB elapsed=24989s
    individual-donor chunk 483500-484000 failed: canceling statement due to statement timeout
    individual-donor chunk 484000-484500 failed: canceling statement due to statement timeout
    individual-donor chunk 484500-485000 failed: canceling statement due to statement timeout
[wrapper-heartbeat] rss=3963MB peak=5579MB elapsed=25019s
    individual-donor chunk 485000-485500 failed: canceling statement due to statement timeout
    individual-donor chunk 485500-486000 failed: canceling statement due to statement timeout
[wrapper-heartbeat] rss=3964MB peak=5579MB elapsed=25049s
[wrapper-heartbeat] rss=3965MB peak=5579MB elapsed=25079s
[wrapper-heartbeat] rss=3966MB peak=5579MB elapsed=25109s
[wrapper-heartbeat] rss=3968MB peak=5579MB elapsed=25139s
    individual-donor chunk 496500-497000 failed: canceling statement due to statement timeout
    individual-donor chunk 497000-497500 failed: canceling statement due to statement timeout
    individual-donor chunk 497500-498000 failed: canceling statement due to statement timeout
    individual-donor chunk 498000-498500 failed: canceling statement due to statement timeout
[wrapper-heartbeat] rss=3968MB peak=5579MB elapsed=25169s
    individual-donor chunk 498500-499000 failed: canceling statement due to statement timeout
[wrapper-heartbeat] rss=3969MB peak=5579MB elapsed=25199s
[wrapper-heartbeat] rss=3970MB peak=5579MB elapsed=25229s
[wrapper-heartbeat] rss=3971MB peak=5579MB elapsed=25259s
[wrapper-heartbeat] rss=3973MB peak=5579MB elapsed=25289s
[wrapper-heartbeat] rss=3974MB peak=5579MB elapsed=25319s
[wrapper-heartbeat] rss=3974MB peak=5579MB elapsed=25349s
[wrapper-heartbeat] rss=3976MB peak=5579MB elapsed=25379s
[wrapper-heartbeat] rss=3978MB peak=5579MB elapsed=25409s
    individual-donor chunk 520000-520500 failed: canceling statement due to statement timeout
    individual-donor chunk 520500-521000 failed: canceling statement due to statement timeout
    individual-donor chunk 521000-521500 failed: canceling statement due to statement timeout
[wrapper-heartbeat] rss=3978MB peak=5579MB elapsed=25439s
    individual-donor chunk 521500-522000 failed: canceling statement due to statement timeout
    individual-donor chunk 522000-522500 failed: canceling statement due to statement timeout
    individual-donor chunk 522500-523000 failed: canceling statement due to statement timeout
    individual-donor chunk 523000-523500 failed: canceling statement due to statement timeout
[wrapper-heartbeat] rss=3979MB peak=5579MB elapsed=25469s
    individual-donor chunk 523500-524000 failed: canceling statement due to statement timeout
    individual-donor chunk 524000-524500 failed: canceling statement due to statement timeout
[wrapper-heartbeat] rss=3980MB peak=5579MB elapsed=25499s
    individual-donor chunk 525000-525500 failed: canceling statement due to statement timeout
    individual-donor chunk 525500-526000 failed: canceling statement due to statement timeout
[wrapper-heartbeat] rss=3980MB peak=5579MB elapsed=25529s
    individual-donor chunk 526000-526500 failed: canceling statement due to statement timeout
    individual-donor chunk 526500-527000 failed: canceling statement due to statement timeout
    individual-donor chunk 527000-527500 failed: canceling statement due to statement timeout
[wrapper-heartbeat] rss=3981MB peak=5579MB elapsed=25559s
    individual-donor chunk 527500-528000 failed: canceling statement due to statement timeout
[wrapper-heartbeat] rss=3982MB peak=5579MB elapsed=25589s
    individual-donor chunk 529500-530000 failed: canceling statement due to statement timeout
    individual-donor chunk 530000-530500 failed: canceling statement due to statement timeout
[wrapper-heartbeat] rss=3982MB peak=5579MB elapsed=25619s
    individual-donor chunk 530500-531000 failed: canceling statement due to statement timeout
    individual-donor chunk 531000-531500 failed: canceling statement due to statement timeout
[wrapper-heartbeat] rss=3983MB peak=5579MB elapsed=25649s
    individual-donor chunk 531500-532000 failed: canceling statement due to statement timeout
[wrapper-heartbeat] rss=3984MB peak=5579MB elapsed=25679s
[wrapper-heartbeat] rss=3986MB peak=5579MB elapsed=25709s
[wrapper-heartbeat] rss=3989MB peak=5579MB elapsed=25739s
[wrapper-heartbeat] rss=3991MB peak=5579MB elapsed=25769s
[wrapper-heartbeat] rss=3994MB peak=5579MB elapsed=25799s
    individual-donor chunk 547000-547500 failed: canceling statement due to statement timeout
[wrapper-heartbeat] rss=3996MB peak=5579MB elapsed=25829s
    individual-donor chunk 547500-548000 failed: canceling statement due to statement timeout
    individual-donor chunk 548000-548500 failed: canceling statement due to statement timeout
    individual-donor chunk 548500-549000 failed: canceling statement due to statement timeout
    individual-donor chunk 549000-549500 failed: canceling statement due to statement timeout
[wrapper-heartbeat] rss=3997MB peak=5579MB elapsed=25859s
    individual-donor chunk 549500-550000 failed: canceling statement due to statement timeout
[wrapper-heartbeat] rss=3998MB peak=5579MB elapsed=25889s
    individual-donor chunk 550000-550500 failed: canceling statement due to statement timeout
    individual-donor chunk 550500-551000 failed: canceling statement due to statement timeout
    individual-donor chunk 551000-551500 failed: canceling statement due to statement timeout
[wrapper-heartbeat] rss=3999MB peak=5579MB elapsed=25919s
    individual-donor chunk 551500-552000 failed: canceling statement due to statement timeout
    individual-donor chunk 552000-552500 failed: canceling statement due to statement timeout
[wrapper-heartbeat] rss=4000MB peak=5579MB elapsed=25949s
    individual-donor chunk 552500-553000 failed: canceling statement due to statement timeout
    individual-donor chunk 553000-553500 failed: canceling statement due to statement timeout
[wrapper-heartbeat] rss=4001MB peak=5579MB elapsed=25979s
    individual-donor chunk 553500-554000 failed: canceling statement due to statement timeout
    individual-donor chunk 554000-554500 failed: canceling statement due to statement timeout
    individual-donor chunk 554500-555000 failed: canceling statement due to statement timeout
[wrapper-heartbeat] rss=3935MB peak=5579MB elapsed=26009s
    individual-donor chunk 555000-555500 failed: canceling statement due to statement timeout
    individual-donor chunk 555500-556000 failed: canceling statement due to statement timeout
    individual-donor chunk 556000-556500 failed: canceling statement due to statement timeout
[wrapper-heartbeat] rss=3936MB peak=5579MB elapsed=26039s
    individual-donor chunk 556500-557000 failed: canceling statement due to statement timeout
    individual-donor chunk 557000-557500 failed: canceling statement due to statement timeout
[wrapper-heartbeat] rss=3936MB peak=5579MB elapsed=26069s
    individual-donor chunk 557500-558000 failed: canceling statement due to statement timeout
    individual-donor chunk 558000-558500 failed: canceling statement due to statement timeout
    individual-donor chunk 558500-559000 failed: canceling statement due to statement timeout
[wrapper-heartbeat] rss=3937MB peak=5579MB elapsed=26099s
    individual-donor chunk 559000-559500 failed: canceling statement due to statement timeout
    individual-donor chunk 559500-560000 failed: canceling statement due to statement timeout
[wrapper-heartbeat] rss=3934MB peak=5579MB elapsed=26129s
    individual-donor chunk 560000-560500 failed: canceling statement due to statement timeout
    individual-donor chunk 560500-561000 failed: canceling statement due to statement timeout
    individual-donor chunk 561000-561500 failed: canceling statement due to statement timeout
[wrapper-heartbeat] rss=3935MB peak=5579MB elapsed=26159s
    individual-donor chunk 561500-562000 failed: canceling statement due to statement timeout
    individual-donor chunk 562000-562500 failed: canceling statement due to statement timeout
    individual-donor chunk 562500-563000 failed: canceling statement due to statement timeout
    individual-donor chunk 563000-563500 failed: canceling statement due to statement timeout
[wrapper-heartbeat] rss=3935MB peak=5579MB elapsed=26189s
    individual-donor chunk 563500-564000 failed: canceling statement due to statement timeout
    individual-donor chunk 564000-564500 failed: canceling statement due to statement timeout
    individual-donor chunk 564500-565000 failed: canceling statement due to statement timeout
    individual-donor chunk 565000-565500 failed: canceling statement due to statement timeout
[wrapper-heartbeat] rss=3936MB peak=5579MB elapsed=26219s
    individual-donor chunk 565500-566000 failed: canceling statement due to statement timeout
    individual-donor chunk 566000-566500 failed: canceling statement due to statement timeout
[wrapper-heartbeat] rss=3937MB peak=5579MB elapsed=26249s
[wrapper-heartbeat] rss=3938MB peak=5579MB elapsed=26279s
[wrapper-heartbeat] rss=3939MB peak=5579MB elapsed=26309s
[wrapper-heartbeat] rss=3940MB peak=5579MB elapsed=26339s
    individual-donor chunk 577000-577500 failed: canceling statement due to statement timeout
    individual-donor chunk 577500-578000 failed: canceling statement due to statement timeout
    individual-donor chunk 578000-578500 failed: canceling statement due to statement timeout
    individual-donor chunk 578500-579000 failed: canceling statement due to statement timeout
[wrapper-heartbeat] rss=3941MB peak=5579MB elapsed=26369s
    individual-donor chunk 579000-579500 failed: canceling statement due to statement timeout
    individual-donor chunk 579500-580000 failed: canceling statement due to statement timeout
    individual-donor chunk 580000-580500 failed: canceling statement due to statement timeout
[wrapper-heartbeat] rss=3942MB peak=5579MB elapsed=26399s
    individual-donor chunk 580500-581000 failed: canceling statement due to statement timeout
    individual-donor chunk 581000-581500 failed: canceling statement due to statement timeout
    individual-donor chunk 581500-582000 failed: canceling statement due to statement timeout
    individual-donor chunk 582000-582500 failed: canceling statement due to statement timeout
[wrapper-heartbeat] rss=3942MB peak=5579MB elapsed=26429s
    individual-donor chunk 582500-583000 failed: canceling statement due to statement timeout
    individual-donor chunk 583000-583500 failed: canceling statement due to statement timeout
    individual-donor chunk 583500-584000 failed: canceling statement due to statement timeout
[wrapper-heartbeat] rss=3943MB peak=5579MB elapsed=26459s
    individual-donor chunk 584000-584500 failed: canceling statement due to statement timeout
    individual-donor chunk 584500-585000 failed: canceling statement due to statement timeout
    individual-donor chunk 585000-585500 failed: canceling statement due to statement timeout
[wrapper-heartbeat] rss=3943MB peak=5579MB elapsed=26489s
    individual-donor chunk 585500-586000 failed: canceling statement due to statement timeout
    individual-donor chunk 586000-586500 failed: canceling statement due to statement timeout
    individual-donor chunk 586500-587000 failed: canceling statement due to statement timeout
[wrapper-heartbeat] rss=3944MB peak=5579MB elapsed=26519s
    individual-donor chunk 587000-587500 failed: canceling statement due to statement timeout
    individual-donor chunk 588000-588500 failed: canceling statement due to statement timeout
[wrapper-heartbeat] rss=3945MB peak=5579MB elapsed=26549s
[wrapper-heartbeat] rss=3945MB peak=5579MB elapsed=26579s
[wrapper-heartbeat] rss=3946MB peak=5579MB elapsed=26609s
[wrapper-heartbeat] rss=3947MB peak=5579MB elapsed=26639s
    individual-donor chunk 596000-596500 failed: canceling statement due to statement timeout
    individual-donor chunk 596500-597000 failed: canceling statement due to statement timeout
    individual-donor chunk 597000-597500 failed: canceling statement due to statement timeout
[wrapper-heartbeat] rss=3948MB peak=5579MB elapsed=26669s
    individual-donor chunk 598000-598500 failed: canceling statement due to statement timeout
    individual-donor chunk 598500-599000 failed: canceling statement due to statement timeout
[wrapper-heartbeat] rss=3948MB peak=5579MB elapsed=26699s
    individual-donor chunk 599000-599500 failed: canceling statement due to statement timeout
    individual-donor chunk 599500-600000 failed: canceling statement due to statement timeout
[wrapper-heartbeat] rss=3948MB peak=5579MB elapsed=26729s
    individual-donor chunk 600000-600500 failed: canceling statement due to statement timeout
[wrapper-heartbeat] rss=3949MB peak=5579MB elapsed=26759s
    individual-donor chunk 600500-601000 failed: canceling statement due to statement timeout
    individual-donor chunk 601000-601500 failed: canceling statement due to statement timeout
    individual-donor chunk 601500-602000 failed: canceling statement due to statement timeout
[wrapper-heartbeat] rss=3949MB peak=5579MB elapsed=26789s
    individual-donor chunk 602000-602500 failed: canceling statement due to statement timeout
    individual-donor chunk 602500-603000 failed: canceling statement due to statement timeout
    individual-donor chunk 603000-603500 failed: canceling statement due to statement timeout
[wrapper-heartbeat] rss=3950MB peak=5579MB elapsed=26819s
    individual-donor chunk 603500-604000 failed: canceling statement due to statement timeout
    individual-donor chunk 604000-604500 failed: canceling statement due to statement timeout
[wrapper-heartbeat] rss=3950MB peak=5579MB elapsed=26849s
    individual-donor chunk 604500-605000 failed: canceling statement due to statement timeout
    individual-donor chunk 605000-605500 failed: canceling statement due to statement timeout
    individual-donor chunk 605500-606000 failed: canceling statement due to statement timeout
[wrapper-heartbeat] rss=3951MB peak=5579MB elapsed=26879s
    individual-donor chunk 606000-606500 failed: canceling statement due to statement timeout
    individual-donor chunk 606500-607000 failed: canceling statement due to statement timeout
    individual-donor chunk 607000-607500 failed: canceling statement due to statement timeout
[wrapper-heartbeat] rss=3951MB peak=5579MB elapsed=26909s
    individual-donor chunk 607500-608000 failed: canceling statement due to statement timeout
    individual-donor chunk 608000-608500 failed: canceling statement due to statement timeout
    individual-donor chunk 609000-609500 failed: canceling statement due to statement timeout
[wrapper-heartbeat] rss=3952MB peak=5579MB elapsed=26939s
    individual-donor chunk 609500-610000 failed: canceling statement due to statement timeout
[wrapper-heartbeat] rss=3952MB peak=5579MB elapsed=26969s
    individual-donor chunk 612500-613000 failed: canceling statement due to statement timeout
    individual-donor chunk 613000-613500 failed: canceling statement due to statement timeout
[wrapper-heartbeat] rss=3953MB peak=5579MB elapsed=26999s
    individual-donor chunk 613500-614000 failed: canceling statement due to statement timeout
    individual-donor chunk 614000-614500 failed: canceling statement due to statement timeout
    individual-donor chunk 614500-615000 failed: canceling statement due to statement timeout
    individual-donor chunk 615000-615500 failed: canceling statement due to statement timeout
[wrapper-heartbeat] rss=3954MB peak=5579MB elapsed=27029s
    individual-donor chunk 615500-616000 failed: canceling statement due to statement timeout
    individual-donor chunk 616000-616500 failed: canceling statement due to statement timeout
    individual-donor chunk 616500-617000 failed: canceling statement due to statement timeout
[wrapper-heartbeat] rss=3954MB peak=5579MB elapsed=27059s
    individual-donor chunk 617000-617500 failed: canceling statement due to statement timeout
    individual-donor chunk 617500-618000 failed: canceling statement due to statement timeout
    individual-donor chunk 618000-618500 failed: canceling statement due to statement timeout
[wrapper-heartbeat] rss=3955MB peak=5579MB elapsed=27089s
    individual-donor chunk 618500-619000 failed: canceling statement due to statement timeout
    individual-donor chunk 619000-619500 failed: canceling statement due to statement timeout
    individual-donor chunk 619500-620000 failed: canceling statement due to statement timeout
    individual-donor chunk 620000-620500 failed: canceling statement due to statement timeout
[wrapper-heartbeat] rss=3955MB peak=5579MB elapsed=27119s
    individual-donor chunk 620500-621000 failed: canceling statement due to statement timeout
    individual-donor chunk 621000-621500 failed: canceling statement due to statement timeout
    individual-donor chunk 621500-622000 failed: canceling statement due to statement timeout
[wrapper-heartbeat] rss=3956MB peak=5579MB elapsed=27150s
    individual-donor chunk 622000-622500 failed: canceling statement due to statement timeout
    individual-donor chunk 622500-623000 failed: canceling statement due to statement timeout
    individual-donor chunk 623000-623500 failed: canceling statement due to statement timeout
[wrapper-heartbeat] rss=3956MB peak=5579MB elapsed=27180s
    individual-donor chunk 623500-624000 failed: canceling statement due to statement timeout
[wrapper-heartbeat] rss=3957MB peak=5579MB elapsed=27210s
    individual-donor chunk 624000-624500 failed: canceling statement due to statement timeout
    individual-donor chunk 624500-625000 failed: canceling statement due to statement timeout
    individual-donor chunk 625000-625500 failed: canceling statement due to statement timeout
    individual-donor chunk 625500-626000 failed: canceling statement due to statement timeout
[wrapper-heartbeat] rss=3957MB peak=5579MB elapsed=27240s
    individual-donor chunk 626000-626500 failed: canceling statement due to statement timeout
    individual-donor chunk 626500-627000 failed: canceling statement due to statement timeout
    individual-donor chunk 627000-627500 failed: canceling statement due to statement timeout
[wrapper-heartbeat] rss=3958MB peak=5579MB elapsed=27270s
    individual-donor chunk 627500-628000 failed: canceling statement due to statement timeout
    individual-donor chunk 628000-628500 failed: canceling statement due to statement timeout
    individual-donor chunk 628500-629000 failed: canceling statement due to statement timeout
    individual-donor chunk 629000-629500 failed: canceling statement due to statement timeout
[wrapper-heartbeat] rss=3959MB peak=5579MB elapsed=27300s
    individual-donor chunk 630000-630500 failed: canceling statement due to statement timeout
    individual-donor chunk 630500-631000 failed: canceling statement due to statement timeout
[wrapper-heartbeat] rss=3959MB peak=5579MB elapsed=27330s
[wrapper-heartbeat] rss=3960MB peak=5579MB elapsed=27360s
[wrapper-heartbeat] rss=3961MB peak=5579MB elapsed=27390s
[wrapper-heartbeat] rss=3962MB peak=5579MB elapsed=27420s
[wrapper-heartbeat] rss=3963MB peak=5579MB elapsed=27450s
[wrapper-heartbeat] rss=3964MB peak=5579MB elapsed=27480s
    individual-donor chunk 647000-647500 failed: canceling statement due to statement timeout
    individual-donor chunk 647500-648000 failed: canceling statement due to statement timeout
[wrapper-heartbeat] rss=3965MB peak=5579MB elapsed=27510s
    individual-donor chunk 648000-648500 failed: canceling statement due to statement timeout
    individual-donor chunk 648500-649000 failed: canceling statement due to statement timeout
    individual-donor chunk 649000-649500 failed: canceling statement due to statement timeout
[wrapper-heartbeat] rss=3966MB peak=5579MB elapsed=27540s
[wrapper-heartbeat] rss=3966MB peak=5579MB elapsed=27570s
[wrapper-heartbeat] rss=3967MB peak=5579MB elapsed=27600s
[wrapper-heartbeat] rss=3968MB peak=5579MB elapsed=27630s
[wrapper-heartbeat] rss=3969MB peak=5579MB elapsed=27660s
[wrapper-heartbeat] rss=3970MB peak=5579MB elapsed=27690s
[wrapper-heartbeat] rss=3971MB peak=5579MB elapsed=27720s
[wrapper-heartbeat] rss=3973MB peak=5579MB elapsed=27750s
    individual-donor chunk 670000-670500 failed: canceling statement due to statement timeout
    individual-donor chunk 670500-671000 failed: canceling statement due to statement timeout
[wrapper-heartbeat] rss=3974MB peak=5579MB elapsed=27780s
    individual-donor chunk 671000-671500 failed: canceling statement due to statement timeout
    individual-donor chunk 671500-672000 failed: canceling statement due to statement timeout
[wrapper-heartbeat] rss=3974MB peak=5579MB elapsed=27810s
    individual-donor chunk 672000-672500 failed: canceling statement due to statement timeout
    individual-donor chunk 672500-673000 failed: canceling statement due to statement timeout
    individual-donor chunk 673000-673500 failed: canceling statement due to statement timeout
[wrapper-heartbeat] rss=3975MB peak=5579MB elapsed=27840s
    individual-donor chunk 673500-674000 failed: canceling statement due to statement timeout
    individual-donor chunk 674000-674500 failed: canceling statement due to statement timeout
[wrapper-heartbeat] rss=3975MB peak=5579MB elapsed=27870s
    individual-donor chunk 674500-675000 failed: canceling statement due to statement timeout
    individual-donor chunk 675000-675500 failed: canceling statement due to statement timeout
    individual-donor chunk 675500-676000 failed: canceling statement due to statement timeout
[wrapper-heartbeat] rss=3975MB peak=5579MB elapsed=27900s
    individual-donor chunk 676000-676500 failed: canceling statement due to statement timeout
    individual-donor chunk 676500-677000 failed: canceling statement due to statement timeout
[wrapper-heartbeat] rss=3976MB peak=5579MB elapsed=27930s
    individual-donor chunk 677000-677500 failed: canceling statement due to statement timeout
    individual-donor chunk 677500-678000 failed: canceling statement due to statement timeout
[wrapper-heartbeat] rss=3976MB peak=5579MB elapsed=27960s
    individual-donor chunk 678000-678500 failed: canceling statement due to statement timeout
    individual-donor chunk 678500-679000 failed: canceling statement due to statement timeout
[wrapper-heartbeat] rss=3976MB peak=5579MB elapsed=27990s
    individual-donor chunk 679000-679500 failed: canceling statement due to statement timeout
    individual-donor chunk 679500-680000 failed: canceling statement due to statement timeout
    individual-donor chunk 680000-680500 failed: canceling statement due to statement timeout
    individual-donor chunk 680500-681000 failed: canceling statement due to statement timeout
[wrapper-heartbeat] rss=3977MB peak=5579MB elapsed=28020s
    individual-donor chunk 681000-681500 failed: canceling statement due to statement timeout
    individual-donor chunk 681500-682000 failed: canceling statement due to statement timeout
    individual-donor chunk 682000-682500 failed: canceling statement due to statement timeout
[wrapper-heartbeat] rss=3978MB peak=5579MB elapsed=28050s
[wrapper-heartbeat] rss=3979MB peak=5579MB elapsed=28080s
[wrapper-heartbeat] rss=3980MB peak=5579MB elapsed=28110s
[wrapper-heartbeat] rss=3981MB peak=5579MB elapsed=28140s
[wrapper-heartbeat] rss=3983MB peak=5579MB elapsed=28170s
[wrapper-heartbeat] rss=3984MB peak=5579MB elapsed=28200s
[wrapper-heartbeat] rss=3985MB peak=5579MB elapsed=28230s
    individual-donor chunk 700500-701000 failed: canceling statement due to statement timeout
    individual-donor chunk 701000-701500 failed: canceling statement due to statement timeout
    individual-donor chunk 701500-702000 failed: canceling statement due to statement timeout
[wrapper-heartbeat] rss=3986MB peak=5579MB elapsed=28260s
    individual-donor chunk 702000-702500 failed: canceling statement due to statement timeout
    individual-donor chunk 702500-703000 failed: canceling statement due to statement timeout
    individual-donor chunk 703000-703500 failed: canceling statement due to statement timeout
[wrapper-heartbeat] rss=3987MB peak=5579MB elapsed=28290s
    individual-donor chunk 703500-704000 failed: canceling statement due to statement timeout
    individual-donor chunk 704000-704500 failed: canceling statement due to statement timeout
[wrapper-heartbeat] rss=3987MB peak=5579MB elapsed=28320s
    individual-donor chunk 704500-705000 failed: canceling statement due to statement timeout
    individual-donor chunk 705000-705500 failed: canceling statement due to statement timeout
    individual-donor chunk 705500-706000 failed: canceling statement due to statement timeout
[wrapper-heartbeat] rss=3988MB peak=5579MB elapsed=28350s
    individual-donor chunk 706000-706500 failed: canceling statement due to statement timeout
    individual-donor chunk 706500-707000 failed: canceling statement due to statement timeout
[wrapper-heartbeat] rss=3989MB peak=5579MB elapsed=28380s
    individual-donor chunk 707000-707500 failed: canceling statement due to statement timeout
[wrapper-heartbeat] rss=3990MB peak=5579MB elapsed=28410s
    individual-donor chunk 708500-709000 failed: canceling statement due to statement timeout
    individual-donor chunk 709000-709500 failed: canceling statement due to statement timeout
    individual-donor chunk 709500-710000 failed: canceling statement due to statement timeout
[wrapper-heartbeat] rss=3991MB peak=5579MB elapsed=28440s
    individual-donor chunk 710000-710500 failed: canceling statement due to statement timeout
    individual-donor chunk 710500-711000 failed: canceling statement due to statement timeout
[wrapper-heartbeat] rss=3993MB peak=5579MB elapsed=28470s
[wrapper-heartbeat] rss=3995MB peak=5579MB elapsed=28500s
[wrapper-heartbeat] rss=3997MB peak=5579MB elapsed=28530s
[wrapper-heartbeat] rss=3938MB peak=5579MB elapsed=28560s
[wrapper-heartbeat] rss=3939MB peak=5579MB elapsed=28590s
[wrapper-heartbeat] rss=3940MB peak=5579MB elapsed=28620s
    individual-donor chunk 727000-727500 failed: canceling statement due to statement timeout
    individual-donor chunk 727500-728000 failed: canceling statement due to statement timeout
[wrapper-heartbeat] rss=3940MB peak=5579MB elapsed=28650s
    individual-donor chunk 728000-728500 failed: canceling statement due to statement timeout
    individual-donor chunk 728500-729000 failed: canceling statement due to statement timeout
    individual-donor chunk 729000-729141 failed: canceling statement due to statement timeout
    Donors — upserted: 428000  failed: 301141
    Upserting 321,457 individual → candidate donation relationships...
[wrapper-heartbeat] rss=3935MB peak=5579MB elapsed=28682s
    indiv-donation chunk 0-500 failed: canceling statement due to statement timeout
    indiv-donation chunk 500-1000 failed: canceling statement due to statement timeout
    indiv-donation chunk 1000-1500 failed: canceling statement due to statement timeout
[wrapper-heartbeat] rss=3936MB peak=5579MB elapsed=28712s
    indiv-donation chunk 1500-2000 failed: canceling statement due to statement timeout
    indiv-donation chunk 2000-2500 failed: canceling statement due to statement timeout
    indiv-donation chunk 2500-3000 failed: canceling statement due to statement timeout
    indiv-donation chunk 3000-3500 failed: canceling statement due to statement timeout
[wrapper-heartbeat] rss=3938MB peak=5579MB elapsed=28742s
    indiv-donation chunk 3500-4000 failed: canceling statement due to statement timeout
[wrapper-heartbeat] rss=3939MB peak=5579MB elapsed=28772s
[wrapper-heartbeat] rss=3940MB peak=5579MB elapsed=28802s
    indiv-donation chunk 7000-7500 failed: canceling statement due to statement timeout
    indiv-donation chunk 7500-8000 failed: canceling statement due to statement timeout
    indiv-donation chunk 8000-8500 failed: canceling statement due to statement timeout
[wrapper-heartbeat] rss=3939MB peak=5579MB elapsed=28832s
[wrapper-heartbeat] rss=3939MB peak=5579MB elapsed=28862s
[wrapper-heartbeat] rss=3940MB peak=5579MB elapsed=28892s
[wrapper-heartbeat] rss=3942MB peak=5579MB elapsed=28922s
[wrapper-heartbeat] rss=3943MB peak=5579MB elapsed=28952s
[wrapper-heartbeat] rss=3945MB peak=5579MB elapsed=28982s
[wrapper-heartbeat] rss=3946MB peak=5579MB elapsed=29012s
    indiv-donation chunk 23500-24000 failed: canceling statement due to statement timeout
    indiv-donation chunk 24000-24500 failed: canceling statement due to statement timeout
[wrapper-heartbeat] rss=3947MB peak=5579MB elapsed=29042s
    indiv-donation chunk 24500-25000 failed: canceling statement due to statement timeout
    indiv-donation chunk 25000-25500 failed: canceling statement due to statement timeout
    indiv-donation chunk 25500-26000 failed: canceling statement due to statement timeout
[wrapper-heartbeat] rss=3948MB peak=5579MB elapsed=29072s
    indiv-donation chunk 26000-26500 failed: canceling statement due to statement timeout
    indiv-donation chunk 26500-27000 failed: canceling statement due to statement timeout
[wrapper-heartbeat] rss=3949MB peak=5579MB elapsed=29102s
    indiv-donation chunk 27000-27500 failed: canceling statement due to statement timeout
    indiv-donation chunk 27500-28000 failed: canceling statement due to statement timeout
[wrapper-heartbeat] rss=3949MB peak=5579MB elapsed=29132s
    indiv-donation chunk 28000-28500 failed: canceling statement due to statement timeout
    indiv-donation chunk 28500-29000 failed: canceling statement due to statement timeout
    indiv-donation chunk 29000-29500 failed: canceling statement due to statement timeout
[wrapper-heartbeat] rss=3950MB peak=5579MB elapsed=29162s
    indiv-donation chunk 29500-30000 failed: canceling statement due to statement timeout
    indiv-donation chunk 30500-31000 failed: canceling statement due to statement timeout
[wrapper-heartbeat] rss=3951MB peak=5579MB elapsed=29192s
    indiv-donation chunk 31000-31500 failed: canceling statement due to statement timeout
    indiv-donation chunk 31500-32000 failed: canceling statement due to statement timeout
    indiv-donation chunk 32000-32500 failed: canceling statement due to statement timeout
    indiv-donation chunk 32500-33000 failed: canceling statement due to statement timeout
[wrapper-heartbeat] rss=3952MB peak=5579MB elapsed=29222s
[wrapper-heartbeat] rss=3953MB peak=5579MB elapsed=29252s
[wrapper-heartbeat] rss=3955MB peak=5579MB elapsed=29282s
[wrapper-heartbeat] rss=3956MB peak=5579MB elapsed=29312s
    indiv-donation chunk 41500-42000 failed: canceling statement due to statement timeout
[wrapper-heartbeat] rss=3957MB peak=5579MB elapsed=29342s
[wrapper-heartbeat] rss=3958MB peak=5579MB elapsed=29372s
[wrapper-heartbeat] rss=3959MB peak=5579MB elapsed=29402s
[wrapper-heartbeat] rss=3960MB peak=5579MB elapsed=29432s
[wrapper-heartbeat] rss=3962MB peak=5579MB elapsed=29462s
    indiv-donation chunk 52000-52500 failed: canceling statement due to statement timeout
    indiv-donation chunk 52500-53000 failed: canceling statement due to statement timeout
    indiv-donation chunk 53000-53500 failed: canceling statement due to statement timeout
[wrapper-heartbeat] rss=3963MB peak=5579MB elapsed=29492s
    indiv-donation chunk 53500-54000 failed: canceling statement due to statement timeout
[wrapper-heartbeat] rss=3964MB peak=5579MB elapsed=29522s
[wrapper-heartbeat] rss=3965MB peak=5579MB elapsed=29552s
[wrapper-heartbeat] rss=3966MB peak=5579MB elapsed=29582s
[wrapper-heartbeat] rss=3967MB peak=5579MB elapsed=29612s
[wrapper-heartbeat] rss=3968MB peak=5579MB elapsed=29642s
    indiv-donation chunk 64500-65000 failed: canceling statement due to statement timeout
    indiv-donation chunk 65000-65500 failed: canceling statement due to statement timeout
[wrapper-heartbeat] rss=3969MB peak=5579MB elapsed=29672s
    indiv-donation chunk 65500-66000 failed: canceling statement due to statement timeout
    indiv-donation chunk 66000-66500 failed: canceling statement due to statement timeout
[wrapper-heartbeat] rss=3969MB peak=5579MB elapsed=29702s
    indiv-donation chunk 66500-67000 failed: canceling statement due to statement timeout
[wrapper-heartbeat] rss=3970MB peak=5579MB elapsed=29732s
[wrapper-heartbeat] rss=3970MB peak=5579MB elapsed=29762s
    indiv-donation chunk 67000-67500 failed: canceling statement due to statement timeout
[wrapper-heartbeat] rss=3970MB peak=5579MB elapsed=29792s
[wrapper-heartbeat] rss=3970MB peak=5579MB elapsed=29822s
    indiv-donation chunk 67500-68000 failed: canceling statement due to statement timeout
    indiv-donation chunk 68000-68500 failed: canceling statement due to statement timeout
[wrapper-heartbeat] rss=3971MB peak=5579MB elapsed=29852s
    indiv-donation chunk 68500-69000 failed: canceling statement due to statement timeout
    indiv-donation chunk 69000-69500 failed: canceling statement due to statement timeout
    indiv-donation chunk 69500-70000 failed: canceling statement due to statement timeout
[wrapper-heartbeat] rss=3971MB peak=5579MB elapsed=29882s
    indiv-donation chunk 70000-70500 failed: canceling statement due to statement timeout
[wrapper-heartbeat] rss=3972MB peak=5579MB elapsed=29912s
    indiv-donation chunk 70500-71000 failed: canceling statement due to statement timeout
    indiv-donation chunk 71000-71500 failed: canceling statement due to statement timeout
    indiv-donation chunk 71500-72000 failed: canceling statement due to statement timeout
[wrapper-heartbeat] rss=3973MB peak=5579MB elapsed=29942s
    indiv-donation chunk 72000-72500 failed: canceling statement due to statement timeout
    indiv-donation chunk 72500-73000 failed: canceling statement due to statement timeout
    indiv-donation chunk 73000-73500 failed: canceling statement due to statement timeout
[wrapper-heartbeat] rss=3973MB peak=5579MB elapsed=29972s
    indiv-donation chunk 73500-74000 failed: canceling statement due to statement timeout
    indiv-donation chunk 74000-74500 failed: canceling statement due to statement timeout
    indiv-donation chunk 74500-75000 failed: canceling statement due to statement timeout
    indiv-donation chunk 75000-75500 failed: canceling statement due to statement timeout
[wrapper-heartbeat] rss=3975MB peak=5579MB elapsed=30002s
    indiv-donation chunk 75500-76000 failed: canceling statement due to statement timeout
    indiv-donation chunk 76000-76500 failed: canceling statement due to statement timeout
    indiv-donation chunk 76500-77000 failed: canceling statement due to statement timeout
[wrapper-heartbeat] rss=3976MB peak=5579MB elapsed=30032s
    indiv-donation chunk 77000-77500 failed: canceling statement due to statement timeout
    indiv-donation chunk 77500-78000 failed: canceling statement due to statement timeout
    indiv-donation chunk 78000-78500 failed: canceling statement due to statement timeout
    indiv-donation chunk 78500-79000 failed: canceling statement due to statement timeout
[wrapper-heartbeat] rss=3978MB peak=5579MB elapsed=30062s
    indiv-donation chunk 79000-79500 failed: canceling statement due to statement timeout
    indiv-donation chunk 79500-80000 failed: canceling statement due to statement timeout
    indiv-donation chunk 80000-80500 failed: canceling statement due to statement timeout
[wrapper-heartbeat] rss=3979MB peak=5579MB elapsed=30092s
    indiv-donation chunk 80500-81000 failed: canceling statement due to statement timeout
    indiv-donation chunk 81000-81500 failed: canceling statement due to statement timeout
    indiv-donation chunk 81500-82000 failed: canceling statement due to statement timeout
    indiv-donation chunk 82000-82500 failed: canceling statement due to statement timeout
[wrapper-heartbeat] rss=3981MB peak=5579MB elapsed=30122s
    indiv-donation chunk 82500-83000 failed: canceling statement due to statement timeout
    indiv-donation chunk 83500-84000 failed: canceling statement due to statement timeout
[wrapper-heartbeat] rss=3983MB peak=5579MB elapsed=30152s
    indiv-donation chunk 84000-84500 failed: canceling statement due to statement timeout
    indiv-donation chunk 84500-85000 failed: canceling statement due to statement timeout
    indiv-donation chunk 85000-85500 failed: canceling statement due to statement timeout
    indiv-donation chunk 85500-86000 failed: canceling statement due to statement timeout
[wrapper-heartbeat] rss=3985MB peak=5579MB elapsed=30182s
    indiv-donation chunk 87000-87500 failed: canceling statement due to statement timeout
[wrapper-heartbeat] rss=3986MB peak=5579MB elapsed=30212s
    indiv-donation chunk 87500-88000 failed: canceling statement due to statement timeout
    indiv-donation chunk 88000-88500 failed: canceling statement due to statement timeout
[wrapper-heartbeat] rss=3987MB peak=5579MB elapsed=30242s
    indiv-donation chunk 88500-89000 failed: canceling statement due to statement timeout
    indiv-donation chunk 89000-89500 failed: canceling statement due to statement timeout
[wrapper-heartbeat] rss=3988MB peak=5579MB elapsed=30273s
    indiv-donation chunk 89500-90000 failed: canceling statement due to statement timeout
[wrapper-heartbeat] rss=3989MB peak=5579MB elapsed=30303s
[wrapper-heartbeat] rss=3989MB peak=5579MB elapsed=30333s
    indiv-donation chunk 90000-90500 failed: TypeError: fetch failed
    indiv-donation chunk 90500-91000 failed: TypeError: fetch failed
    indiv-donation chunk 91000-91500 failed: TypeError: fetch failed
    indiv-donation chunk 91500-92000 failed: TypeError: fetch failed
    indiv-donation chunk 92000-92500 failed: TypeError: fetch failed
    indiv-donation chunk 92500-93000 failed: TypeError: fetch failed
    indiv-donation chunk 93000-93500 failed: TypeError: fetch failed
    indiv-donation chunk 93500-94000 failed: TypeError: fetch failed
    indiv-donation chunk 94000-94500 failed: TypeError: fetch failed
    indiv-donation chunk 94500-95000 failed: TypeError: fetch failed
    indiv-donation chunk 95000-95500 failed: TypeError: fetch failed
    indiv-donation chunk 95500-96000 failed: TypeError: fetch failed
    indiv-donation chunk 96000-96500 failed: TypeError: fetch failed
    indiv-donation chunk 96500-97000 failed: TypeError: fetch failed
    indiv-donation chunk 97000-97500 failed: TypeError: fetch failed
    indiv-donation chunk 97500-98000 failed: TypeError: fetch failed
    indiv-donation chunk 98000-98500 failed: TypeError: fetch failed
    indiv-donation chunk 98500-99000 failed: TypeError: fetch failed
    indiv-donation chunk 99000-99500 failed: TypeError: fetch failed
    indiv-donation chunk 99500-100000 failed: TypeError: fetch failed
    indiv-donation chunk 100000-100500 failed: TypeError: fetch failed
    indiv-donation chunk 100500-101000 failed: TypeError: fetch failed
    indiv-donation chunk 101000-101500 failed: TypeError: fetch failed
    indiv-donation chunk 101500-102000 failed: TypeError: fetch failed
    indiv-donation chunk 102000-102500 failed: TypeError: fetch failed
    indiv-donation chunk 102500-103000 failed: TypeError: fetch failed
    indiv-donation chunk 103000-103500 failed: TypeError: fetch failed
    indiv-donation chunk 103500-104000 failed: TypeError: fetch failed
    indiv-donation chunk 104000-104500 failed: TypeError: fetch failed
    indiv-donation chunk 104500-105000 failed: TypeError: fetch failed
    indiv-donation chunk 105000-105500 failed: TypeError: fetch failed
    indiv-donation chunk 105500-106000 failed: TypeError: fetch failed
    indiv-donation chunk 106000-106500 failed: TypeError: fetch failed
    indiv-donation chunk 106500-107000 failed: TypeError: fetch failed
    indiv-donation chunk 107000-107500 failed: TypeError: fetch failed
    indiv-donation chunk 107500-108000 failed: TypeError: fetch failed
    indiv-donation chunk 108000-108500 failed: TypeError: fetch failed
    indiv-donation chunk 108500-109000 failed: TypeError: fetch failed
    indiv-donation chunk 109000-109500 failed: TypeError: fetch failed
    indiv-donation chunk 109500-110000 failed: TypeError: fetch failed
    indiv-donation chunk 110000-110500 failed: TypeError: fetch failed
    indiv-donation chunk 110500-111000 failed: TypeError: fetch failed
    indiv-donation chunk 111000-111500 failed: TypeError: fetch failed
    indiv-donation chunk 111500-112000 failed: TypeError: fetch failed
    indiv-donation chunk 112000-112500 failed: TypeError: fetch failed
    indiv-donation chunk 112500-113000 failed: TypeError: fetch failed
    indiv-donation chunk 113000-113500 failed: TypeError: fetch failed
    indiv-donation chunk 113500-114000 failed: TypeError: fetch failed
    indiv-donation chunk 114000-114500 failed: TypeError: fetch failed
    indiv-donation chunk 114500-115000 failed: TypeError: fetch failed
    indiv-donation chunk 115000-115500 failed: TypeError: fetch failed
    indiv-donation chunk 115500-116000 failed: TypeError: fetch failed
    indiv-donation chunk 116000-116500 failed: TypeError: fetch failed
    indiv-donation chunk 116500-117000 failed: TypeError: fetch failed
    indiv-donation chunk 117000-117500 failed: TypeError: fetch failed
    indiv-donation chunk 117500-118000 failed: TypeError: fetch failed
    indiv-donation chunk 118000-118500 failed: TypeError: fetch failed
    indiv-donation chunk 118500-119000 failed: TypeError: fetch failed
    indiv-donation chunk 119000-119500 failed: TypeError: fetch failed
    indiv-donation chunk 119500-120000 failed: TypeError: fetch failed
    indiv-donation chunk 120000-120500 failed: TypeError: fetch failed
    indiv-donation chunk 120500-121000 failed: TypeError: fetch failed
    indiv-donation chunk 121000-121500 failed: TypeError: fetch failed
    indiv-donation chunk 121500-122000 failed: TypeError: fetch failed
    indiv-donation chunk 122000-122500 failed: TypeError: fetch failed
    indiv-donation chunk 122500-123000 failed: TypeError: fetch failed
    indiv-donation chunk 123000-123500 failed: TypeError: fetch failed
    indiv-donation chunk 123500-124000 failed: TypeError: fetch failed
    indiv-donation chunk 124000-124500 failed: TypeError: fetch failed
    indiv-donation chunk 124500-125000 failed: TypeError: fetch failed
    indiv-donation chunk 125000-125500 failed: TypeError: fetch failed
    indiv-donation chunk 125500-126000 failed: TypeError: fetch failed
    indiv-donation chunk 126000-126500 failed: TypeError: fetch failed
    indiv-donation chunk 126500-127000 failed: TypeError: fetch failed
    indiv-donation chunk 127000-127500 failed: TypeError: fetch failed
    indiv-donation chunk 127500-128000 failed: TypeError: fetch failed
    indiv-donation chunk 128000-128500 failed: TypeError: fetch failed
    indiv-donation chunk 128500-129000 failed: TypeError: fetch failed
    indiv-donation chunk 129000-129500 failed: TypeError: fetch failed
    indiv-donation chunk 129500-130000 failed: TypeError: fetch failed
    indiv-donation chunk 130000-130500 failed: TypeError: fetch failed
    indiv-donation chunk 130500-131000 failed: TypeError: fetch failed
    indiv-donation chunk 131000-131500 failed: TypeError: fetch failed
    indiv-donation chunk 131500-132000 failed: TypeError: fetch failed
    indiv-donation chunk 132000-132500 failed: TypeError: fetch failed
    indiv-donation chunk 132500-133000 failed: TypeError: fetch failed
    indiv-donation chunk 133000-133500 failed: TypeError: fetch failed
    indiv-donation chunk 133500-134000 failed: TypeError: fetch failed
    indiv-donation chunk 134000-134500 failed: TypeError: fetch failed
    indiv-donation chunk 134500-135000 failed: TypeError: fetch failed
    indiv-donation chunk 135000-135500 failed: TypeError: fetch failed
    indiv-donation chunk 135500-136000 failed: TypeError: fetch failed
    indiv-donation chunk 136000-136500 failed: TypeError: fetch failed
    indiv-donation chunk 136500-137000 failed: TypeError: fetch failed
    indiv-donation chunk 137000-137500 failed: TypeError: fetch failed
    indiv-donation chunk 137500-138000 failed: TypeError: fetch failed
[wrapper-heartbeat] rss=3854MB peak=5579MB elapsed=30363s
    indiv-donation chunk 138000-138500 failed: TypeError: fetch failed
    indiv-donation chunk 138500-139000 failed: TypeError: fetch failed
    indiv-donation chunk 139000-139500 failed: TypeError: fetch failed
    indiv-donation chunk 139500-140000 failed: TypeError: fetch failed
    indiv-donation chunk 140000-140500 failed: TypeError: fetch failed
    indiv-donation chunk 140500-141000 failed: TypeError: fetch failed
    indiv-donation chunk 141000-141500 failed: TypeError: fetch failed
    indiv-donation chunk 141500-142000 failed: TypeError: fetch failed
    indiv-donation chunk 142000-142500 failed: TypeError: fetch failed
    indiv-donation chunk 142500-143000 failed: TypeError: fetch failed
    indiv-donation chunk 143000-143500 failed: TypeError: fetch failed
    indiv-donation chunk 143500-144000 failed: TypeError: fetch failed
    indiv-donation chunk 144000-144500 failed: TypeError: fetch failed
    indiv-donation chunk 144500-145000 failed: TypeError: fetch failed
    indiv-donation chunk 145000-145500 failed: TypeError: fetch failed
    indiv-donation chunk 145500-146000 failed: TypeError: fetch failed
    indiv-donation chunk 146000-146500 failed: TypeError: fetch failed
    indiv-donation chunk 146500-147000 failed: TypeError: fetch failed
    indiv-donation chunk 147000-147500 failed: TypeError: fetch failed
    indiv-donation chunk 147500-148000 failed: TypeError: fetch failed
    indiv-donation chunk 148000-148500 failed: TypeError: fetch failed
    indiv-donation chunk 148500-149000 failed: TypeError: fetch failed
    indiv-donation chunk 149000-149500 failed: TypeError: fetch failed
    indiv-donation chunk 149500-150000 failed: TypeError: fetch failed
    indiv-donation chunk 150000-150500 failed: TypeError: fetch failed
    indiv-donation chunk 150500-151000 failed: TypeError: fetch failed
    indiv-donation chunk 151000-151500 failed: TypeError: fetch failed
    indiv-donation chunk 151500-152000 failed: TypeError: fetch failed
    indiv-donation chunk 152000-152500 failed: TypeError: fetch failed
    indiv-donation chunk 152500-153000 failed: TypeError: fetch failed
    indiv-donation chunk 153000-153500 failed: TypeError: fetch failed
    indiv-donation chunk 153500-154000 failed: TypeError: fetch failed
    indiv-donation chunk 154000-154500 failed: TypeError: fetch failed
    indiv-donation chunk 154500-155000 failed: TypeError: fetch failed
    indiv-donation chunk 155000-155500 failed: TypeError: fetch failed
    indiv-donation chunk 155500-156000 failed: TypeError: fetch failed
    indiv-donation chunk 156000-156500 failed: TypeError: fetch failed
    indiv-donation chunk 156500-157000 failed: TypeError: fetch failed
    indiv-donation chunk 157000-157500 failed: TypeError: fetch failed
    indiv-donation chunk 157500-158000 failed: TypeError: fetch failed
    indiv-donation chunk 158000-158500 failed: TypeError: fetch failed
    indiv-donation chunk 158500-159000 failed: TypeError: fetch failed
    indiv-donation chunk 159000-159500 failed: TypeError: fetch failed
    indiv-donation chunk 159500-160000 failed: TypeError: fetch failed
    indiv-donation chunk 160000-160500 failed: TypeError: fetch failed
    indiv-donation chunk 160500-161000 failed: TypeError: fetch failed
    indiv-donation chunk 161000-161500 failed: TypeError: fetch failed
    indiv-donation chunk 161500-162000 failed: TypeError: fetch failed
    indiv-donation chunk 162000-162500 failed: TypeError: fetch failed
    indiv-donation chunk 162500-163000 failed: TypeError: fetch failed
    indiv-donation chunk 163000-163500 failed: TypeError: fetch failed
    indiv-donation chunk 163500-164000 failed: TypeError: fetch failed
    indiv-donation chunk 164000-164500 failed: TypeError: fetch failed
    indiv-donation chunk 164500-165000 failed: TypeError: fetch failed
    indiv-donation chunk 165000-165500 failed: TypeError: fetch failed
    indiv-donation chunk 165500-166000 failed: TypeError: fetch failed
    indiv-donation chunk 166000-166500 failed: TypeError: fetch failed
    indiv-donation chunk 166500-167000 failed: TypeError: fetch failed
    indiv-donation chunk 167000-167500 failed: TypeError: fetch failed
    indiv-donation chunk 167500-168000 failed: TypeError: fetch failed
    indiv-donation chunk 168000-168500 failed: TypeError: fetch failed
    indiv-donation chunk 168500-169000 failed: TypeError: fetch failed
    indiv-donation chunk 169000-169500 failed: TypeError: fetch failed
    indiv-donation chunk 169500-170000 failed: TypeError: fetch failed
    indiv-donation chunk 170000-170500 failed: TypeError: fetch failed
    indiv-donation chunk 170500-171000 failed: TypeError: fetch failed
    indiv-donation chunk 171000-171500 failed: TypeError: fetch failed
    indiv-donation chunk 171500-172000 failed: TypeError: fetch failed
    indiv-donation chunk 172000-172500 failed: TypeError: fetch failed
    indiv-donation chunk 172500-173000 failed: TypeError: fetch failed
    indiv-donation chunk 173000-173500 failed: TypeError: fetch failed
    indiv-donation chunk 173500-174000 failed: TypeError: fetch failed
    indiv-donation chunk 174000-174500 failed: TypeError: fetch failed
    indiv-donation chunk 174500-175000 failed: TypeError: fetch failed
    indiv-donation chunk 175000-175500 failed: TypeError: fetch failed
    indiv-donation chunk 175500-176000 failed: TypeError: fetch failed
    indiv-donation chunk 176000-176500 failed: TypeError: fetch failed
    indiv-donation chunk 176500-177000 failed: TypeError: fetch failed
    indiv-donation chunk 177000-177500 failed: TypeError: fetch failed
    indiv-donation chunk 177500-178000 failed: TypeError: fetch failed
    indiv-donation chunk 178000-178500 failed: TypeError: fetch failed
    indiv-donation chunk 178500-179000 failed: TypeError: fetch failed
    indiv-donation chunk 179000-179500 failed: TypeError: fetch failed
    indiv-donation chunk 179500-180000 failed: TypeError: fetch failed
    indiv-donation chunk 180000-180500 failed: TypeError: fetch failed
    indiv-donation chunk 180500-181000 failed: TypeError: fetch failed
    indiv-donation chunk 181000-181500 failed: TypeError: fetch failed
    indiv-donation chunk 181500-182000 failed: TypeError: fetch failed
    indiv-donation chunk 182000-182500 failed: TypeError: fetch failed
    indiv-donation chunk 182500-183000 failed: TypeError: fetch failed
    indiv-donation chunk 183000-183500 failed: TypeError: fetch failed
    indiv-donation chunk 183500-184000 failed: TypeError: fetch failed
    indiv-donation chunk 184000-184500 failed: TypeError: fetch failed
    indiv-donation chunk 184500-185000 failed: TypeError: fetch failed
    indiv-donation chunk 185000-185500 failed: TypeError: fetch failed
    indiv-donation chunk 185500-186000 failed: TypeError: fetch failed
    indiv-donation chunk 186000-186500 failed: TypeError: fetch failed
    indiv-donation chunk 186500-187000 failed: TypeError: fetch failed
    indiv-donation chunk 187000-187500 failed: TypeError: fetch failed
    indiv-donation chunk 187500-188000 failed: TypeError: fetch failed
    indiv-donation chunk 188000-188500 failed: TypeError: fetch failed
    indiv-donation chunk 188500-189000 failed: TypeError: fetch failed
    indiv-donation chunk 189000-189500 failed: TypeError: fetch failed
    indiv-donation chunk 189500-190000 failed: TypeError: fetch failed
    indiv-donation chunk 190000-190500 failed: TypeError: fetch failed
    indiv-donation chunk 190500-191000 failed: TypeError: fetch failed
    indiv-donation chunk 191000-191500 failed: TypeError: fetch failed
    indiv-donation chunk 191500-192000 failed: TypeError: fetch failed
    indiv-donation chunk 192000-192500 failed: TypeError: fetch failed
    indiv-donation chunk 192500-193000 failed: TypeError: fetch failed
    indiv-donation chunk 193000-193500 failed: TypeError: fetch failed
    indiv-donation chunk 193500-194000 failed: TypeError: fetch failed
    indiv-donation chunk 194000-194500 failed: TypeError: fetch failed
    indiv-donation chunk 194500-195000 failed: TypeError: fetch failed
    indiv-donation chunk 195000-195500 failed: TypeError: fetch failed
    indiv-donation chunk 195500-196000 failed: TypeError: fetch failed
    indiv-donation chunk 196000-196500 failed: TypeError: fetch failed
    indiv-donation chunk 196500-197000 failed: TypeError: fetch failed
    indiv-donation chunk 197000-197500 failed: TypeError: fetch failed
    indiv-donation chunk 197500-198000 failed: TypeError: fetch failed
    indiv-donation chunk 198000-198500 failed: TypeError: fetch failed
    indiv-donation chunk 198500-199000 failed: TypeError: fetch failed
    indiv-donation chunk 199000-199500 failed: TypeError: fetch failed
    indiv-donation chunk 199500-200000 failed: TypeError: fetch failed
    indiv-donation chunk 200000-200500 failed: TypeError: fetch failed
    indiv-donation chunk 200500-201000 failed: TypeError: fetch failed
    indiv-donation chunk 201000-201500 failed: TypeError: fetch failed
    indiv-donation chunk 201500-202000 failed: TypeError: fetch failed
    indiv-donation chunk 202000-202500 failed: TypeError: fetch failed
    indiv-donation chunk 202500-203000 failed: TypeError: fetch failed
    indiv-donation chunk 203000-203500 failed: TypeError: fetch failed
    indiv-donation chunk 203500-204000 failed: TypeError: fetch failed
    indiv-donation chunk 204000-204500 failed: TypeError: fetch failed
    indiv-donation chunk 204500-205000 failed: TypeError: fetch failed
    indiv-donation chunk 205000-205500 failed: TypeError: fetch failed
    indiv-donation chunk 205500-206000 failed: TypeError: fetch failed
    indiv-donation chunk 206000-206500 failed: TypeError: fetch failed
    indiv-donation chunk 206500-207000 failed: TypeError: fetch failed
    indiv-donation chunk 207000-207500 failed: TypeError: fetch failed
    indiv-donation chunk 207500-208000 failed: TypeError: fetch failed
    indiv-donation chunk 208000-208500 failed: TypeError: fetch failed
    indiv-donation chunk 208500-209000 failed: TypeError: fetch failed
    indiv-donation chunk 209000-209500 failed: TypeError: fetch failed
    indiv-donation chunk 209500-210000 failed: TypeError: fetch failed
    indiv-donation chunk 210000-210500 failed: TypeError: fetch failed
    indiv-donation chunk 210500-211000 failed: TypeError: fetch failed
    indiv-donation chunk 211000-211500 failed: TypeError: fetch failed
    indiv-donation chunk 211500-212000 failed: TypeError: fetch failed
    indiv-donation chunk 212000-212500 failed: TypeError: fetch failed
    indiv-donation chunk 212500-213000 failed: TypeError: fetch failed
    indiv-donation chunk 213000-213500 failed: TypeError: fetch failed
    indiv-donation chunk 213500-214000 failed: TypeError: fetch failed
    indiv-donation chunk 214000-214500 failed: TypeError: fetch failed
    indiv-donation chunk 214500-215000 failed: TypeError: fetch failed
    indiv-donation chunk 215000-215500 failed: TypeError: fetch failed
    indiv-donation chunk 215500-216000 failed: TypeError: fetch failed
    indiv-donation chunk 216000-216500 failed: TypeError: fetch failed
    indiv-donation chunk 216500-217000 failed: TypeError: fetch failed
    indiv-donation chunk 217000-217500 failed: TypeError: fetch failed
    indiv-donation chunk 217500-218000 failed: TypeError: fetch failed
    indiv-donation chunk 218000-218500 failed: TypeError: fetch failed
    indiv-donation chunk 218500-219000 failed: TypeError: fetch failed
    indiv-donation chunk 219000-219500 failed: TypeError: fetch failed
    indiv-donation chunk 219500-220000 failed: TypeError: fetch failed
    indiv-donation chunk 220000-220500 failed: TypeError: fetch failed
    indiv-donation chunk 220500-221000 failed: TypeError: fetch failed
    indiv-donation chunk 221000-221500 failed: TypeError: fetch failed
    indiv-donation chunk 221500-222000 failed: TypeError: fetch failed
    indiv-donation chunk 222000-222500 failed: TypeError: fetch failed
    indiv-donation chunk 222500-223000 failed: TypeError: fetch failed
    indiv-donation chunk 223000-223500 failed: TypeError: fetch failed
    indiv-donation chunk 223500-224000 failed: TypeError: fetch failed
    indiv-donation chunk 224000-224500 failed: TypeError: fetch failed
    indiv-donation chunk 224500-225000 failed: TypeError: fetch failed
    indiv-donation chunk 225000-225500 failed: TypeError: fetch failed
    indiv-donation chunk 225500-226000 failed: TypeError: fetch failed
    indiv-donation chunk 226000-226500 failed: TypeError: fetch failed
    indiv-donation chunk 226500-227000 failed: TypeError: fetch failed
    indiv-donation chunk 227000-227500 failed: TypeError: fetch failed
    indiv-donation chunk 227500-228000 failed: TypeError: fetch failed
    indiv-donation chunk 228000-228500 failed: TypeError: fetch failed
    indiv-donation chunk 228500-229000 failed: TypeError: fetch failed
    indiv-donation chunk 229000-229500 failed: TypeError: fetch failed
    indiv-donation chunk 229500-230000 failed: TypeError: fetch failed
    indiv-donation chunk 230000-230500 failed: TypeError: fetch failed
    indiv-donation chunk 230500-231000 failed: TypeError: fetch failed
    indiv-donation chunk 231000-231500 failed: TypeError: fetch failed
    indiv-donation chunk 231500-232000 failed: TypeError: fetch failed
    indiv-donation chunk 232000-232500 failed: TypeError: fetch failed
    indiv-donation chunk 232500-233000 failed: TypeError: fetch failed
    indiv-donation chunk 233000-233500 failed: TypeError: fetch failed
    indiv-donation chunk 233500-234000 failed: TypeError: fetch failed
    indiv-donation chunk 234000-234500 failed: TypeError: fetch failed
    indiv-donation chunk 234500-235000 failed: TypeError: fetch failed
    indiv-donation chunk 235000-235500 failed: TypeError: fetch failed
    indiv-donation chunk 235500-236000 failed: TypeError: fetch failed
    indiv-donation chunk 236000-236500 failed: TypeError: fetch failed
    indiv-donation chunk 236500-237000 failed: TypeError: fetch failed
    indiv-donation chunk 237000-237500 failed: TypeError: fetch failed
    indiv-donation chunk 237500-238000 failed: TypeError: fetch failed
    indiv-donation chunk 238000-238500 failed: TypeError: fetch failed
    indiv-donation chunk 238500-239000 failed: TypeError: fetch failed
    indiv-donation chunk 239000-239500 failed: TypeError: fetch failed
    indiv-donation chunk 239500-240000 failed: TypeError: fetch failed
    indiv-donation chunk 240000-240500 failed: TypeError: fetch failed
    indiv-donation chunk 240500-241000 failed: TypeError: fetch failed
    indiv-donation chunk 241000-241500 failed: TypeError: fetch failed
    indiv-donation chunk 241500-242000 failed: TypeError: fetch failed
    indiv-donation chunk 242000-242500 failed: TypeError: fetch failed
    indiv-donation chunk 242500-243000 failed: TypeError: fetch failed
    indiv-donation chunk 243000-243500 failed: TypeError: fetch failed
    indiv-donation chunk 243500-244000 failed: TypeError: fetch failed
    indiv-donation chunk 244000-244500 failed: TypeError: fetch failed
    indiv-donation chunk 244500-245000 failed: TypeError: fetch failed
    indiv-donation chunk 245000-245500 failed: TypeError: fetch failed
    indiv-donation chunk 245500-246000 failed: TypeError: fetch failed
    indiv-donation chunk 246000-246500 failed: TypeError: fetch failed
    indiv-donation chunk 246500-247000 failed: TypeError: fetch failed
    indiv-donation chunk 247000-247500 failed: TypeError: fetch failed
    indiv-donation chunk 247500-248000 failed: TypeError: fetch failed
    indiv-donation chunk 248000-248500 failed: TypeError: fetch failed
    indiv-donation chunk 248500-249000 failed: TypeError: fetch failed
    indiv-donation chunk 249000-249500 failed: TypeError: fetch failed
    indiv-donation chunk 249500-250000 failed: TypeError: fetch failed
    indiv-donation chunk 250000-250500 failed: TypeError: fetch failed
    indiv-donation chunk 250500-251000 failed: TypeError: fetch failed
    indiv-donation chunk 251000-251500 failed: TypeError: fetch failed
    indiv-donation chunk 251500-252000 failed: TypeError: fetch failed
    indiv-donation chunk 252000-252500 failed: TypeError: fetch failed
    indiv-donation chunk 252500-253000 failed: TypeError: fetch failed
    indiv-donation chunk 253000-253500 failed: TypeError: fetch failed
    indiv-donation chunk 253500-254000 failed: TypeError: fetch failed
    indiv-donation chunk 254000-254500 failed: TypeError: fetch failed
    indiv-donation chunk 254500-255000 failed: TypeError: fetch failed
    indiv-donation chunk 255000-255500 failed: TypeError: fetch failed
    indiv-donation chunk 255500-256000 failed: TypeError: fetch failed
    indiv-donation chunk 256000-256500 failed: TypeError: fetch failed
    indiv-donation chunk 256500-257000 failed: TypeError: fetch failed
    indiv-donation chunk 257000-257500 failed: TypeError: fetch failed
    indiv-donation chunk 257500-258000 failed: TypeError: fetch failed
    indiv-donation chunk 258000-258500 failed: TypeError: fetch failed
    indiv-donation chunk 258500-259000 failed: TypeError: fetch failed
    indiv-donation chunk 259000-259500 failed: TypeError: fetch failed
    indiv-donation chunk 259500-260000 failed: TypeError: fetch failed
    indiv-donation chunk 260000-260500 failed: TypeError: fetch failed
    indiv-donation chunk 260500-261000 failed: TypeError: fetch failed
    indiv-donation chunk 261000-261500 failed: TypeError: fetch failed
    indiv-donation chunk 261500-262000 failed: TypeError: fetch failed
    indiv-donation chunk 262000-262500 failed: TypeError: fetch failed
    indiv-donation chunk 262500-263000 failed: TypeError: fetch failed
    indiv-donation chunk 263000-263500 failed: TypeError: fetch failed
    indiv-donation chunk 263500-264000 failed: TypeError: fetch failed
    indiv-donation chunk 264000-264500 failed: TypeError: fetch failed
    indiv-donation chunk 264500-265000 failed: TypeError: fetch failed
    indiv-donation chunk 265000-265500 failed: TypeError: fetch failed
    indiv-donation chunk 265500-266000 failed: TypeError: fetch failed
    indiv-donation chunk 266000-266500 failed: TypeError: fetch failed
    indiv-donation chunk 266500-267000 failed: TypeError: fetch failed
    indiv-donation chunk 267000-267500 failed: TypeError: fetch failed
    indiv-donation chunk 267500-268000 failed: TypeError: fetch failed
    indiv-donation chunk 268000-268500 failed: TypeError: fetch failed
    indiv-donation chunk 268500-269000 failed: TypeError: fetch failed
    indiv-donation chunk 269000-269500 failed: TypeError: fetch failed
    indiv-donation chunk 269500-270000 failed: TypeError: fetch failed
    indiv-donation chunk 270000-270500 failed: TypeError: fetch failed
    indiv-donation chunk 270500-271000 failed: TypeError: fetch failed
    indiv-donation chunk 271000-271500 failed: TypeError: fetch failed
    indiv-donation chunk 271500-272000 failed: TypeError: fetch failed
    indiv-donation chunk 272000-272500 failed: TypeError: fetch failed
    indiv-donation chunk 272500-273000 failed: TypeError: fetch failed
    indiv-donation chunk 273000-273500 failed: TypeError: fetch failed
    indiv-donation chunk 273500-274000 failed: TypeError: fetch failed
    indiv-donation chunk 274000-274500 failed: TypeError: fetch failed
    indiv-donation chunk 274500-275000 failed: TypeError: fetch failed
    indiv-donation chunk 275000-275500 failed: TypeError: fetch failed
    indiv-donation chunk 275500-276000 failed: TypeError: fetch failed
    indiv-donation chunk 276000-276500 failed: TypeError: fetch failed
    indiv-donation chunk 276500-277000 failed: TypeError: fetch failed
    indiv-donation chunk 277000-277500 failed: TypeError: fetch failed
    indiv-donation chunk 277500-278000 failed: TypeError: fetch failed
    indiv-donation chunk 278000-278500 failed: TypeError: fetch failed
    indiv-donation chunk 278500-279000 failed: TypeError: fetch failed
    indiv-donation chunk 279000-279500 failed: TypeError: fetch failed
    indiv-donation chunk 279500-280000 failed: TypeError: fetch failed
    indiv-donation chunk 280000-280500 failed: TypeError: fetch failed
    indiv-donation chunk 280500-281000 failed: TypeError: fetch failed
    indiv-donation chunk 281000-281500 failed: TypeError: fetch failed
    indiv-donation chunk 281500-282000 failed: TypeError: fetch failed
    indiv-donation chunk 282000-282500 failed: TypeError: fetch failed
    indiv-donation chunk 282500-283000 failed: TypeError: fetch failed
    indiv-donation chunk 283000-283500 failed: TypeError: fetch failed
    indiv-donation chunk 283500-284000 failed: TypeError: fetch failed
    indiv-donation chunk 284000-284500 failed: TypeError: fetch failed
    indiv-donation chunk 284500-285000 failed: TypeError: fetch failed
    indiv-donation chunk 285000-285500 failed: TypeError: fetch failed
    indiv-donation chunk 285500-286000 failed: TypeError: fetch failed
    indiv-donation chunk 286000-286500 failed: TypeError: fetch failed
    indiv-donation chunk 286500-287000 failed: TypeError: fetch failed
    indiv-donation chunk 287000-287500 failed: TypeError: fetch failed
    indiv-donation chunk 287500-288000 failed: TypeError: fetch failed
    indiv-donation chunk 288000-288500 failed: TypeError: fetch failed
    indiv-donation chunk 288500-289000 failed: TypeError: fetch failed
    indiv-donation chunk 289000-289500 failed: TypeError: fetch failed
    indiv-donation chunk 289500-290000 failed: TypeError: fetch failed
    indiv-donation chunk 290000-290500 failed: TypeError: fetch failed
    indiv-donation chunk 290500-291000 failed: TypeError: fetch failed
    indiv-donation chunk 291000-291500 failed: TypeError: fetch failed
    indiv-donation chunk 291500-292000 failed: TypeError: fetch failed
    indiv-donation chunk 292000-292500 failed: TypeError: fetch failed
    indiv-donation chunk 292500-293000 failed: TypeError: fetch failed
    indiv-donation chunk 293000-293500 failed: TypeError: fetch failed
    indiv-donation chunk 293500-294000 failed: TypeError: fetch failed
    indiv-donation chunk 294000-294500 failed: TypeError: fetch failed
    indiv-donation chunk 294500-295000 failed: TypeError: fetch failed
    indiv-donation chunk 295000-295500 failed: TypeError: fetch failed
    indiv-donation chunk 295500-296000 failed: TypeError: fetch failed
    indiv-donation chunk 296000-296500 failed: TypeError: fetch failed
    indiv-donation chunk 296500-297000 failed: TypeError: fetch failed
    indiv-donation chunk 297000-297500 failed: TypeError: fetch failed
    indiv-donation chunk 297500-298000 failed: TypeError: fetch failed
    indiv-donation chunk 298000-298500 failed: TypeError: fetch failed
    indiv-donation chunk 298500-299000 failed: TypeError: fetch failed
    indiv-donation chunk 299000-299500 failed: TypeError: fetch failed
    indiv-donation chunk 299500-300000 failed: TypeError: fetch failed
    indiv-donation chunk 300000-300500 failed: TypeError: fetch failed
    indiv-donation chunk 300500-301000 failed: TypeError: fetch failed
    indiv-donation chunk 301000-301500 failed: TypeError: fetch failed
    indiv-donation chunk 301500-302000 failed: TypeError: fetch failed
    indiv-donation chunk 302000-302500 failed: TypeError: fetch failed
    indiv-donation chunk 302500-303000 failed: TypeError: fetch failed
    indiv-donation chunk 303000-303500 failed: TypeError: fetch failed
    indiv-donation chunk 303500-304000 failed: TypeError: fetch failed
    indiv-donation chunk 304000-304500 failed: TypeError: fetch failed
    indiv-donation chunk 304500-305000 failed: TypeError: fetch failed
    indiv-donation chunk 305000-305500 failed: TypeError: fetch failed
    indiv-donation chunk 305500-306000 failed: TypeError: fetch failed
    indiv-donation chunk 306000-306500 failed: TypeError: fetch failed
    indiv-donation chunk 306500-307000 failed: TypeError: fetch failed
    indiv-donation chunk 307000-307500 failed: TypeError: fetch failed
    indiv-donation chunk 307500-308000 failed: TypeError: fetch failed
    indiv-donation chunk 308000-308500 failed: TypeError: fetch failed
    indiv-donation chunk 308500-309000 failed: TypeError: fetch failed
    indiv-donation chunk 309000-309500 failed: TypeError: fetch failed
    indiv-donation chunk 309500-310000 failed: TypeError: fetch failed
    indiv-donation chunk 310000-310500 failed: TypeError: fetch failed
    indiv-donation chunk 310500-311000 failed: TypeError: fetch failed
    indiv-donation chunk 311000-311500 failed: TypeError: fetch failed
    indiv-donation chunk 311500-312000 failed: TypeError: fetch failed
    indiv-donation chunk 312000-312500 failed: TypeError: fetch failed
    indiv-donation chunk 312500-313000 failed: TypeError: fetch failed
    indiv-donation chunk 313000-313500 failed: TypeError: fetch failed
    indiv-donation chunk 313500-314000 failed: TypeError: fetch failed
    indiv-donation chunk 314000-314500 failed: TypeError: fetch failed
    indiv-donation chunk 314500-315000 failed: TypeError: fetch failed
    indiv-donation chunk 315000-315500 failed: TypeError: fetch failed
    indiv-donation chunk 315500-316000 failed: TypeError: fetch failed
    indiv-donation chunk 316000-316500 failed: TypeError: fetch failed
    indiv-donation chunk 316500-317000 failed: TypeError: fetch failed
    indiv-donation chunk 317000-317500 failed: TypeError: fetch failed
    indiv-donation chunk 317500-318000 failed: TypeError: fetch failed
    indiv-donation chunk 318000-318500 failed: TypeError: fetch failed
    indiv-donation chunk 318500-319000 failed: TypeError: fetch failed
    indiv-donation chunk 319000-319500 failed: TypeError: fetch failed
    indiv-donation chunk 319500-320000 failed: TypeError: fetch failed
    indiv-donation chunk 320000-320500 failed: TypeError: fetch failed
    indiv-donation chunk 320500-321000 failed: TypeError: fetch failed
    indiv-donation chunk 321000-321457 failed: TypeError: fetch failed
    Donations (→ candidate) — upserted: 49000  failed: 272457
    Pre-upserting 4,592 non-candidate-committee recipient entities...
    financial_entities chunk 0-500 failed: TypeError: fetch failed
    financial_entities chunk 500-1000 failed: TypeError: fetch failed
    financial_entities chunk 1000-1500 failed: TypeError: fetch failed
    financial_entities chunk 1500-2000 failed: TypeError: fetch failed
    financial_entities chunk 2000-2500 failed: TypeError: fetch failed
    financial_entities chunk 2500-3000 failed: TypeError: fetch failed
    financial_entities chunk 3000-3500 failed: TypeError: fetch failed
    financial_entities chunk 3500-4000 failed: TypeError: fetch failed
    financial_entities chunk 4000-4500 failed: TypeError: fetch failed
    financial_entities chunk 4500-4592 failed: TypeError: fetch failed
    Recipient committees — upserted: 0  failed: 4592
    Upserting 291,939 individual → committee donation relationships...
    indiv-to-committee chunk 0-500 failed: TypeError: fetch failed
    indiv-to-committee chunk 500-1000 failed: TypeError: fetch failed
    indiv-to-committee chunk 1000-1500 failed: TypeError: fetch failed
    indiv-to-committee chunk 1500-2000 failed: TypeError: fetch failed
    indiv-to-committee chunk 2000-2500 failed: TypeError: fetch failed
    indiv-to-committee chunk 2500-3000 failed: TypeError: fetch failed
    indiv-to-committee chunk 3000-3500 failed: TypeError: fetch failed
    indiv-to-committee chunk 3500-4000 failed: TypeError: fetch failed
    indiv-to-committee chunk 4000-4500 failed: TypeError: fetch failed
    indiv-to-committee chunk 4500-5000 failed: TypeError: fetch failed
    indiv-to-committee chunk 5000-5500 failed: TypeError: fetch failed
    indiv-to-committee chunk 5500-6000 failed: TypeError: fetch failed
    indiv-to-committee chunk 6000-6500 failed: TypeError: fetch failed
    indiv-to-committee chunk 6500-7000 failed: TypeError: fetch failed
    indiv-to-committee chunk 7000-7500 failed: TypeError: fetch failed
    indiv-to-committee chunk 7500-8000 failed: TypeError: fetch failed
    indiv-to-committee chunk 8000-8500 failed: TypeError: fetch failed
    indiv-to-committee chunk 8500-9000 failed: TypeError: fetch failed
    indiv-to-committee chunk 9000-9500 failed: TypeError: fetch failed
    indiv-to-committee chunk 9500-10000 failed: TypeError: fetch failed
    indiv-to-committee chunk 10000-10500 failed: TypeError: fetch failed
    indiv-to-committee chunk 10500-11000 failed: TypeError: fetch failed
    indiv-to-committee chunk 11000-11500 failed: TypeError: fetch failed
    indiv-to-committee chunk 11500-12000 failed: TypeError: fetch failed
    indiv-to-committee chunk 12000-12500 failed: TypeError: fetch failed
    indiv-to-committee chunk 12500-13000 failed: TypeError: fetch failed
    indiv-to-committee chunk 13000-13500 failed: TypeError: fetch failed
    indiv-to-committee chunk 13500-14000 failed: TypeError: fetch failed
    indiv-to-committee chunk 14000-14500 failed: TypeError: fetch failed
    indiv-to-committee chunk 14500-15000 failed: TypeError: fetch failed
    indiv-to-committee chunk 15000-15500 failed: TypeError: fetch failed
    indiv-to-committee chunk 15500-16000 failed: TypeError: fetch failed
    indiv-to-committee chunk 16000-16500 failed: TypeError: fetch failed
    indiv-to-committee chunk 16500-17000 failed: TypeError: fetch failed
    indiv-to-committee chunk 17000-17500 failed: TypeError: fetch failed
    indiv-to-committee chunk 17500-18000 failed: TypeError: fetch failed
    indiv-to-committee chunk 18000-18500 failed: TypeError: fetch failed
    indiv-to-committee chunk 18500-19000 failed: TypeError: fetch failed
    indiv-to-committee chunk 19000-19500 failed: TypeError: fetch failed
    indiv-to-committee chunk 19500-20000 failed: TypeError: fetch failed
    indiv-to-committee chunk 20000-20500 failed: TypeError: fetch failed
    indiv-to-committee chunk 20500-21000 failed: TypeError: fetch failed
    indiv-to-committee chunk 21000-21500 failed: TypeError: fetch failed
    indiv-to-committee chunk 21500-22000 failed: TypeError: fetch failed
    indiv-to-committee chunk 22000-22500 failed: TypeError: fetch failed
    indiv-to-committee chunk 22500-23000 failed: TypeError: fetch failed
    indiv-to-committee chunk 23000-23500 failed: TypeError: fetch failed
    indiv-to-committee chunk 23500-24000 failed: TypeError: fetch failed
    indiv-to-committee chunk 24000-24500 failed: TypeError: fetch failed
    indiv-to-committee chunk 24500-25000 failed: TypeError: fetch failed
    indiv-to-committee chunk 25000-25500 failed: TypeError: fetch failed
    indiv-to-committee chunk 25500-26000 failed: TypeError: fetch failed
    indiv-to-committee chunk 26000-26500 failed: TypeError: fetch failed
    indiv-to-committee chunk 26500-27000 failed: TypeError: fetch failed
    indiv-to-committee chunk 27000-27500 failed: TypeError: fetch failed
    indiv-to-committee chunk 27500-28000 failed: TypeError: fetch failed
    indiv-to-committee chunk 28000-28500 failed: TypeError: fetch failed
    indiv-to-committee chunk 28500-29000 failed: TypeError: fetch failed
    indiv-to-committee chunk 29000-29500 failed: TypeError: fetch failed
    indiv-to-committee chunk 29500-30000 failed: TypeError: fetch failed
    indiv-to-committee chunk 30000-30500 failed: TypeError: fetch failed
    indiv-to-committee chunk 30500-31000 failed: TypeError: fetch failed
    indiv-to-committee chunk 31000-31500 failed: TypeError: fetch failed
    indiv-to-committee chunk 31500-32000 failed: TypeError: fetch failed
    indiv-to-committee chunk 32000-32500 failed: TypeError: fetch failed
    indiv-to-committee chunk 32500-33000 failed: TypeError: fetch failed
    indiv-to-committee chunk 33000-33500 failed: TypeError: fetch failed
    indiv-to-committee chunk 33500-34000 failed: TypeError: fetch failed
    indiv-to-committee chunk 34000-34500 failed: TypeError: fetch failed
    indiv-to-committee chunk 34500-35000 failed: TypeError: fetch failed
    indiv-to-committee chunk 35000-35500 failed: TypeError: fetch failed
    indiv-to-committee chunk 35500-36000 failed: TypeError: fetch failed
    indiv-to-committee chunk 36000-36500 failed: TypeError: fetch failed
    indiv-to-committee chunk 36500-37000 failed: TypeError: fetch failed
    indiv-to-committee chunk 37000-37500 failed: TypeError: fetch failed
    indiv-to-committee chunk 37500-38000 failed: TypeError: fetch failed
    indiv-to-committee chunk 38000-38500 failed: TypeError: fetch failed
    indiv-to-committee chunk 38500-39000 failed: TypeError: fetch failed
    indiv-to-committee chunk 39000-39500 failed: TypeError: fetch failed
    indiv-to-committee chunk 39500-40000 failed: TypeError: fetch failed
    indiv-to-committee chunk 40000-40500 failed: TypeError: fetch failed
    indiv-to-committee chunk 40500-41000 failed: TypeError: fetch failed
    indiv-to-committee chunk 41000-41500 failed: TypeError: fetch failed
    indiv-to-committee chunk 41500-42000 failed: TypeError: fetch failed
    indiv-to-committee chunk 42000-42500 failed: TypeError: fetch failed
    indiv-to-committee chunk 42500-43000 failed: TypeError: fetch failed
    indiv-to-committee chunk 43000-43500 failed: TypeError: fetch failed
    indiv-to-committee chunk 43500-44000 failed: TypeError: fetch failed
    indiv-to-committee chunk 44000-44500 failed: TypeError: fetch failed
    indiv-to-committee chunk 44500-45000 failed: TypeError: fetch failed
    indiv-to-committee chunk 45000-45500 failed: TypeError: fetch failed
    indiv-to-committee chunk 45500-46000 failed: TypeError: fetch failed
    indiv-to-committee chunk 46000-46500 failed: TypeError: fetch failed
    indiv-to-committee chunk 46500-47000 failed: TypeError: fetch failed
    indiv-to-committee chunk 47000-47500 failed: TypeError: fetch failed
    indiv-to-committee chunk 47500-48000 failed: TypeError: fetch failed
    indiv-to-committee chunk 48000-48500 failed: TypeError: fetch failed
    indiv-to-committee chunk 48500-49000 failed: TypeError: fetch failed
    indiv-to-committee chunk 49000-49500 failed: TypeError: fetch failed
    indiv-to-committee chunk 49500-50000 failed: TypeError: fetch failed
    indiv-to-committee chunk 50000-50500 failed: TypeError: fetch failed
    indiv-to-committee chunk 50500-51000 failed: TypeError: fetch failed
    indiv-to-committee chunk 51000-51500 failed: TypeError: fetch failed
    indiv-to-committee chunk 51500-52000 failed: TypeError: fetch failed
    indiv-to-committee chunk 52000-52500 failed: TypeError: fetch failed
    indiv-to-committee chunk 52500-53000 failed: TypeError: fetch failed
    indiv-to-committee chunk 53000-53500 failed: TypeError: fetch failed
    indiv-to-committee chunk 53500-54000 failed: TypeError: fetch failed
    indiv-to-committee chunk 54000-54500 failed: TypeError: fetch failed
    indiv-to-committee chunk 54500-55000 failed: TypeError: fetch failed
    indiv-to-committee chunk 55000-55500 failed: TypeError: fetch failed
    indiv-to-committee chunk 55500-56000 failed: TypeError: fetch failed
    indiv-to-committee chunk 56000-56500 failed: TypeError: fetch failed
    indiv-to-committee chunk 56500-57000 failed: TypeError: fetch failed
    indiv-to-committee chunk 57000-57500 failed: TypeError: fetch failed
    indiv-to-committee chunk 57500-58000 failed: TypeError: fetch failed
    indiv-to-committee chunk 58000-58500 failed: TypeError: fetch failed
    indiv-to-committee chunk 58500-59000 failed: TypeError: fetch failed
    indiv-to-committee chunk 59000-59500 failed: TypeError: fetch failed
    indiv-to-committee chunk 59500-60000 failed: TypeError: fetch failed
    indiv-to-committee chunk 60000-60500 failed: TypeError: fetch failed
    indiv-to-committee chunk 60500-61000 failed: TypeError: fetch failed
    indiv-to-committee chunk 61000-61500 failed: TypeError: fetch failed
    indiv-to-committee chunk 61500-62000 failed: TypeError: fetch failed
    indiv-to-committee chunk 62000-62500 failed: TypeError: fetch failed
    indiv-to-committee chunk 62500-63000 failed: TypeError: fetch failed
    indiv-to-committee chunk 63000-63500 failed: TypeError: fetch failed
    indiv-to-committee chunk 63500-64000 failed: TypeError: fetch failed
    indiv-to-committee chunk 64000-64500 failed: TypeError: fetch failed
    indiv-to-committee chunk 64500-65000 failed: TypeError: fetch failed
    indiv-to-committee chunk 65000-65500 failed: TypeError: fetch failed
    indiv-to-committee chunk 65500-66000 failed: TypeError: fetch failed
    indiv-to-committee chunk 66000-66500 failed: TypeError: fetch failed
    indiv-to-committee chunk 66500-67000 failed: TypeError: fetch failed
    indiv-to-committee chunk 67000-67500 failed: TypeError: fetch failed
    indiv-to-committee chunk 67500-68000 failed: TypeError: fetch failed
    indiv-to-committee chunk 68000-68500 failed: TypeError: fetch failed
    indiv-to-committee chunk 68500-69000 failed: TypeError: fetch failed
    indiv-to-committee chunk 69000-69500 failed: TypeError: fetch failed
    indiv-to-committee chunk 69500-70000 failed: TypeError: fetch failed
    indiv-to-committee chunk 70000-70500 failed: TypeError: fetch failed
    indiv-to-committee chunk 70500-71000 failed: TypeError: fetch failed
    indiv-to-committee chunk 71000-71500 failed: TypeError: fetch failed
    indiv-to-committee chunk 71500-72000 failed: TypeError: fetch failed
    indiv-to-committee chunk 72000-72500 failed: TypeError: fetch failed
    indiv-to-committee chunk 72500-73000 failed: TypeError: fetch failed
    indiv-to-committee chunk 73000-73500 failed: TypeError: fetch failed
    indiv-to-committee chunk 73500-74000 failed: TypeError: fetch failed
    indiv-to-committee chunk 74000-74500 failed: TypeError: fetch failed
    indiv-to-committee chunk 74500-75000 failed: TypeError: fetch failed
    indiv-to-committee chunk 75000-75500 failed: TypeError: fetch failed
    indiv-to-committee chunk 75500-76000 failed: TypeError: fetch failed
    indiv-to-committee chunk 76000-76500 failed: TypeError: fetch failed
    indiv-to-committee chunk 76500-77000 failed: TypeError: fetch failed
    indiv-to-committee chunk 77000-77500 failed: TypeError: fetch failed
    indiv-to-committee chunk 77500-78000 failed: TypeError: fetch failed
    indiv-to-committee chunk 78000-78500 failed: TypeError: fetch failed
    indiv-to-committee chunk 78500-79000 failed: TypeError: fetch failed
    indiv-to-committee chunk 79000-79500 failed: TypeError: fetch failed
    indiv-to-committee chunk 79500-80000 failed: TypeError: fetch failed
    indiv-to-committee chunk 80000-80500 failed: TypeError: fetch failed
    indiv-to-committee chunk 80500-81000 failed: TypeError: fetch failed
    indiv-to-committee chunk 81000-81500 failed: TypeError: fetch failed
    indiv-to-committee chunk 81500-82000 failed: TypeError: fetch failed
    indiv-to-committee chunk 82000-82500 failed: TypeError: fetch failed
    indiv-to-committee chunk 82500-83000 failed: TypeError: fetch failed
    indiv-to-committee chunk 83000-83500 failed: TypeError: fetch failed
    indiv-to-committee chunk 83500-84000 failed: TypeError: fetch failed
    indiv-to-committee chunk 84000-84500 failed: TypeError: fetch failed
    indiv-to-committee chunk 84500-85000 failed: TypeError: fetch failed
    indiv-to-committee chunk 85000-85500 failed: TypeError: fetch failed
    indiv-to-committee chunk 85500-86000 failed: TypeError: fetch failed
    indiv-to-committee chunk 86000-86500 failed: TypeError: fetch failed
    indiv-to-committee chunk 86500-87000 failed: TypeError: fetch failed
    indiv-to-committee chunk 87000-87500 failed: TypeError: fetch failed
    indiv-to-committee chunk 87500-88000 failed: TypeError: fetch failed
    indiv-to-committee chunk 88000-88500 failed: TypeError: fetch failed
    indiv-to-committee chunk 88500-89000 failed: TypeError: fetch failed
    indiv-to-committee chunk 89000-89500 failed: TypeError: fetch failed
    indiv-to-committee chunk 89500-90000 failed: TypeError: fetch failed
    indiv-to-committee chunk 90000-90500 failed: TypeError: fetch failed
    indiv-to-committee chunk 90500-91000 failed: TypeError: fetch failed
    indiv-to-committee chunk 91000-91500 failed: TypeError: fetch failed
    indiv-to-committee chunk 91500-92000 failed: TypeError: fetch failed
    indiv-to-committee chunk 92000-92500 failed: TypeError: fetch failed
    indiv-to-committee chunk 92500-93000 failed: TypeError: fetch failed
    indiv-to-committee chunk 93000-93500 failed: TypeError: fetch failed
    indiv-to-committee chunk 93500-94000 failed: TypeError: fetch failed
    indiv-to-committee chunk 94000-94500 failed: TypeError: fetch failed
    indiv-to-committee chunk 94500-95000 failed: TypeError: fetch failed
    indiv-to-committee chunk 95000-95500 failed: TypeError: fetch failed
    indiv-to-committee chunk 95500-96000 failed: TypeError: fetch failed
    indiv-to-committee chunk 96000-96500 failed: TypeError: fetch failed
    indiv-to-committee chunk 96500-97000 failed: TypeError: fetch failed
    indiv-to-committee chunk 97000-97500 failed: TypeError: fetch failed
    indiv-to-committee chunk 97500-98000 failed: TypeError: fetch failed
    indiv-to-committee chunk 98000-98500 failed: TypeError: fetch failed
    indiv-to-committee chunk 98500-99000 failed: TypeError: fetch failed
    indiv-to-committee chunk 99000-99500 failed: TypeError: fetch failed
    indiv-to-committee chunk 99500-100000 failed: TypeError: fetch failed
    indiv-to-committee chunk 100000-100500 failed: TypeError: fetch failed
    indiv-to-committee chunk 100500-101000 failed: TypeError: fetch failed
    indiv-to-committee chunk 101000-101500 failed: TypeError: fetch failed
    indiv-to-committee chunk 101500-102000 failed: TypeError: fetch failed
    indiv-to-committee chunk 102000-102500 failed: TypeError: fetch failed
    indiv-to-committee chunk 102500-103000 failed: TypeError: fetch failed
    indiv-to-committee chunk 103000-103500 failed: TypeError: fetch failed
    indiv-to-committee chunk 103500-104000 failed: TypeError: fetch failed
    indiv-to-committee chunk 104000-104500 failed: TypeError: fetch failed
    indiv-to-committee chunk 104500-105000 failed: TypeError: fetch failed
    indiv-to-committee chunk 105000-105500 failed: TypeError: fetch failed
    indiv-to-committee chunk 105500-106000 failed: TypeError: fetch failed
    indiv-to-committee chunk 106000-106500 failed: TypeError: fetch failed
    indiv-to-committee chunk 106500-107000 failed: TypeError: fetch failed
    indiv-to-committee chunk 107000-107500 failed: TypeError: fetch failed
    indiv-to-committee chunk 107500-108000 failed: TypeError: fetch failed
    indiv-to-committee chunk 108000-108500 failed: TypeError: fetch failed
    indiv-to-committee chunk 108500-109000 failed: TypeError: fetch failed
    indiv-to-committee chunk 109000-109500 failed: TypeError: fetch failed
    indiv-to-committee chunk 109500-110000 failed: TypeError: fetch failed
    indiv-to-committee chunk 110000-110500 failed: TypeError: fetch failed
    indiv-to-committee chunk 110500-111000 failed: TypeError: fetch failed
    indiv-to-committee chunk 111000-111500 failed: TypeError: fetch failed
    indiv-to-committee chunk 111500-112000 failed: TypeError: fetch failed
    indiv-to-committee chunk 112000-112500 failed: TypeError: fetch failed
    indiv-to-committee chunk 112500-113000 failed: TypeError: fetch failed
    indiv-to-committee chunk 113000-113500 failed: TypeError: fetch failed
    indiv-to-committee chunk 113500-114000 failed: TypeError: fetch failed
    indiv-to-committee chunk 114000-114500 failed: TypeError: fetch failed
    indiv-to-committee chunk 114500-115000 failed: TypeError: fetch failed
    indiv-to-committee chunk 115000-115500 failed: TypeError: fetch failed
    indiv-to-committee chunk 115500-116000 failed: TypeError: fetch failed
    indiv-to-committee chunk 116000-116500 failed: TypeError: fetch failed
    indiv-to-committee chunk 116500-117000 failed: TypeError: fetch failed
    indiv-to-committee chunk 117000-117500 failed: TypeError: fetch failed
    indiv-to-committee chunk 117500-118000 failed: TypeError: fetch failed
    indiv-to-committee chunk 118000-118500 failed: TypeError: fetch failed
    indiv-to-committee chunk 118500-119000 failed: TypeError: fetch failed
    indiv-to-committee chunk 119000-119500 failed: TypeError: fetch failed
    indiv-to-committee chunk 119500-120000 failed: TypeError: fetch failed
    indiv-to-committee chunk 120000-120500 failed: TypeError: fetch failed
    indiv-to-committee chunk 120500-121000 failed: TypeError: fetch failed
    indiv-to-committee chunk 121000-121500 failed: TypeError: fetch failed
    indiv-to-committee chunk 121500-122000 failed: TypeError: fetch failed
    indiv-to-committee chunk 122000-122500 failed: TypeError: fetch failed
    indiv-to-committee chunk 122500-123000 failed: TypeError: fetch failed
    indiv-to-committee chunk 123000-123500 failed: TypeError: fetch failed
    indiv-to-committee chunk 123500-124000 failed: TypeError: fetch failed
    indiv-to-committee chunk 124000-124500 failed: TypeError: fetch failed
    indiv-to-committee chunk 124500-125000 failed: TypeError: fetch failed
    indiv-to-committee chunk 125000-125500 failed: TypeError: fetch failed
    indiv-to-committee chunk 125500-126000 failed: TypeError: fetch failed
    indiv-to-committee chunk 126000-126500 failed: TypeError: fetch failed
    indiv-to-committee chunk 126500-127000 failed: TypeError: fetch failed
    indiv-to-committee chunk 127000-127500 failed: TypeError: fetch failed
    indiv-to-committee chunk 127500-128000 failed: TypeError: fetch failed
    indiv-to-committee chunk 128000-128500 failed: TypeError: fetch failed
    indiv-to-committee chunk 128500-129000 failed: TypeError: fetch failed
    indiv-to-committee chunk 129000-129500 failed: TypeError: fetch failed
    indiv-to-committee chunk 129500-130000 failed: TypeError: fetch failed
    indiv-to-committee chunk 130000-130500 failed: TypeError: fetch failed
    indiv-to-committee chunk 130500-131000 failed: TypeError: fetch failed
    indiv-to-committee chunk 131000-131500 failed: TypeError: fetch failed
    indiv-to-committee chunk 131500-132000 failed: TypeError: fetch failed
    indiv-to-committee chunk 132000-132500 failed: TypeError: fetch failed
    indiv-to-committee chunk 132500-133000 failed: TypeError: fetch failed
    indiv-to-committee chunk 133000-133500 failed: TypeError: fetch failed
    indiv-to-committee chunk 133500-134000 failed: TypeError: fetch failed
    indiv-to-committee chunk 134000-134500 failed: TypeError: fetch failed
    indiv-to-committee chunk 134500-135000 failed: TypeError: fetch failed
    indiv-to-committee chunk 135000-135500 failed: TypeError: fetch failed
    indiv-to-committee chunk 135500-136000 failed: TypeError: fetch failed
    indiv-to-committee chunk 136000-136500 failed: TypeError: fetch failed
    indiv-to-committee chunk 136500-137000 failed: TypeError: fetch failed
    indiv-to-committee chunk 137000-137500 failed: TypeError: fetch failed
    indiv-to-committee chunk 137500-138000 failed: TypeError: fetch failed
    indiv-to-committee chunk 138000-138500 failed: TypeError: fetch failed
    indiv-to-committee chunk 138500-139000 failed: TypeError: fetch failed
    indiv-to-committee chunk 139000-139500 failed: TypeError: fetch failed
    indiv-to-committee chunk 139500-140000 failed: TypeError: fetch failed
    indiv-to-committee chunk 140000-140500 failed: TypeError: fetch failed
    indiv-to-committee chunk 140500-141000 failed: TypeError: fetch failed
    indiv-to-committee chunk 141000-141500 failed: TypeError: fetch failed
    indiv-to-committee chunk 141500-142000 failed: TypeError: fetch failed
    indiv-to-committee chunk 142000-142500 failed: TypeError: fetch failed
    indiv-to-committee chunk 142500-143000 failed: TypeError: fetch failed
    indiv-to-committee chunk 143000-143500 failed: TypeError: fetch failed
    indiv-to-committee chunk 143500-144000 failed: TypeError: fetch failed
    indiv-to-committee chunk 144000-144500 failed: TypeError: fetch failed
    indiv-to-committee chunk 144500-145000 failed: TypeError: fetch failed
    indiv-to-committee chunk 145000-145500 failed: TypeError: fetch failed
    indiv-to-committee chunk 145500-146000 failed: TypeError: fetch failed
    indiv-to-committee chunk 146000-146500 failed: TypeError: fetch failed
    indiv-to-committee chunk 146500-147000 failed: TypeError: fetch failed
    indiv-to-committee chunk 147000-147500 failed: TypeError: fetch failed
    indiv-to-committee chunk 147500-148000 failed: TypeError: fetch failed
    indiv-to-committee chunk 148000-148500 failed: TypeError: fetch failed
    indiv-to-committee chunk 148500-149000 failed: TypeError: fetch failed
    indiv-to-committee chunk 149000-149500 failed: TypeError: fetch failed
    indiv-to-committee chunk 149500-150000 failed: TypeError: fetch failed
    indiv-to-committee chunk 150000-150500 failed: TypeError: fetch failed
    indiv-to-committee chunk 150500-151000 failed: TypeError: fetch failed
    indiv-to-committee chunk 151000-151500 failed: TypeError: fetch failed
    indiv-to-committee chunk 151500-152000 failed: TypeError: fetch failed
    indiv-to-committee chunk 152000-152500 failed: TypeError: fetch failed
    indiv-to-committee chunk 152500-153000 failed: TypeError: fetch failed
    indiv-to-committee chunk 153000-153500 failed: TypeError: fetch failed
    indiv-to-committee chunk 153500-154000 failed: TypeError: fetch failed
    indiv-to-committee chunk 154000-154500 failed: TypeError: fetch failed
    indiv-to-committee chunk 154500-155000 failed: TypeError: fetch failed
    indiv-to-committee chunk 155000-155500 failed: TypeError: fetch failed
    indiv-to-committee chunk 155500-156000 failed: TypeError: fetch failed
    indiv-to-committee chunk 156000-156500 failed: TypeError: fetch failed
    indiv-to-committee chunk 156500-157000 failed: TypeError: fetch failed
    indiv-to-committee chunk 157000-157500 failed: TypeError: fetch failed
    indiv-to-committee chunk 157500-158000 failed: TypeError: fetch failed
    indiv-to-committee chunk 158000-158500 failed: TypeError: fetch failed
    indiv-to-committee chunk 158500-159000 failed: TypeError: fetch failed
    indiv-to-committee chunk 159000-159500 failed: TypeError: fetch failed
    indiv-to-committee chunk 159500-160000 failed: TypeError: fetch failed
    indiv-to-committee chunk 160000-160500 failed: TypeError: fetch failed
    indiv-to-committee chunk 160500-161000 failed: TypeError: fetch failed
    indiv-to-committee chunk 161000-161500 failed: TypeError: fetch failed
    indiv-to-committee chunk 161500-162000 failed: TypeError: fetch failed
    indiv-to-committee chunk 162000-162500 failed: TypeError: fetch failed
    indiv-to-committee chunk 162500-163000 failed: TypeError: fetch failed
    indiv-to-committee chunk 163000-163500 failed: TypeError: fetch failed
    indiv-to-committee chunk 163500-164000 failed: TypeError: fetch failed
    indiv-to-committee chunk 164000-164500 failed: TypeError: fetch failed
    indiv-to-committee chunk 164500-165000 failed: TypeError: fetch failed
    indiv-to-committee chunk 165000-165500 failed: TypeError: fetch failed
    indiv-to-committee chunk 165500-166000 failed: TypeError: fetch failed
    indiv-to-committee chunk 166000-166500 failed: TypeError: fetch failed
    indiv-to-committee chunk 166500-167000 failed: TypeError: fetch failed
    indiv-to-committee chunk 167000-167500 failed: TypeError: fetch failed
    indiv-to-committee chunk 167500-168000 failed: TypeError: fetch failed
    indiv-to-committee chunk 168000-168500 failed: TypeError: fetch failed
    indiv-to-committee chunk 168500-169000 failed: TypeError: fetch failed
    indiv-to-committee chunk 169000-169500 failed: TypeError: fetch failed
    indiv-to-committee chunk 169500-170000 failed: TypeError: fetch failed
    indiv-to-committee chunk 170000-170500 failed: TypeError: fetch failed
    indiv-to-committee chunk 170500-171000 failed: TypeError: fetch failed
    indiv-to-committee chunk 171000-171500 failed: TypeError: fetch failed
    indiv-to-committee chunk 171500-172000 failed: TypeError: fetch failed
    indiv-to-committee chunk 172000-172500 failed: TypeError: fetch failed
    indiv-to-committee chunk 172500-173000 failed: TypeError: fetch failed
    indiv-to-committee chunk 173000-173500 failed: TypeError: fetch failed
    indiv-to-committee chunk 173500-174000 failed: TypeError: fetch failed
    indiv-to-committee chunk 174000-174500 failed: TypeError: fetch failed
    indiv-to-committee chunk 174500-175000 failed: TypeError: fetch failed
    indiv-to-committee chunk 175000-175500 failed: TypeError: fetch failed
    indiv-to-committee chunk 175500-176000 failed: TypeError: fetch failed
    indiv-to-committee chunk 176000-176500 failed: TypeError: fetch failed
    indiv-to-committee chunk 176500-177000 failed: TypeError: fetch failed
    indiv-to-committee chunk 177000-177500 failed: TypeError: fetch failed
    indiv-to-committee chunk 177500-178000 failed: TypeError: fetch failed
    indiv-to-committee chunk 178000-178500 failed: TypeError: fetch failed
    indiv-to-committee chunk 178500-179000 failed: TypeError: fetch failed
    indiv-to-committee chunk 179000-179500 failed: TypeError: fetch failed
    indiv-to-committee chunk 179500-180000 failed: TypeError: fetch failed
    indiv-to-committee chunk 180000-180500 failed: TypeError: fetch failed
    indiv-to-committee chunk 180500-181000 failed: TypeError: fetch failed
    indiv-to-committee chunk 181000-181500 failed: TypeError: fetch failed
    indiv-to-committee chunk 181500-182000 failed: TypeError: fetch failed
    indiv-to-committee chunk 182000-182500 failed: TypeError: fetch failed
    indiv-to-committee chunk 182500-183000 failed: TypeError: fetch failed
    indiv-to-committee chunk 183000-183500 failed: TypeError: fetch failed
    indiv-to-committee chunk 183500-184000 failed: TypeError: fetch failed
    indiv-to-committee chunk 184000-184500 failed: TypeError: fetch failed
    indiv-to-committee chunk 184500-185000 failed: TypeError: fetch failed
    indiv-to-committee chunk 185000-185500 failed: TypeError: fetch failed
    indiv-to-committee chunk 185500-186000 failed: TypeError: fetch failed
    indiv-to-committee chunk 186000-186500 failed: TypeError: fetch failed
    indiv-to-committee chunk 186500-187000 failed: TypeError: fetch failed
    indiv-to-committee chunk 187000-187500 failed: TypeError: fetch failed
    indiv-to-committee chunk 187500-188000 failed: TypeError: fetch failed
    indiv-to-committee chunk 188000-188500 failed: TypeError: fetch failed
    indiv-to-committee chunk 188500-189000 failed: TypeError: fetch failed
    indiv-to-committee chunk 189000-189500 failed: TypeError: fetch failed
    indiv-to-committee chunk 189500-190000 failed: TypeError: fetch failed
    indiv-to-committee chunk 190000-190500 failed: TypeError: fetch failed
    indiv-to-committee chunk 190500-191000 failed: TypeError: fetch failed
    indiv-to-committee chunk 191000-191500 failed: TypeError: fetch failed
    indiv-to-committee chunk 191500-192000 failed: TypeError: fetch failed
    indiv-to-committee chunk 192000-192500 failed: TypeError: fetch failed
    indiv-to-committee chunk 192500-193000 failed: TypeError: fetch failed
    indiv-to-committee chunk 193000-193500 failed: TypeError: fetch failed
    indiv-to-committee chunk 193500-194000 failed: TypeError: fetch failed
    indiv-to-committee chunk 194000-194500 failed: TypeError: fetch failed
    indiv-to-committee chunk 194500-195000 failed: TypeError: fetch failed
    indiv-to-committee chunk 195000-195500 failed: TypeError: fetch failed
    indiv-to-committee chunk 195500-196000 failed: TypeError: fetch failed
    indiv-to-committee chunk 196000-196500 failed: TypeError: fetch failed
    indiv-to-committee chunk 196500-197000 failed: TypeError: fetch failed
    indiv-to-committee chunk 197000-197500 failed: TypeError: fetch failed
    indiv-to-committee chunk 197500-198000 failed: TypeError: fetch failed
    indiv-to-committee chunk 198000-198500 failed: TypeError: fetch failed
    indiv-to-committee chunk 198500-199000 failed: TypeError: fetch failed
    indiv-to-committee chunk 199000-199500 failed: TypeError: fetch failed
    indiv-to-committee chunk 199500-200000 failed: TypeError: fetch failed
    indiv-to-committee chunk 200000-200500 failed: TypeError: fetch failed
    indiv-to-committee chunk 200500-201000 failed: TypeError: fetch failed
    indiv-to-committee chunk 201000-201500 failed: TypeError: fetch failed
    indiv-to-committee chunk 201500-202000 failed: TypeError: fetch failed
    indiv-to-committee chunk 202000-202500 failed: TypeError: fetch failed
    indiv-to-committee chunk 202500-203000 failed: TypeError: fetch failed
    indiv-to-committee chunk 203000-203500 failed: TypeError: fetch failed
    indiv-to-committee chunk 203500-204000 failed: TypeError: fetch failed
    indiv-to-committee chunk 204000-204500 failed: TypeError: fetch failed
    indiv-to-committee chunk 204500-205000 failed: TypeError: fetch failed
    indiv-to-committee chunk 205000-205500 failed: TypeError: fetch failed
    indiv-to-committee chunk 205500-206000 failed: TypeError: fetch failed
    indiv-to-committee chunk 206000-206500 failed: TypeError: fetch failed
    indiv-to-committee chunk 206500-207000 failed: TypeError: fetch failed
    indiv-to-committee chunk 207000-207500 failed: TypeError: fetch failed
    indiv-to-committee chunk 207500-208000 failed: TypeError: fetch failed
    indiv-to-committee chunk 208000-208500 failed: TypeError: fetch failed
    indiv-to-committee chunk 208500-209000 failed: TypeError: fetch failed
    indiv-to-committee chunk 209000-209500 failed: TypeError: fetch failed
    indiv-to-committee chunk 209500-210000 failed: TypeError: fetch failed
    indiv-to-committee chunk 210000-210500 failed: TypeError: fetch failed
    indiv-to-committee chunk 210500-211000 failed: TypeError: fetch failed
    indiv-to-committee chunk 211000-211500 failed: TypeError: fetch failed
    indiv-to-committee chunk 211500-212000 failed: TypeError: fetch failed
    indiv-to-committee chunk 212000-212500 failed: TypeError: fetch failed
    indiv-to-committee chunk 212500-213000 failed: TypeError: fetch failed
    indiv-to-committee chunk 213000-213500 failed: TypeError: fetch failed
    indiv-to-committee chunk 213500-214000 failed: TypeError: fetch failed
    indiv-to-committee chunk 214000-214500 failed: TypeError: fetch failed
    indiv-to-committee chunk 214500-215000 failed: TypeError: fetch failed
    indiv-to-committee chunk 215000-215500 failed: TypeError: fetch failed
    indiv-to-committee chunk 215500-216000 failed: TypeError: fetch failed
    indiv-to-committee chunk 216000-216500 failed: TypeError: fetch failed
    indiv-to-committee chunk 216500-217000 failed: TypeError: fetch failed
    indiv-to-committee chunk 217000-217500 failed: TypeError: fetch failed
    indiv-to-committee chunk 217500-218000 failed: TypeError: fetch failed
    indiv-to-committee chunk 218000-218500 failed: TypeError: fetch failed
    indiv-to-committee chunk 218500-219000 failed: TypeError: fetch failed
    indiv-to-committee chunk 219000-219500 failed: TypeError: fetch failed
    indiv-to-committee chunk 219500-220000 failed: TypeError: fetch failed
    indiv-to-committee chunk 220000-220500 failed: TypeError: fetch failed
    indiv-to-committee chunk 220500-221000 failed: TypeError: fetch failed
    indiv-to-committee chunk 221000-221500 failed: TypeError: fetch failed
    indiv-to-committee chunk 221500-222000 failed: TypeError: fetch failed
    indiv-to-committee chunk 222000-222500 failed: TypeError: fetch failed
    indiv-to-committee chunk 222500-223000 failed: TypeError: fetch failed
    indiv-to-committee chunk 223000-223500 failed: TypeError: fetch failed
    indiv-to-committee chunk 223500-224000 failed: TypeError: fetch failed
    indiv-to-committee chunk 224000-224500 failed: TypeError: fetch failed
    indiv-to-committee chunk 224500-225000 failed: TypeError: fetch failed
    indiv-to-committee chunk 225000-225500 failed: TypeError: fetch failed
    indiv-to-committee chunk 225500-226000 failed: TypeError: fetch failed
    indiv-to-committee chunk 226000-226500 failed: TypeError: fetch failed
    indiv-to-committee chunk 226500-227000 failed: TypeError: fetch failed
    indiv-to-committee chunk 227000-227500 failed: TypeError: fetch failed
    indiv-to-committee chunk 227500-228000 failed: TypeError: fetch failed
    indiv-to-committee chunk 228000-228500 failed: TypeError: fetch failed
    indiv-to-committee chunk 228500-229000 failed: TypeError: fetch failed
    indiv-to-committee chunk 229000-229500 failed: TypeError: fetch failed
    indiv-to-committee chunk 229500-230000 failed: TypeError: fetch failed
    indiv-to-committee chunk 230000-230500 failed: TypeError: fetch failed
    indiv-to-committee chunk 230500-231000 failed: TypeError: fetch failed
    indiv-to-committee chunk 231000-231500 failed: TypeError: fetch failed
    indiv-to-committee chunk 231500-232000 failed: TypeError: fetch failed
    indiv-to-committee chunk 232000-232500 failed: TypeError: fetch failed
    indiv-to-committee chunk 232500-233000 failed: TypeError: fetch failed
    indiv-to-committee chunk 233000-233500 failed: TypeError: fetch failed
    indiv-to-committee chunk 233500-234000 failed: TypeError: fetch failed
    indiv-to-committee chunk 234000-234500 failed: TypeError: fetch failed
    indiv-to-committee chunk 234500-235000 failed: TypeError: fetch failed
    indiv-to-committee chunk 235000-235500 failed: TypeError: fetch failed
    indiv-to-committee chunk 235500-236000 failed: TypeError: fetch failed
    indiv-to-committee chunk 236000-236500 failed: TypeError: fetch failed
    indiv-to-committee chunk 236500-237000 failed: TypeError: fetch failed
    indiv-to-committee chunk 237000-237500 failed: TypeError: fetch failed
    indiv-to-committee chunk 237500-238000 failed: TypeError: fetch failed
    indiv-to-committee chunk 238000-238500 failed: TypeError: fetch failed
    indiv-to-committee chunk 238500-239000 failed: TypeError: fetch failed
    indiv-to-committee chunk 239000-239500 failed: TypeError: fetch failed
    indiv-to-committee chunk 239500-240000 failed: TypeError: fetch failed
    indiv-to-committee chunk 240000-240500 failed: TypeError: fetch failed
    indiv-to-committee chunk 240500-241000 failed: TypeError: fetch failed
    indiv-to-committee chunk 241000-241500 failed: TypeError: fetch failed
    indiv-to-committee chunk 241500-242000 failed: TypeError: fetch failed
    indiv-to-committee chunk 242000-242500 failed: TypeError: fetch failed
    indiv-to-committee chunk 242500-243000 failed: TypeError: fetch failed
    indiv-to-committee chunk 243000-243500 failed: TypeError: fetch failed
    indiv-to-committee chunk 243500-244000 failed: TypeError: fetch failed
    indiv-to-committee chunk 244000-244500 failed: TypeError: fetch failed
    indiv-to-committee chunk 244500-245000 failed: TypeError: fetch failed
    indiv-to-committee chunk 245000-245500 failed: TypeError: fetch failed
    indiv-to-committee chunk 245500-246000 failed: TypeError: fetch failed
    indiv-to-committee chunk 246000-246500 failed: TypeError: fetch failed
    indiv-to-committee chunk 246500-247000 failed: TypeError: fetch failed
    indiv-to-committee chunk 247000-247500 failed: TypeError: fetch failed
    indiv-to-committee chunk 247500-248000 failed: TypeError: fetch failed
    indiv-to-committee chunk 248000-248500 failed: TypeError: fetch failed
    indiv-to-committee chunk 248500-249000 failed: TypeError: fetch failed
    indiv-to-committee chunk 249000-249500 failed: TypeError: fetch failed
    indiv-to-committee chunk 249500-250000 failed: TypeError: fetch failed
    indiv-to-committee chunk 250000-250500 failed: TypeError: fetch failed
    indiv-to-committee chunk 250500-251000 failed: TypeError: fetch failed
    indiv-to-committee chunk 251000-251500 failed: TypeError: fetch failed
    indiv-to-committee chunk 251500-252000 failed: TypeError: fetch failed
    indiv-to-committee chunk 252000-252500 failed: TypeError: fetch failed
    indiv-to-committee chunk 252500-253000 failed: TypeError: fetch failed
    indiv-to-committee chunk 253000-253500 failed: TypeError: fetch failed
    indiv-to-committee chunk 253500-254000 failed: TypeError: fetch failed
    indiv-to-committee chunk 254000-254500 failed: TypeError: fetch failed
    indiv-to-committee chunk 254500-255000 failed: TypeError: fetch failed
    indiv-to-committee chunk 255000-255500 failed: TypeError: fetch failed
    indiv-to-committee chunk 255500-256000 failed: TypeError: fetch failed
    indiv-to-committee chunk 256000-256500 failed: TypeError: fetch failed
    indiv-to-committee chunk 256500-257000 failed: TypeError: fetch failed
    indiv-to-committee chunk 257000-257500 failed: TypeError: fetch failed
    indiv-to-committee chunk 257500-258000 failed: TypeError: fetch failed
    indiv-to-committee chunk 258000-258500 failed: TypeError: fetch failed
    indiv-to-committee chunk 258500-259000 failed: TypeError: fetch failed
    indiv-to-committee chunk 259000-259500 failed: TypeError: fetch failed
    indiv-to-committee chunk 259500-260000 failed: TypeError: fetch failed
    indiv-to-committee chunk 260000-260500 failed: TypeError: fetch failed
    indiv-to-committee chunk 260500-261000 failed: TypeError: fetch failed
    indiv-to-committee chunk 261000-261500 failed: TypeError: fetch failed
    indiv-to-committee chunk 261500-262000 failed: TypeError: fetch failed
    indiv-to-committee chunk 262000-262500 failed: TypeError: fetch failed
    indiv-to-committee chunk 262500-263000 failed: TypeError: fetch failed
    indiv-to-committee chunk 263000-263500 failed: TypeError: fetch failed
    indiv-to-committee chunk 263500-264000 failed: TypeError: fetch failed
    indiv-to-committee chunk 264000-264500 failed: TypeError: fetch failed
    indiv-to-committee chunk 264500-265000 failed: TypeError: fetch failed
    indiv-to-committee chunk 265000-265500 failed: TypeError: fetch failed
    indiv-to-committee chunk 265500-266000 failed: TypeError: fetch failed
    indiv-to-committee chunk 266000-266500 failed: TypeError: fetch failed
    indiv-to-committee chunk 266500-267000 failed: TypeError: fetch failed
    indiv-to-committee chunk 267000-267500 failed: TypeError: fetch failed
    indiv-to-committee chunk 267500-268000 failed: TypeError: fetch failed
    indiv-to-committee chunk 268000-268500 failed: TypeError: fetch failed
    indiv-to-committee chunk 268500-269000 failed: TypeError: fetch failed
    indiv-to-committee chunk 269000-269500 failed: TypeError: fetch failed
    indiv-to-committee chunk 269500-270000 failed: TypeError: fetch failed
    indiv-to-committee chunk 270000-270500 failed: TypeError: fetch failed
    indiv-to-committee chunk 270500-271000 failed: TypeError: fetch failed
    indiv-to-committee chunk 271000-271500 failed: TypeError: fetch failed
    indiv-to-committee chunk 271500-272000 failed: TypeError: fetch failed
    indiv-to-committee chunk 272000-272500 failed: TypeError: fetch failed
    indiv-to-committee chunk 272500-273000 failed: TypeError: fetch failed
    indiv-to-committee chunk 273000-273500 failed: TypeError: fetch failed
    indiv-to-committee chunk 273500-274000 failed: TypeError: fetch failed
    indiv-to-committee chunk 274000-274500 failed: TypeError: fetch failed
    indiv-to-committee chunk 274500-275000 failed: TypeError: fetch failed
    indiv-to-committee chunk 275000-275500 failed: TypeError: fetch failed
    indiv-to-committee chunk 275500-276000 failed: TypeError: fetch failed
    indiv-to-committee chunk 276000-276500 failed: TypeError: fetch failed
    indiv-to-committee chunk 276500-277000 failed: TypeError: fetch failed
    indiv-to-committee chunk 277000-277500 failed: TypeError: fetch failed
    indiv-to-committee chunk 277500-278000 failed: TypeError: fetch failed
    indiv-to-committee chunk 278000-278500 failed: TypeError: fetch failed
    indiv-to-committee chunk 278500-279000 failed: TypeError: fetch failed
    indiv-to-committee chunk 279000-279500 failed: TypeError: fetch failed
    indiv-to-committee chunk 279500-280000 failed: TypeError: fetch failed
    indiv-to-committee chunk 280000-280500 failed: TypeError: fetch failed
    indiv-to-committee chunk 280500-281000 failed: TypeError: fetch failed
    indiv-to-committee chunk 281000-281500 failed: TypeError: fetch failed
    indiv-to-committee chunk 281500-282000 failed: TypeError: fetch failed
    indiv-to-committee chunk 282000-282500 failed: TypeError: fetch failed
    indiv-to-committee chunk 282500-283000 failed: TypeError: fetch failed
    indiv-to-committee chunk 283000-283500 failed: TypeError: fetch failed
    indiv-to-committee chunk 283500-284000 failed: TypeError: fetch failed
    indiv-to-committee chunk 284000-284500 failed: TypeError: fetch failed
    indiv-to-committee chunk 284500-285000 failed: TypeError: fetch failed
    indiv-to-committee chunk 285000-285500 failed: TypeError: fetch failed
    indiv-to-committee chunk 285500-286000 failed: TypeError: fetch failed
    indiv-to-committee chunk 286000-286500 failed: TypeError: fetch failed
    indiv-to-committee chunk 286500-287000 failed: TypeError: fetch failed
    indiv-to-committee chunk 287000-287500 failed: TypeError: fetch failed
    indiv-to-committee chunk 287500-288000 failed: TypeError: fetch failed
    indiv-to-committee chunk 288000-288500 failed: TypeError: fetch failed
    indiv-to-committee chunk 288500-289000 failed: TypeError: fetch failed
    indiv-to-committee chunk 289000-289500 failed: TypeError: fetch failed
    indiv-to-committee chunk 289500-290000 failed: TypeError: fetch failed
    indiv-to-committee chunk 290000-290500 failed: TypeError: fetch failed
    indiv-to-committee chunk 290500-291000 failed: TypeError: fetch failed
    indiv-to-committee chunk 291000-291500 failed: TypeError: fetch failed
    indiv-to-committee chunk 291500-291939 failed: TypeError: fetch failed
    Donations (→ committee) — upserted: 0  failed: 291939
  [2026 6/7] Independent expenditures (Schedule E) stage...
    ✗ independent_expenditure_2026.csv unavailable: getaddrinfo ENOTFOUND www.fec.gov — skipping IE stage for cycle 2026
    Awaiting 5 R2 cache upload(s) for cycle 2026...
    R2 uploads: 5/5 ok
  [2026 7/7] Cleaning up cycle 2026 temp files...

  Storing 468 FEC ID associations across cycles...

  Recomputing financial_entities.total_donated_cents across all cycles...
    financial_entities chunk 0-500 failed: TypeError: fetch failed
    financial_entities chunk 500-1000 failed: TypeError: fetch failed
    financial_entities chunk 1000-1500 failed: TypeError: fetch failed
    financial_entities chunk 1500-2000 failed: TypeError: fetch failed
    financial_entities chunk 2000-2500 failed: TypeError: fetch failed
    financial_entities chunk 2500-3000 failed: TypeError: fetch failed
    financial_entities chunk 3000-3500 failed: TypeError: fetch failed
    financial_entities chunk 3500-4000 failed: TypeError: fetch failed
    financial_entities chunk 4000-4500 failed: TypeError: fetch failed
    financial_entities chunk 4500-4948 failed: TypeError: fetch failed
    Cross-cycle entity totals — upserted: 0  failed: 4948
  Persisted indiv watermark for cycles: 2024, 2026
  R2 cache uploads (cumulative): 6/6 ok

  ──────────────────────────────────────────────────
  FEC Bulk Pipeline Report (multi-cycle)
  ──────────────────────────────────────────────────
  Cycles processed:                      2024, 2026
  Officials matched by fec_id:           7883
  Officials matched by name:             2
  Officials not matched:                 5
  Candidate officials inserted:          82
  Candidate officials existing:          17636
  PAC entity upserts (per-cycle):        12877
  PAC entity failures:                   5592
  PAC entity upserts (cross-cycle):      0
  PAC relationships upserted:            213507
  PAC relationships failed:              7500
  Indiv cycles processed / skipped:      2 / 0
  Indiv donor entities upserted:         2376646
  Indiv donor entity failures:           301641
  Indiv → cand rels upserted:            1515380
  Indiv → cand rels failed:              272957
  Indiv → cmte rels upserted:            1586001
  Indiv → cmte rels failed:              364439
  IE cycles processed / skipped:         1 / 1
  IE new spenders pre-upserted:          651
  IE orphan spe_ids skipped:             5
  IE → cand rels upserted (S+O):         3895
  IE → cand rels failed:                 0
  IE support / oppose split:             2696 / 1199
  Financial data processed:              ~5658.5 MB
  [sync-log] Could not create log entry: TypeError: fetch failed

=== IRS 990 pipeline ===
  Seed orgs: 41
  Tax years: 2023, 2024, 2025
  Loading officials → canonical-name map...
IRS 990 pipeline threw: officials load failed: TypeError: fetch failed
[nightly] irs990 failed: officials load failed: TypeError: fetch failed

=== LittleSis ingestion pipeline ===
  [sync-log] Could not create log entry: TypeError: fetch failed
  Downloading entities.json.gz...
[nightly] littlesis failed: fetch failed
  [sync-log] Could not create log entry: TypeError: fetch failed
  [edgar] starting weekly run · 503 companies
  [edgar] weekly run failed: preloadCikBindings: TypeError: fetch failed
[nightly] edgar weekly failed: preloadCikBindings: TypeError: fetch failed

=== USASpending bulk archive pipeline (contracts) ===
  [sync-log] Could not create log entry: TypeError: fetch failed

  [1/5] Discovering archive files...
  USASpending bulk pipeline (contracts) fatal error: getaddrinfo ENOTFOUND files.usaspending.gov

=== USASpending bulk archive pipeline (assistance) ===
  [sync-log] Could not create log entry: TypeError: fetch failed

  [1/5] Discovering archive files...
  USASpending bulk pipeline (assistance) fatal error: getaddrinfo ENOTFOUND files.usaspending.gov

=== CourtListener pipeline (public) ===
  [sync-log] Could not create log entry: TypeError: fetch failed
    courtlistener writer: gov_body scotus: TypeError: fetch failed
    courtlistener writer: gov_body ca1: TypeError: fetch failed
    courtlistener writer: gov_body ca2: TypeError: fetch failed
    courtlistener writer: gov_body ca3: TypeError: fetch failed
    courtlistener writer: gov_body ca4: TypeError: fetch failed
    courtlistener writer: gov_body ca5: TypeError: fetch failed
    courtlistener writer: gov_body ca6: TypeError: fetch failed
    courtlistener writer: gov_body ca7: TypeError: fetch failed
    courtlistener writer: gov_body ca8: TypeError: fetch failed
    courtlistener writer: gov_body ca9: TypeError: fetch failed
    courtlistener writer: gov_body ca10: TypeError: fetch failed
    courtlistener writer: gov_body ca11: TypeError: fetch failed
    courtlistener writer: gov_body cadc: TypeError: fetch failed
    courtlistener writer: gov_body cafc: TypeError: fetch failed
  Seeded/resolved 0 judicial governing bodies

  Fetching active federal judges...
  Request failed: fetch failed
  Retrying in 30s (attempt 2)...
[wrapper-heartbeat] rss=3918MB peak=5579MB elapsed=30393s
  Judges page 1: fetch error — fetch failed
  Judges: 0 fetched, batched upsert...
  Judges — inserted: 0, updated: 0, failed: 0

  Fetching recent court opinions...
    Court: scotus
  Request failed: fetch failed
  Retrying in 30s (attempt 2)...
[wrapper-heartbeat] rss=3918MB peak=5579MB elapsed=30423s
[wrapper-heartbeat] rss=3918MB peak=5579MB elapsed=30453s
[wrapper-heartbeat] rss=3918MB peak=5579MB elapsed=30483s
[wrapper-heartbeat] rss=3790MB peak=5579MB elapsed=30513s
    Court: ca1
    Court: ca2
    Court: ca3
    Court: ca4
    Court: ca5
  Rate limited (429) — backing off 30s...
[wrapper-heartbeat] rss=3790MB peak=5579MB elapsed=30543s
    Court: ca6
  Rate limited (429) — backing off 30s...
[wrapper-heartbeat] rss=3790MB peak=5579MB elapsed=30573s
    Court: ca7
[wrapper-heartbeat] rss=3790MB peak=5579MB elapsed=30603s
    Court: ca8
    Court: ca9
    Court: ca10
  Rate limited (429) — backing off 30s...
[wrapper-heartbeat] rss=3790MB peak=5579MB elapsed=30633s
    Court: ca11
  Rate limited (429) — backing off 30s...
[wrapper-heartbeat] rss=3784MB peak=5579MB elapsed=30663s
    Court: cadc
    Court: cafc

  Opinions: 280 fetched, batched upsert...
[wrapper-heartbeat] rss=3784MB peak=5579MB elapsed=30693s
  Opinions — inserted: 256, updated: 24, failed: 0

  ──────────────────────────────────────────────────
  CourtListener pipeline report
  ──────────────────────────────────────────────────
  Judges inserted:                 0
  Judges updated:                  0
  Judges failed:                   0
  Opinions inserted:               256
  Opinions updated:                24
  Opinions failed:                 0
  Estimated storage:               ~0.14 MB

=== OpenStates pipeline (public) ===
  Resolved 100 state legislative bodies
[wrapper-heartbeat] rss=3784MB peak=5579MB elapsed=30723s
  AL legislators: 140 upserted
[wrapper-heartbeat] rss=3785MB peak=5579MB elapsed=30753s
  AL bills: 60 fetched · 0 inserted · 60 updated
  AK legislators: 60 upserted
[wrapper-heartbeat] rss=3785MB peak=5579MB elapsed=30783s
  AK bills: 60 fetched · 40 inserted · 20 updated
  AZ legislators: 89 upserted
[wrapper-heartbeat] rss=3785MB peak=5579MB elapsed=30813s
  AZ bills: 60 fetched · 53 inserted · 7 updated
  Rate limited (429) — backing off 30s...
[wrapper-heartbeat] rss=3785MB peak=5579MB elapsed=30843s
  AR legislators: 134 upserted
[wrapper-heartbeat] rss=3785MB peak=5579MB elapsed=30873s
  AR bills: 60 fetched · 39 inserted · 21 updated
  CA legislators: 120 upserted
[wrapper-heartbeat] rss=3785MB peak=5579MB elapsed=30903s
  CA bills: 60 fetched · 55 inserted · 5 updated
  CO legislators: 100 upserted
[wrapper-heartbeat] rss=3785MB peak=5579MB elapsed=30933s
  CO bills: 60 fetched · 52 inserted · 8 updated
  Rate limited (429) — backing off 30s...
[wrapper-heartbeat] rss=3786MB peak=5579MB elapsed=30963s
  CT legislators: 187 upserted
[wrapper-heartbeat] rss=3786MB peak=5579MB elapsed=30993s
  CT bills: 60 fetched · 47 inserted · 13 updated
  DE legislators: 62 upserted
[wrapper-heartbeat] rss=3786MB peak=5579MB elapsed=31023s
  DE bills: 60 fetched · 49 inserted · 11 updated
  DC: no jurisdiction id, skipping
  FL legislators: 159 upserted
[wrapper-heartbeat] rss=3721MB peak=5579MB elapsed=31053s
  Rate limited (429) — backing off 30s...
[wrapper-heartbeat] rss=3721MB peak=5579MB elapsed=31083s
  FL bills: 60 fetched · 0 inserted · 60 updated
[wrapper-heartbeat] rss=3721MB peak=5579MB elapsed=31113s
  GA legislators: 233 upserted
  GA bills: 60 fetched · 48 inserted · 12 updated
[wrapper-heartbeat] rss=3722MB peak=5579MB elapsed=31143s
  HI legislators: 76 upserted
  HI bills: 60 fetched · 46 inserted · 14 updated
[wrapper-heartbeat] rss=3722MB peak=5579MB elapsed=31173s
  ID legislators: 105 upserted
  Rate limited (429) — backing off 30s...
[wrapper-heartbeat] rss=3722MB peak=5579MB elapsed=31203s
  ID bills: 60 fetched · 31 inserted · 29 updated
[wrapper-heartbeat] rss=3722MB peak=5579MB elapsed=31233s
  IL legislators: 177 upserted
[wrapper-heartbeat] rss=3722MB peak=5579MB elapsed=31263s
  Request failed: HTTP 502 — https://v3.openstates.org/bills?jurisdiction=ocd-jurisdiction%2Fcountry%3Aus%2Fstate%3Ail%2Fgovernment&per_page=20&page=1&sort=updated_desc
  <html>
<head><title>502 Bad Gateway</title></head>
<body>
<center><h1>502 Bad Gateway</h1></center>
</body>
</html>

  Retrying in 30s (attempt 2)...
[wrapper-heartbeat] rss=3722MB peak=5579MB elapsed=31293s
  IL bills: 60 fetched · 57 inserted · 3 updated
[wrapper-heartbeat] rss=3722MB peak=5579MB elapsed=31323s
  IN legislators: 150 upserted
  IN bills: 60 fetched · 36 inserted · 24 updated
[wrapper-heartbeat] rss=3723MB peak=5579MB elapsed=31353s
  IA legislators: 150 upserted
  Rate limited (429) — backing off 30s...
[wrapper-heartbeat] rss=3723MB peak=5579MB elapsed=31383s
    openstates writer: proposal insert 0-19: invalid input syntax for type date: ""
  IA bills: 60 fetched · 39 inserted · 2 updated
[wrapper-heartbeat] rss=3723MB peak=5579MB elapsed=31413s
  KS legislators: 165 upserted
  KS bills: 60 fetched · 58 inserted · 2 updated
[wrapper-heartbeat] rss=3723MB peak=5579MB elapsed=31443s
  KY legislators: 138 upserted
  KY bills: 60 fetched · 0 inserted · 60 updated
[wrapper-heartbeat] rss=3723MB peak=5579MB elapsed=31473s
  Rate limited (429) — backing off 30s...
[wrapper-heartbeat] rss=3723MB peak=5579MB elapsed=31503s
  LA legislators: 144 upserted
  LA bills: 60 fetched · 59 inserted · 1 updated
[wrapper-heartbeat] rss=3723MB peak=5579MB elapsed=31533s
  ME legislators: 187 upserted
  Rate limited (429) — backing off 30s...
[wrapper-heartbeat] rss=3723MB peak=5579MB elapsed=31563s
[wrapper-heartbeat] rss=3723MB peak=5579MB elapsed=31593s
  ME bills: 60 fetched · 59 inserted · 1 updated
  MD legislators: 188 upserted
[wrapper-heartbeat] rss=3723MB peak=5579MB elapsed=31623s
  MD bills: 60 fetched · 59 inserted · 1 updated
  MA legislators: 198 upserted
    openstates writer: proposal insert 0-19: invalid input syntax for type date: ""
[wrapper-heartbeat] rss=3723MB peak=5579MB elapsed=31653s
  MA bills: 60 fetched · 34 inserted · 7 updated
  Rate limited (429) — backing off 30s...
[wrapper-heartbeat] rss=3723MB peak=5579MB elapsed=31683s
  MI legislators: 147 upserted
[wrapper-heartbeat] rss=3723MB peak=5579MB elapsed=31714s
  MI bills: 60 fetched · 60 inserted · 0 updated
  Rate limited (429) — backing off 30s...
[wrapper-heartbeat] rss=3723MB peak=5579MB elapsed=31744s
  MN legislators: 201 upserted
[wrapper-heartbeat] rss=3723MB peak=5579MB elapsed=31774s
  MN bills: 60 fetched · 52 inserted · 8 updated
  MS legislators: 174 upserted
[wrapper-heartbeat] rss=3723MB peak=5579MB elapsed=31804s
  MS bills: 60 fetched · 2 inserted · 58 updated
[wrapper-heartbeat] rss=3723MB peak=5579MB elapsed=31834s
  MO legislators: 192 upserted
[wrapper-heartbeat] rss=3724MB peak=5579MB elapsed=31864s
  MO bills: 60 fetched · 43 inserted · 17 updated
  MT legislators: 150 upserted
[wrapper-heartbeat] rss=3724MB peak=5579MB elapsed=31894s
  MT bills: 60 fetched · 17 inserted · 43 updated
  NE legislators: 0 upserted
  Rate limited (429) — backing off 30s...
[wrapper-heartbeat] rss=3724MB peak=5579MB elapsed=31924s
  NE bills: 60 fetched · 60 inserted · 0 updated
[wrapper-heartbeat] rss=3724MB peak=5579MB elapsed=31954s
  NV legislators: 63 upserted
  NV bills: 60 fetched · 0 inserted · 60 updated
[wrapper-heartbeat] rss=3724MB peak=5579MB elapsed=31984s
  NH legislators: 414 upserted
  Rate limited (429) — backing off 30s...
[wrapper-heartbeat] rss=3724MB peak=5579MB elapsed=32014s
  Rate limited (429) — backing off 60s...
[wrapper-heartbeat] rss=3724MB peak=5579MB elapsed=32044s
[wrapper-heartbeat] rss=3724MB peak=5579MB elapsed=32074s
[wrapper-heartbeat] rss=3724MB peak=5579MB elapsed=32104s
  NH bills: 60 fetched · 57 inserted · 3 updated
  NJ legislators: 120 upserted
    openstates writer: proposal insert 0-20: invalid input syntax for type date: ""
    openstates writer: proposal insert 0-20: invalid input syntax for type date: ""
[wrapper-heartbeat] rss=3724MB peak=5579MB elapsed=32134s
  NJ bills: 60 fetched · 20 inserted · 0 updated
  NM legislators: 112 upserted
  Rate limited (429) — backing off 30s...
[wrapper-heartbeat] rss=3724MB peak=5579MB elapsed=32164s
[wrapper-heartbeat] rss=3724MB peak=5579MB elapsed=32194s
  NM bills: 60 fetched · 2 inserted · 58 updated
  NY legislators: 213 upserted
[wrapper-heartbeat] rss=3724MB peak=5579MB elapsed=32224s
  NY bills: 60 fetched · 60 inserted · 0 updated
  NC legislators: 170 upserted
[wrapper-heartbeat] rss=3724MB peak=5579MB elapsed=32254s
  NC bills: 60 fetched · 53 inserted · 7 updated
  Rate limited (429) — backing off 30s...
[wrapper-heartbeat] rss=3724MB peak=5579MB elapsed=32284s
  ND legislators: 140 upserted
[wrapper-heartbeat] rss=3724MB peak=5579MB elapsed=32314s
  ND bills: 60 fetched · 0 inserted · 60 updated
  OH legislators: 132 upserted
  OpenStates daily quota exhausted — pausing. Re-run tomorrow; upserts are idempotent.
  OH bills: 20 fetched · 20 inserted · 0 updated

  ──────────────────────────────────────────────────
  OpenStates pipeline report
  ──────────────────────────────────────────────────
  Legislators inserted:            0
  Legislators updated:             5190
  Legislators failed:              0
  Bills inserted:                  1307
  Bills updated:                   675
  Bills failed:                    78
  Run ended with quota exhausted. 

=== Agencies hierarchy backfill ===
  Loaded 98 federal agencies
  Static pass: 1 parent links set
  USASpending toptier: 111 agencies
  ✓ Done. Parent links set: 1, failed: 0

=== OPM FedScope FTE pipeline (FIX-214) ===
  Resolving latest HuggingFace employment parquet...
  Fetching: https://huggingface.co/datasets/impactproject/opm-ehri-data/resolve/main/employment/employment_202603_v1.parquet
[wrapper-heartbeat] rss=3725MB peak=5579MB elapsed=32344s
  Downloaded 50.7 MB
    Parsed 2,023,318 rows, 128 unique agency codes
    Matched: 31 agencies updated, 97 OPM codes unmatched

  ✓ Done. Updated: 31, failed: 0

=== OPM PLUM Book pipeline ===
  No new OPM data since 2026-02-16T17:26:04 — skipping

=== Elections pipeline ===
[wrapper-heartbeat] rss=3849MB peak=5579MB elapsed=32374s
[wrapper-heartbeat] rss=3798MB peak=5579MB elapsed=32404s
[wrapper-heartbeat] rss=3798MB peak=5579MB elapsed=32434s
[wrapper-heartbeat] rss=3797MB peak=5579MB elapsed=32464s
[wrapper-heartbeat] rss=3798MB peak=5579MB elapsed=32494s
[wrapper-heartbeat] rss=3798MB peak=5579MB elapsed=32524s
[wrapper-heartbeat] rss=3798MB peak=5579MB elapsed=32554s
[wrapper-heartbeat] rss=3798MB peak=5579MB elapsed=32584s
[wrapper-heartbeat] rss=3798MB peak=5579MB elapsed=32614s
[wrapper-heartbeat] rss=3798MB peak=5579MB elapsed=32644s
[wrapper-heartbeat] rss=3799MB peak=5579MB elapsed=32674s
[wrapper-heartbeat] rss=3798MB peak=5579MB elapsed=32704s
[wrapper-heartbeat] rss=3799MB peak=5579MB elapsed=32734s
[wrapper-heartbeat] rss=3798MB peak=5579MB elapsed=32764s
[wrapper-heartbeat] rss=3799MB peak=5579MB elapsed=32794s
[wrapper-heartbeat] rss=3799MB peak=5579MB elapsed=32824s
[wrapper-heartbeat] rss=3799MB peak=5579MB elapsed=32854s
[wrapper-heartbeat] rss=3799MB peak=5579MB elapsed=32884s
[wrapper-heartbeat] rss=3799MB peak=5579MB elapsed=32914s
[wrapper-heartbeat] rss=3799MB peak=5579MB elapsed=32944s
[wrapper-heartbeat] rss=3799MB peak=5579MB elapsed=32974s
[wrapper-heartbeat] rss=3800MB peak=5579MB elapsed=33004s
[wrapper-heartbeat] rss=3799MB peak=5579MB elapsed=33034s
[wrapper-heartbeat] rss=3799MB peak=5579MB elapsed=33064s
[wrapper-heartbeat] rss=3799MB peak=5579MB elapsed=33094s
[wrapper-heartbeat] rss=3799MB peak=5579MB elapsed=33124s
[wrapper-heartbeat] rss=3799MB peak=5579MB elapsed=33154s
[wrapper-heartbeat] rss=3799MB peak=5579MB elapsed=33184s
[wrapper-heartbeat] rss=3799MB peak=5579MB elapsed=33214s
[wrapper-heartbeat] rss=3799MB peak=5579MB elapsed=33244s
[wrapper-heartbeat] rss=3799MB peak=5579MB elapsed=33274s
[wrapper-heartbeat] rss=3799MB peak=5579MB elapsed=33304s
[wrapper-heartbeat] rss=3799MB peak=5579MB elapsed=33334s
[wrapper-heartbeat] rss=3799MB peak=5579MB elapsed=33364s
[wrapper-heartbeat] rss=3799MB peak=5579MB elapsed=33394s
[wrapper-heartbeat] rss=3799MB peak=5579MB elapsed=33424s
[wrapper-heartbeat] rss=3799MB peak=5579MB elapsed=33454s
[wrapper-heartbeat] rss=3799MB peak=5579MB elapsed=33484s
[wrapper-heartbeat] rss=3799MB peak=5579MB elapsed=33514s
[wrapper-heartbeat] rss=3799MB peak=5579MB elapsed=33544s
[wrapper-heartbeat] rss=3799MB peak=5579MB elapsed=33574s
  Processed 26953 officials. Updated: 26953, failed: 0

=== Congress committees pipeline ===
  Fetching committees-current.json...
    49 parent committees
  Fetching committee-membership-current.json...
    230 committee/subcommittee membership entries
  Flattened to 230 committees + subcommittees
  Found 230 existing committees in governing_bodies
[wrapper-heartbeat] rss=3800MB peak=5579MB elapsed=33604s
  Updated 230 existing committees
  Loaded 538 officials with bioguide IDs
  Built 3879 membership rows
    (skipped: 0 committees w/o governing_body match, 0 bioguide IDs not in officials)
  Inserted 3879 memberships across 230 committees

  ──────────────────────────────────────────────────
  Committees pipeline report
  ──────────────────────────────────────────────────
  Committees inserted:             0
  Committees updated:              230
  Memberships inserted:            3879
  Failed:                          0

=== Agency leadership pipeline ===
  44 federal agencies with wikidata_id
  58 officials with wikidata_id already in DB

  Pass 1: Wikidata SPARQL (P488 head + sub-Cabinet positions)
  CPSC: 1 leader(s) processed
  DOS: 7 leader(s) processed
  GSA: 1 leader(s) processed
  DHS: 2 leader(s) processed
  DOL: 1 leader(s) processed
  HUD: 1 leader(s) processed
  NASA: 1 leader(s) processed
  ED: 2 leader(s) processed
[wrapper-heartbeat] rss=3801MB peak=5579MB elapsed=33634s
  FTC: 1 leader(s) processed
  NRC: 2 leader(s) processed
  FDIC: 3 leader(s) processed
  FCC: 2 leader(s) processed
  STB: 1 leader(s) processed
  FLRA: 1 leader(s) processed
  DOJ: 7 leader(s) processed
  DOC: 1 leader(s) processed
  USDA: 1 leader(s) processed
  DOI: 4 leader(s) processed
  SEC: 3 leader(s) processed
[wrapper-heartbeat] rss=3801MB peak=5579MB elapsed=33664s
  DOT: 2 leader(s) processed
  CFTC: 1 leader(s) processed
  PRC: 1 leader(s) processed
  VA: 3 leader(s) processed
  DOD: 1 leader(s) processed
  DOE: 4 leader(s) processed
  SBA: 1 leader(s) processed
  FRS: 3 leader(s) processed

  17 agencies with no Wikidata leaders → enqueued for AI enrichment

  Pass 2: Congress.gov nominations (119th Congress, on/after 2025-01-03)
    Reached nominations older than 2025-01-03 — stopping pagination
  Congress.gov: 750 nominations scanned → confirmed matches for 15 agencies
[wrapper-heartbeat] rss=3802MB peak=5579MB elapsed=33694s

  ✓ Done. Inserted: 2, updated: 95, failed: 0

=== AI industry classifier ===
  Error fetching PACs: column financial_entities.name does not exist
[nightly] tag-industry — complete in 0.4s, 0 tagged
[nightly] refresh_spending_totals warning: canceling statement due to statement timeout
[nightly] rebuild_entity_connections — starting (direct pg)
[wrapper-heartbeat] rss=3803MB peak=5579MB elapsed=33724s
[wrapper-heartbeat] rss=3803MB peak=5579MB elapsed=33754s
[wrapper-heartbeat] rss=3803MB peak=5579MB elapsed=33784s
[wrapper-heartbeat] rss=3803MB peak=5579MB elapsed=33814s
[wrapper-heartbeat] rss=3803MB peak=5579MB elapsed=33844s
[wrapper-heartbeat] rss=3803MB peak=5579MB elapsed=33874s
[wrapper-heartbeat] rss=3803MB peak=5579MB elapsed=33904s
[wrapper-heartbeat] rss=3803MB peak=5579MB elapsed=33934s
[wrapper-heartbeat] rss=3803MB peak=5579MB elapsed=33964s
[wrapper-heartbeat] rss=3803MB peak=5579MB elapsed=33994s
[wrapper-heartbeat] rss=3803MB peak=5579MB elapsed=34024s
[wrapper-heartbeat] rss=3803MB peak=5579MB elapsed=34054s
[wrapper-heartbeat] rss=3803MB peak=5579MB elapsed=34084s
[wrapper-heartbeat] rss=3803MB peak=5579MB elapsed=34114s
[wrapper-heartbeat] rss=3803MB peak=5579MB elapsed=34144s
[wrapper-heartbeat] rss=3803MB peak=5579MB elapsed=34174s
[wrapper-heartbeat] rss=3803MB peak=5579MB elapsed=34204s
[wrapper-heartbeat] rss=3803MB peak=5579MB elapsed=34234s
[wrapper-heartbeat] rss=3803MB peak=5579MB elapsed=34264s
[wrapper-heartbeat] rss=3803MB peak=5579MB elapsed=34294s
[wrapper-heartbeat] rss=3803MB peak=5579MB elapsed=34324s
[wrapper-heartbeat] rss=3803MB peak=5579MB elapsed=34354s
[wrapper-heartbeat] rss=3803MB peak=5579MB elapsed=34384s
[wrapper-heartbeat] rss=3803MB peak=5579MB elapsed=34414s
[wrapper-heartbeat] rss=3803MB peak=5579MB elapsed=34444s
[wrapper-heartbeat] rss=3803MB peak=5579MB elapsed=34474s
[wrapper-heartbeat] rss=3803MB peak=5579MB elapsed=34504s
[wrapper-heartbeat] rss=3803MB peak=5579MB elapsed=34534s
[wrapper-heartbeat] rss=3803MB peak=5579MB elapsed=34564s
[wrapper-heartbeat] rss=3803MB peak=5579MB elapsed=34594s
[wrapper-heartbeat] rss=3803MB peak=5579MB elapsed=34624s
[wrapper-heartbeat] rss=3803MB peak=5579MB elapsed=34654s
[wrapper-heartbeat] rss=3803MB peak=5579MB elapsed=34684s
[wrapper-heartbeat] rss=3803MB peak=5579MB elapsed=34714s
[wrapper-heartbeat] rss=3803MB peak=5579MB elapsed=34744s
[wrapper-heartbeat] rss=3803MB peak=5579MB elapsed=34774s
[wrapper-heartbeat] rss=3803MB peak=5579MB elapsed=34804s
[wrapper-heartbeat] rss=3803MB peak=5579MB elapsed=34834s
[wrapper-heartbeat] rss=3803MB peak=5579MB elapsed=34864s
[wrapper-heartbeat] rss=3803MB peak=5579MB elapsed=34894s
[nightly] rebuild_entity_connections failed: canceling statement due to statement timeout

=== Rule-based tagger ===

  [1/3] Tagging proposals...
    Processing 1000 proposals
[wrapper-heartbeat] rss=3805MB peak=5579MB elapsed=34924s
    Upserted 19 proposal tags

  [2/3] Tagging officials...
    Processing 1000 officials
    Upserted 213 official tags

  [3/3] Tagging financial entities...
    Upserted 133 financial entity tags

  [4/4] Tagging pre-vote timing connections...
    Upserted 102 pre-vote timing tags

  ─────────────────────────────────────────────────
  Rule-based tagger report
  ─────────────────────────────────────────────────
  Proposal tags:                   19
  Official tags:                   213
  Financial entity tags:           133
  Pre-vote timing tags:            102
  Total:                           467

=== AI tagger ===
  Only new: true | Model: claude-haiku-4-5-20251001
  Mode: queue — staging to enrichment_queue, no API calls
[wrapper-heartbeat] rss=3806MB peak=5579MB elapsed=34954s
[wrapper-heartbeat] rss=3805MB peak=5579MB elapsed=34984s
[wrapper-heartbeat] rss=3805MB peak=5579MB elapsed=35014s
[wrapper-heartbeat] rss=3805MB peak=5579MB elapsed=35044s
  [queue] proposals=1000 officials=997 {"created":170,"retried":0,"skipped_done":0,"skipped_pending":1827}

═══ AI Summaries Pipeline ════════════════════════════════
    Mode: incremental (new entities only)
    Time: 2026-05-13T12:44:07.236Z
    Mode: queue — staging to enrichment_queue, no API calls
    [queue] proposals=100 officials=2 {"created":0,"retried":0,"skipped_done":64,"skipped_pending":38}
[wrapper-heartbeat] rss=3805MB peak=5579MB elapsed=35074s
[wrapper-heartbeat] rss=3805MB peak=5579MB elapsed=35104s

  Nightly sync complete: 2026-05-13T12:45:04.143Z
  Duration: 35104.7s
  Errors (4): IRS 990: officials load failed: TypeError: fetch failed; LittleSis: fetch failed; EDGAR: preloadCikBindings: TypeError: fetch failed; Rebuild entity_connections: canceling statement due to statement timeout
========================================================================
COMPLETED in 585.10 min (peak RSS 5579 MB)
========================================================================
{
  "started_at": "2026-05-13T02:59:59.423Z",
  "completed_at": "2026-05-13T12:45:04.143Z",
  "duration_ms": 35104720,
  "is_weekly": true,
  "pipelines": {
    "regulations": {
      "status": "complete",
      "rows_added": 0,
      "duration_ms": 4149
    },
    "congress_officials": {
      "status": "complete",
      "rows_added": 536,
      "duration_ms": 33034
    },
    "congress_votes": {
      "status": "complete",
      "rows_added": 0,
      "duration_ms": 174319
    },
    "openstates_bulk_people": {
      "status": "complete",
      "rows_added": 7355,
      "duration_ms": 19330
    },
    "edgar_daily": {
      "status": "complete",
      "rows_added": 0,
      "duration_ms": 478
    },
    "fec_bulk": {
      "status": "complete",
      "rows_added": 5708388,
      "duration_ms": 30150493
    },
    "irs990": {
      "status": "failed",
      "error": "officials load failed: TypeError: fetch failed"
    },
    "littlesis": {
      "status": "failed",
      "error": "fetch failed"
    },
    "edgar": {
      "status": "failed",
      "error": "preloadCikBindings: TypeError: fetch failed"
    },
    "usaspending": {
      "status": "complete",
      "rows_added": 0,
      "duration_ms": 16
    },
    "courtlistener": {
      "status": "complete",
      "rows_added": 256,
      "duration_ms": 312241
    },
    "openstates": {
      "status": "complete",
      "rows_added": 1307,
      "duration_ms": 1643437
    },
    "agencies_hierarchy": {
      "status": "complete",
      "rows_added": 1,
      "duration_ms": 715
    },
    "opm_fte": {
      "status": "complete",
      "rows_added": 31,
      "duration_ms": 7185
    },
    "plum_book": {
      "status": "complete",
      "rows_added": 0,
      "duration_ms": 515
    },
    "elections": {
      "status": "complete",
      "rows_added": 26953,
      "duration_ms": 1250009
    },
    "congress_committees": {
      "status": "complete",
      "rows_added": 4109,
      "duration_ms": 11222
    },
    "agency_leadership": {
      "status": "complete",
      "rows_added": 97,
      "duration_ms": 88605
    },
    "agency_enrichment": {
      "status": "not_scheduled"
    },
    "entity_connections_rebuild": {
      "status": "failed",
      "error": "canceling statement due to statement timeout"
    }
  },
  "ai": {
    "tag_industry": {
      "status": "complete",
      "entities": 0,
      "cost_usd": 0
    },
    "tag_rules": {
      "status": "complete"
    },
    "tag_ai": {
      "status": "complete",
      "entities": 170,
      "cost_usd": 0
    },
    "ai_summaries": {
      "status": "complete"
    }
  },
  "total_ai_cost_usd": 0,
  "errors": [
    "IRS 990: officials load failed: TypeError: fetch failed",
    "LittleSis: fetch failed",
    "EDGAR: preloadCikBindings: TypeError: fetch failed",
    "Rebuild entity_connections: canceling statement due to statement timeout"
  ],
  "wrapper_peak_rss_mb": 5579
}
WRAPPER EXIT=1
